"Stand_Name","Plot_ID","CWD_Subplot_ID","Date","Species","Status","Length","Endpoint_1_Diameter","Midpoint_Diameter","Endpoint_2_Diamteter","Decay_Class_Whole_Piece","Average_Diameter","Estimated_Volume_Tapered","Estimated_Biomass_Tapered"
"1911","AC103",120,2014-05-08,"POGR",NA,0.75,7,5.6,6.2,2,6.3,21.99900256,8.314614926
"1911","AC103",120,2014-05-08,NA,NA,1.84,6,7.3,5,2,6.1,59.70324567,25.75676779
"1911","AC103",120,2014-05-08,"POGR",NA,0.83,5,5.5,5.4,4,5.3,18.67202976,4.991589337
"1911","AC103",240,2014-05-08,"POGR",NA,0.86,18.3,24.6,32.6,4,25.2,434.547007,116.1673495
"1911","AC103",0,2014-05-08,"POGR",NA,0.23,6.6,6.6,5,4,6.1,6.99203333,1.869178631
"1911","AC103",120,2014-05-08,NA,NA,0.2,5.2,6.1,6,5,5.8,5.387307802,0.865599519
"1911","AC103",120,2014-05-08,"ACRU",NA,0.54,6.2,6.7,14.7,3,9.2,34.23597718,10.61315293
"1911","AC103",240,2014-05-08,"ACRU",NA,0.77,5,5.6,5.4,3,5.3,17.65082888,5.471756954
"1911","AC103",0,2020-06-19,"POGR",NA,2.53,13.7,11.5,11.6,3,12.3,29899,8500.420112
"1911","AC103",120,2020-06-19,NA,NA,1.91,5,5.2,6,3,5.4,4374,1468.022529
"1911","AC103",240,2020-06-19,NA,NA,1.24,5.7,6.7,6.3,4,6.2,3784,952.435305
"1911","AC103",240,2020-06-19,NA,NA,0.62,5.4,5,5.4,4,5.3,1351,339.966756
"1911","AC103",120,2014-05-08,"PIST","Stump",0.93,62,73,97,5,77.3,4323.844655,NA
"1911","AC103",0,2020-06-19,"QURU",NA,0.84,6.8,6.2,6.4,2,6.5,2759,1634.626264
"1911","AC103",120,2020-06-19,"POGR",NA,0.42,26.3,25.3,21.9,4,24.5,19800,5292.61495
"1911","AC103",120,2020-06-19,"QURU",NA,2.11,5.7,5.9,7.6,1,6.4,6788,5454.038078
"1911","AC103",120,2020-06-19,"QURU",NA,1.59,6.5,6.3,6.5,1,6.4,5168,4152.838053
"1911","AC103",120,2020-06-19,"QURU",NA,3.68,9.3,10.4,13.3,1,11,34972,28100.17027
"1911","AC103",120,2020-06-19,"QURU",NA,4.79,9.2,7.4,5,2,7.2,19503,11555.23394
"1911","AC103",120,2020-06-19,NA,NA,1.97,5.9,5.8,5.2,3,5.6,4910,1647.816926
"1911","AC103",0,2014-05-08,"PIST","Stump",0.3,20.2,17.8,10.7,1,16.2,67.00349542,40.1141126
"1911","AC103",0,2020-06-19,"QURU",NA,1.58,6,5,6.3,2,5.8,4127,2445.034659
"1911","AC103",0,2014-05-08,"QURU",NA,0.25,5,9.2,5,5,6.4,10.18661418,2.384686379
"1911","AC103",120,2014-05-08,"QURU",NA,2.28,5,6.8,6.3,3,6,69.8405892,30.06148481
"1911","AC103",0,2020-06-19,"QURU",NA,1.2,7.3,6.6,5,2,6.3,3741,2216.361416
"1911","AC103",0,2020-06-19,"QURU",NA,2,5,6,6.2,2,5.7,5163,3059.30387
"1911","AC103",0,2020-06-19,"QURU",NA,1.09,5,6.3,5.5,2,5.6,2685,1590.672555
"1911","AC103",0,2020-06-19,"QURU",NA,2.18,8.5,8.3,5,2,7.3,9041,5356.79723
"1911","AC103",0,2020-06-19,"QURU",NA,0.85,5.5,5.1,5,2,5.2,1805,1069.55679
"1911","AC104",120,2014-05-08,"POGR",NA,1.13,5,6,5.9,5,5.6,29.17064336,1.98258954
"1911","AC104",240,2014-05-08,NA,NA,2.2,5,7.4,6.6,5,6.3,76.00350387,12.21177605
"1911","AC104",0,2014-05-08,"POGR",NA,1.02,12,12,13.7,4,12.6,123.9164308,33.12655041
"1911","AC104",120,2014-05-08,"POGR",NA,0.88,6.5,6.6,5.5,4,6.2,27.51008911,7.354265672
"1911","AC104",240,2014-05-08,NA,NA,1.38,11,10.9,9.3,5,10.4,120.3759345,19.34126558
"1911","AC104",120,2014-05-08,"POGR",NA,0.66,6.2,5.7,5,4,5.6,16.6100716,4.440366546
"1911","AC104",240,2014-05-08,"POGR",NA,1.01,7.3,6.9,6.4,3,6.9,37.5472682,10.67433718
"1911","AC104",120,2014-05-08,"POGR",NA,0.56,17.1,14.8,14.7,4,15.5,103.8876519,27.77226164
"1911","AC104",120,2014-05-08,"POGR",NA,4.2,14.7,12.8,10,4,12.5,527.7490813,141.0830382
"1911","AC104",240,2020-06-19,"POGR",NA,0.66,17.3,17.4,17.2,5,17.3,15514,1054.957432
"1911","AC104",120,2020-06-19,"POGR",NA,0.95,23.3,28.5,14.1,2,22,36003,13609.23164
"1911","AC104",120,2014-05-08,"POGR",NA,1.13,5,6.6,7.1,4,6.2,35.85351779,9.584712504
"1911","AC104",0,2014-05-08,"QURU",NA,0.39,5,5.2,5,3,5.1,7.968021447,3.429675472
"1911","AC104",120,2014-05-08,"QURU",NA,2.54,5.3,7.2,10.4,1,7.6,117.357309,94.27899418
"1911","AC104",120,2014-05-08,"POGR",NA,1.84,7,9,9.8,5,8.6,110.3695953,7.501295141
"1911","AC104",120,2014-05-08,"POGR",NA,1.23,5,5.8,6.5,5,5.8,32.39936285,2.202030209
"1911","AC104",120,2020-06-19,"POGR",NA,0.41,30.3,32.7,41,2,34.7,38699,14628.16017
"1911","AC104",0,2020-06-19,NA,NA,0.64,6.8,7,9.5,3,7.8,3032,1017.562609
"1911","AC107",120,2014-05-23,"POGR",NA,0.93,7.1,7,6.7,3,6.9,35.29147377,10.03303592
"1911","AC107",120,2014-05-23,"POGR",NA,0.74,6.2,6.7,5.7,4,6.2,23.29040658,6.22621893
"1911","AC107",0,2014-05-23,"POGR",NA,0.56,5.4,5.2,5,4,5.2,11.89867746,3.180870654
"1911","AC107",120,2020-07-07,"POGR",NA,0.31,6.3,5.8,5.3,3,5.8,819,232.854386
"1911","AC107",240,2014-05-23,"PIST","Stump",0.66,77,85,154.5,4,105.5,5522.874725,NA
"1911","AC107",0,2014-05-23,"POGR",NA,0.5,5,5.3,5.6,3,5.3,11.04269818,3.139335811
"1911","AC107",240,2014-05-23,"PIST",NA,0.32,9.6,9.1,5,5,7.9,17.41028761,1.183294234
"1911","AC107",120,2020-07-07,"POGR",NA,0.23,5.1,6.2,5.7,3,5.7,580,164.911108
"1911","AC107",240,2020-07-07,NA,NA,1.14,5.5,7.3,5,4,5.9,3152,793.369396
"1911","AC107",240,2014-05-23,"PIST",NA,0.38,7.2,6.2,6.6,4,6.7,12.82544729,3.428623817
"1911","AC107",120,2020-07-07,"POGR",NA,1.25,5.8,5.1,5,4,5.3,2758,737.141042
"1911","AC107",0,2020-07-07,"PIST",NA,1.65,5,5.6,6,1,5.5,3968,2375.509384
"BP52","BF7",0,2020-07-06,NA,NA,2.73,10.2,16.7,19.5,4,15.5,51292,12910.08779
"BP52","BF7",0,2020-07-06,"ACRU",NA,2.56,5.3,6.3,7.2,2,6.3,7896,3229.433483
"BP52","BF7",0,2020-07-06,"QURU",NA,0.51,5.8,5.8,6.3,2,6,1426,844.912946
"BP52","BF7",0,2020-07-06,"QURU",NA,2.95,7.1,9,10,4,8.7,17537,5390.812984
"BP52","BF7",0,2020-07-06,"PIST","Stump",0.52,64.5,63.9,73.7,4,67.4,185346,49543.00003
"BP52","BF7",120,2020-07-06,NA,NA,0.63,8.3,7.7,6.1,5,7.4,2685,431.507497
"BP52","BF7",0,2014-05-23,"ACRU",NA,1.57,5,5.3,6,2,5.4,36.06333691,14.7499048
"BP52","BF7",120,2014-05-23,"PIST",NA,0.81,7.6,5.4,5,2,6,22.17273263,8.380276933
"BP52","BF7",0,2020-07-06,"QURU",NA,0.65,16.4,17.5,18.9,5,17.6,15814,3701.945215
"BP52","BF7",0,2014-05-23,"QURU",NA,4.31,6.4,8.6,8.6,3,7.9,221.0673824,95.15403341
"BP52","BF7",240,2020-07-06,"POGR",NA,1.15,6.4,5.3,5.7,2,5.8,3038,1148.511925
"BP52","BF7",240,2020-07-06,"POGR",NA,1.5,6.2,5.7,5.5,3,5.8,3963,1126.714769
"BP52","BF7",0,2014-05-23,"QURU",NA,3.21,6.8,7.2,5,2,6.3,109.198462,64.70008872
"BP52","BF7",240,2020-07-06,"POGR","Stump",0.81,9.6,9.4,10.7,3,9.9,6235,1772.646547
"BP52","BF7",240,2020-07-06,"POGR",NA,2.05,9.7,8.3,7,3,8.3,11181,3178.762712
"BP52","BF7",240,2020-07-06,"POGR",NA,0.63,5.4,6.1,6.7,4,6.1,1821,486.776559
"BP52","BF7",240,2020-07-06,"QURU",NA,1.37,6.9,7.3,7.6,2,7.3,5682,3366.427617
"BP52","BF7",120,2020-07-06,"POGR",NA,0.22,5.1,5.2,5.6,3,5.3,485,137.987949
"BP52","BF7",120,2014-05-23,"POGR",NA,3.13,10.9,9.3,9.7,4,10,236.5946256,63.24878578
"BP52","BF7",120,2014-05-23,"POGR",NA,0.38,7.6,7.7,7.4,4,7.6,17.24053688,4.608908683
"BP52","BF7",240,2014-05-23,"QURU",NA,0.3,5.6,5.6,5,3,5.4,7.007322414,3.016161787
"BP52","BF7",0,2014-05-23,"QURU",NA,2.83,5,6.3,6.2,5,5.8,79.04579602,18.50462085
"BP52","BF7",0,2014-05-23,"QURU",NA,1.22,5.1,6.3,6.6,3,6,35.55827353,15.30534768
"BP52","BF8",0,2020-07-06,"POGR",NA,0.5,5.1,5.2,5,3,5.1,1021,290.386952
"BP52","BF8",0,2014-05-23,"POGR",NA,1.46,10,10.3,11.2,4,10.5,125.3666686,33.51424211
"BP52","BF8",0,2014-05-23,"BEPA",NA,1.11,9.9,11.9,14.7,5,12.2,129.3245255,21.77873781
"BP52","BF8",240,2014-05-23,"ACRU",NA,1.54,6.1,6,5,2,5.7,40.48039,16.55647951
"BP52","BF8",0,2014-05-23,"BEPA",NA,0.58,13.7,12.6,14.8,5,13.7,82.24990636,13.85119442
"BP52","BF8",0,2014-05-23,"BEPA",NA,0.68,11.4,11.2,12.3,5,11.6,70.99313483,11.95551164
"BP52","BF8",240,2014-05-23,"POGR",NA,1.16,9.2,10.6,9.6,5,9.8,91.22766187,6.200309194
"BP52","BF8",0,2014-05-23,"POGR",NA,1.44,9.2,9.2,9.4,3,9.3,96.7736201,27.51183509
"BP52","BF8",0,2014-05-23,"BEPA",NA,1.25,14.7,14,14.3,5,14.3,199.3896862,33.57797511
"BP52","BF8",0,2014-05-23,"POGR",NA,2.35,8.2,7.7,7,1,7.6,108.2371608,64.80016644
"BP52","BF8",0,2020-07-06,"POGR",NA,0.78,7.5,9,10.5,3,9,4962,1410.737993
"BP52","BF8",0,2014-05-23,"POGR",NA,1.09,8,7.8,8.5,3,8.1,55.16462603,15.68278723
"BP52","BF8",240,2020-07-06,"ACRU",NA,1.75,8.7,7.5,6.3,2,7.5,7731,3162.086637
"BP52","BF8",0,2020-07-06,"POGR","Stump",0.45,11.9,11.1,11,3,11.3,4540,1290.608674
"BP52","BF8",0,2014-05-23,"POGR",NA,1.64,7.5,12.7,8.2,5,9.5,138.5644469,9.417564768
"BP52","BF8",0,2020-07-06,"POGR",NA,0.32,6.5,6,5.4,3,6,895,254.378424
"BP36","BP361",0,2014-05-23,"POGR",NA,0.29,5.3,5.2,5,1,5.2,6.101457262,3.652862319
"BP36","BP361",240,2014-05-23,"POGR",NA,0.45,12.3,11,11.6,5,11.6,46.57901983,3.165753884
"BP36","BP361",120,2014-05-23,"POGR",NA,1.71,6.9,8.1,8,4,7.7,81.369763,21.75255967
"BP36","BP361",120,2014-05-23,"POGR",NA,0.68,5.9,5.4,5,3,5.4,15.75419704,4.478770872
"BP36","BP361",240,2020-07-14,"POGR","Stump",0.7,14,12,9,4,11.7,7483,2000.232408
"BP36","BP361",0,2014-05-23,"POGR",NA,5.9,12.1,14.7,16.6,3,14.5,985.4961479,280.1673377
"BP36","BP361",0,2020-07-14,"PIST",NA,0.35,6.5,5.4,5.1,1,5.7,883,528.472651
"BP36","BP361",240,2014-05-23,"POGR",NA,3.34,7.5,7.6,5,4,6.7,127.5632963,34.1014661
"BP36","BP361",120,2014-05-23,"POGR",NA,0.53,5.1,5,5.2,1,5.1,10.72219028,6.41923448
"BP36","BP361",240,2014-05-23,"POGR",NA,4.49,6.1,7.2,8.6,3,7.3,188.4822205,53.58373245
"BP36","BP361",120,2020-07-14,"POGR",NA,0.81,9.6,8.7,8,3,8.8,4889,1390.019035
"BP36","BP361",240,2014-05-23,"POGR",NA,0.43,13.5,10.8,8.9,5,11.1,41.46428446,2.818129708
"BP36","BP361",120,2014-05-23,"PIST","Stump",0.7,40.4,49.4,53,3,47.6,736.2609054,209.3120893
"BP36","BP361",120,2014-05-23,"PIST","Stump",0.42,32,19,7.5,1,19.5,140.3447613,84.02256513
"BP36","BP361",240,2020-07-14,"POGR",NA,2.51,7.4,8.3,5.7,5,7.1,10031,682.114926
"BP36","BP361",0,2014-05-23,"POGR","Stump",0.55,43.6,11.2,7.3,4,20.7,199.8007767,NA
"BP36","BP361",0,2020-07-14,"POGR",NA,0.2,5,5,5.2,2,5.1,403,152.425049
"BP36","BP361",0,2020-07-14,"POGR",NA,0.5,12.1,15.2,16.3,5,14.5,8295,564.026186
"BP36","BP361",120,2020-07-14,"POGR",NA,0.87,6.5,5,5,3,5.5,2067,587.640031
"BP36","BP361",120,2020-07-14,"POGR",NA,1.16,6.4,5.5,6.5,3,6.1,3427,974.356455
"BP36","BP361",120,2020-07-14,"POGR",NA,0.95,8.2,10,8.2,5,8.8,5778,392.90517
"BP36","BP361",120,2020-07-14,"POGR",NA,2.05,14.5,13.6,10,5,12.7,25969,1765.875565
"BP36","BP362",120,2020-07-14,"POGR",NA,3.13,12.2,11.3,10.5,2,11.3,31575,11935.51996
"BP36","BP362",240,2020-07-14,"POGR",NA,0.7,5,5.1,5,2,5,1393,526.491188
"BP36","BP362",0,2020-07-14,"POGR","Stump",0.77,13.7,12.2,10,4,12,8660,2314.866516
"BP36","BP362",0,2020-07-14,"POGR","Stump",0.67,15.3,11.2,10.3,5,12.3,7918,538.42687
"BP36","BP362",120,2020-07-14,"PIST",NA,0.54,9.1,7.2,5.8,2,7.4,2302,869.996447
"BP36","BP362",0,2020-07-14,"POGR",NA,2.57,7.9,11.2,10.8,4,10,20050,5359.469832
"BP36","BP362",0,2020-07-14,"POGR",NA,2.32,10.9,11.9,9.3,5,10.7,20861,1418.581639
"BP36","BP362",120,2014-05-23,NA,NA,0.78,7,7.7,6.5,3,7.1,32.12219426,10.78090555
"BP36","BP362",240,2014-05-23,"POGR",NA,1.15,14.7,13,10.9,4,12.9,151.3926955,40.47177379
"BP36","BP362",240,2014-05-23,"POGR",NA,0.64,11.4,10.4,10.5,4,10.8,57.32694498,15.32519876
"BP36","BP362",240,2014-05-23,"POGR",NA,0.48,8.8,9.3,9.2,4,9.1,31.57049289,8.439732463
"BP36","BP362",120,2020-07-14,"POGR",NA,2.07,8.5,8.1,10.6,3,9.1,13365,3799.551935
"BP36","BP362",120,2020-07-14,"POGR",NA,0.98,5.5,6.5,7.3,3,6.4,3186,905.659455
"BP36","BP362",120,2020-07-14,NA,NA,0.93,9.4,9.5,10.2,3,9.7,6873,2306.419231
"BP36","BP362",240,2014-05-23,"POGR",NA,0.5,5.4,6.4,5.2,5,5.7,13.48005048,0.916174757
"BP36","BP362",0,2014-05-23,"POGR",NA,2.35,5.4,6.7,7.3,1,6.5,79.1553067,47.3892424
"BP36","BP362",240,2020-07-14,"POGR",NA,0.68,7,7.3,8.3,2,7.5,3031,1145.684303
"BP36","BP362",240,2020-07-14,"POGR",NA,1.3,6.7,6.8,6,3,6.5,4314,1226.413173
"BP36","BP362",240,2020-07-14,"POGR",NA,1.55,5.1,5.5,6.4,3,5.7,3909,1111.357469
"BP36","BP362",120,2014-05-23,"POGR",NA,1.26,7.6,7,7.1,3,7.2,50.97603218,14.49200918
"BP36","BP362",240,2014-05-23,"POGR",NA,2.95,20.4,17.3,17.8,4,18.5,769.388869,205.680546
"BP36","BP362",240,2014-05-23,"PIST","Stump",0.25,24,15.5,7,1,15.5,51.90172863,31.07288319
"BP36","BP362",120,2014-05-23,"PIST","Stump",0.48,61,58,50,4,56.3,1218.121136,NA
"BP36","BP362",240,2014-05-23,"POGR",NA,0.29,5,5.2,6.2,2,5.5,6.672009758,2.521713963
"BP36","BP362",240,2014-05-23,"POGR",NA,0.56,7.3,7.2,7.6,4,7.4,23.60456584,6.310203052
"BP36","BP362",240,2014-05-23,"POGR",NA,0.29,9.3,9.6,10,4,9.6,21.10968313,5.643246641
"BP36","BP362",240,2014-05-23,"POGR",NA,0.84,7.8,8,8.6,5,8.1,43.32256269,2.944428019
"BP36","BP362",120,2014-05-23,"POGR",NA,0.89,5.2,5.1,6.6,4,5.6,21.296333,5.693143708
"BP36","BP362",0,2014-05-23,"POGR",NA,0.9,5.6,6.1,5,1,5.6,23.02473256,13.78460495
"BP36","BP362",120,2014-05-23,"POGR",NA,0.85,6,5.9,5,5,5.6,21.75448193,1.478548409
"BP1954","BP541",0,2014-05-19,"POGR",NA,0.97,5.4,6,5.1,5,5.5,24.14639895,1.641115604
"BP1954","BP541",0,2014-05-19,"POGR",NA,1.15,6,7.3,5.2,5,6.2,37.84139981,2.571899513
"BP1954","BP541",0,2014-05-19,"POGR",NA,0.45,5.6,5.9,5,5,5.5,11.10474463,0.754736544
"BP1954","BP541",240,2020-07-07,"POGR",NA,1.5,11.8,10.8,10.4,3,11,14255,4052.689866
"BP1954","BP541",120,2014-05-19,"POGR",NA,0.87,7,6.6,6.8,3,6.8,31.1400947,8.852837675
"BP1954","BP541",120,2014-05-19,"POGR",NA,0.38,5,5,5,1,5,7.461282552,4.466971858
"BP1954","BP541",0,2020-07-07,"POGR",NA,1.19,5.2,5,5.3,3,5.2,2495,709.307561
"BP1954","BP541",240,2020-07-07,"POGR","Stump",0.5,11.6,10.9,10.9,3,11.1,4868,1383.84411
"BP1954","BP541",240,2020-07-07,"POGR","Stump",0.27,9,5.3,5.3,3,6.5,905,257.335759
"BP1954","BP541",0,2020-07-07,"POGR",NA,0.72,5.4,6,6.2,1,5.9,1946,1165.237525
"BP1954","BP541",0,2020-07-07,"POGR",NA,2.11,6.9,6.8,6.3,2,6.7,7365,2784.07941
"BP1954","BP541",0,2020-07-07,"POGR",NA,0.63,6.5,5.3,5.3,2,5.7,1608,607.675801
"BP1954","BP541",0,2020-07-07,"POGR",NA,1.09,6.6,6.5,7.3,2,6.8,3959,1496.32525
"BP1954","BP541",0,2020-07-07,"POGR",NA,1.96,6.1,5.8,5,2,5.6,4885,1846.582232
"BP1954","BP541",240,2020-07-07,"POGR","Stump",0.35,16.8,13.8,13.7,3,14.8,5994,1704.118254
"BP1954","BP541",240,2020-07-07,"POGR",NA,0.33,7.5,6.5,5.2,2,6.4,1062,401.287442
"BP1954","BP541",120,2014-05-19,"POGR",NA,0.48,5,5.5,5,3,5.2,10.39867168,2.956245102
"BP1954","BP541",120,2014-05-19,"POGR",NA,2.3,6.2,5.6,6,4,5.9,61.86371894,16.53801348
"BP1954","BP541",120,2014-05-19,"POGR","Stump",0.83,9,7.6,6.4,4,7.7,38.51744437,NA
"BP1954","BP541",240,2020-07-07,"POGR",NA,1.24,12,11.1,10.9,2,11.3,12509,4728.448802
"BP1954","BP541",0,2020-07-07,"POGR",NA,0.81,5.5,5.2,5,1,5.2,1742,1043.136048
"BP1954","BP541",0,2020-07-07,"POGR",NA,4.67,5,6.5,8.4,1,6.6,16139,9662.280998
"BP1954","BP541",240,2020-07-07,"POGR",NA,1.21,9.7,8.4,8.3,3,8.8,7359,2092.268688
"BP1954","BP541",240,2020-07-07,"POGR",NA,2.05,9.5,10.5,11.2,3,10.4,17414,4950.93564
"BP1954","BP541",240,2020-07-07,"POGR",NA,1.97,16.9,14,15.4,3,15.4,36853,10477.37383
"BP1954","BP541",120,2020-07-07,"ACRU",NA,2.06,8.4,8,7.8,2,8.1,10528,4305.946527
"BP1954","BP541",120,2020-07-07,"POGR",NA,0.65,5.1,5,5.9,2,5.3,1452,548.899068
"BP1954","BP541",120,2020-07-07,"POGR",NA,2.65,5,6,7.2,2,6.1,7660,2895.528351
"BP1954","BP541",120,2020-07-07,"POGR",NA,0.63,5.4,5,5.2,3,5.2,1338,380.376763
"BP1954","BP541",240,2020-07-07,"POGR",NA,0.87,5,5.6,6.9,2,5.8,2325,878.889997
"BP1954","BP541",240,2020-07-07,"POGR",NA,1.06,8.5,9.3,8.9,2,8.9,6594,2492.685915
"BP1954","BP541",240,2020-07-07,"POGR",NA,1.48,10.3,9.8,10.5,2,10.2,12093,4571.342277
"BP1954","BP541",0,2020-07-07,"POGR",NA,2.2,7,7.1,5.6,3,6.6,7451,2118.260485
"BP1954","BP541",240,2020-07-07,"POGR",NA,2.9,10.4,7.9,7.7,2,8.7,17108,6466.71715
"BP1954","BP541",240,2020-07-07,"POGR",NA,0.85,10.6,10.7,12,2,11.1,8225,3109.185005
"BP1954","BP541",240,2020-07-07,"POGR",NA,0.33,6.4,6.7,6.8,2,6.6,1140,431.08138
"BP1954","BP541",120,2020-07-07,"ACRU",NA,0.8,10.5,9.5,9.2,1,9.7,5953,3311.998894
"BP1954","BP541",120,2020-07-07,"ACRU",NA,1.33,7.3,7.2,6.7,2,7.1,5216,2133.506856
"BP1954","BP541",0,2020-07-07,"POGR",NA,1.06,5.4,6.4,6.7,4,6.2,3166,846.244098
"BP1954","BP541",0,2020-07-07,"POGR",NA,1.59,6.1,5,5,4,5.4,3597,961.380274
"BP1954","BP541",0,2020-07-07,"POGR",NA,1.93,5,5.3,5,3,5.1,3943,1120.893633
"BP1954","BP541",0,2020-07-07,"POGR","Stump",0.2,7,7.2,7.9,3,7.4,852,242.347629
"BP1954","BP542",0,2020-07-08,"POGR",NA,1.28,6.2,6.5,7,1,6.6,4335,2595.368636
"BP1954","BP542",240,2014-05-19,"QURU",NA,1.63,8.5,8.2,7.6,2,8.1,84.60195133,50.12665617
"BP1954","BP542",240,2014-05-19,"QURU",NA,0.82,5.7,5.9,6.7,3,6.1,23.63147882,10.17169743
"BP1954","BP542",0,2014-05-19,"POGR",NA,1.14,14,13.5,7,5,11.5,133.2585064,9.056945288
"BP1954","BP542",240,2020-07-08,"QURU",NA,0.52,5.2,5,5,2,5.1,1048,621.192561
"BP1954","BP542",240,2020-07-08,"PIST","Stump",0.31,9.8,21.2,26.9,4,19.3,9069,2424.181608
"BP1954","BP542",240,2014-05-19,"PIST","Stump",0.43,5,16.9,19,2,13.6,76.70886996,28.99243788
"BP1954","BP542",240,2014-05-19,"POGR",NA,4.46,5,6.4,8,3,6.5,148.3584668,42.17692452
"BP1954","BP542",240,2014-05-19,"POGR",NA,3.95,8.3,7.3,6.1,3,7.2,164.3196947,46.71455236
"BP1954","BP542",120,2020-07-08,"POGR",NA,1.54,8.1,6.7,7.5,4,7.4,6683,1786.392051
"BP1954","BP542",120,2020-07-08,"POGR","Stump",0.22,8.1,6.5,5,3,6.5,738,209.680988
"BP1954","BP542",240,2020-07-08,"POGR",NA,1.1,13,13,12.2,5,12.7,14008,952.523492
"BP1954","BP542",240,2020-07-08,"QURU",NA,0.66,5,5,5,2,5,1296,767.824879
"BP1954","BP542",120,2020-07-08,"POGR",NA,1.32,6.7,7.1,6.4,3,6.7,4700,1336.290564
"BP1954","BP542",120,2020-07-08,"POGR",NA,2.95,11.1,6.4,5.1,3,7.5,13149,3738.205102
"BP1954","BP542",0,2020-07-08,"POGR",NA,1.41,7.3,7.6,6.1,2,7,5426,2051.147414
"BP1954","BP542",0,2020-07-08,"POGR",NA,0.3,5.3,5.5,6.2,4,5.7,757,202.239242
"BP1954","BP542",120,2020-07-08,"POGR",NA,2.81,8.9,8.2,6.1,4,7.7,13199,3528.000357
"BP1954","BP542",0,2014-05-19,"POGR",NA,4.49,13.8,10.5,7.8,3,10.7,410.5831477,116.7249488
"BP1954","BP542",120,2020-07-08,"POGR",NA,3.17,7.5,10.6,10.1,3,9.4,21999,6254.343222
"BP1954","BP542",240,2020-07-08,"POGR","Stump",0.75,10.3,9.5,7.6,3,9.1,4914,1396.968523
"BP80","BP801",120,2014-05-28,NA,NA,1.34,5.3,5.2,5,2,5.2,28.19294045,12.16280643
"BP80","BP801",0,2014-05-28,NA,NA,0.53,7.4,7.1,5,5,6.5,18.63600616,2.994318973
"BP80","BP801",120,2020-07-08,"PIST",NA,0.26,7.6,9,8.3,3,8.3,1407,399.941318
"BP80","BP801",240,2020-07-08,NA,NA,0.31,5,5.2,5.6,4,5.3,675,169.983378
"BP80","BP801",240,2014-05-28,"PIST",NA,0.55,6.6,5.8,5,3,5.8,14.6235902,4.157349923
"BP80","BP801",240,2014-05-28,"PIST",NA,0.72,6.2,7.6,5,3,6.3,24.88895364,7.075696737
"BP80","BP801",0,2014-05-28,"POGR",NA,1.2,5.7,5.4,5,4,5.4,27.26745344,7.289401934
"BP80","BP801",0,2014-05-28,"POGR",NA,0.6,5,7,5,2,5.7,17.12167996,6.471210474
"BP80","BP801",120,2014-05-28,"PIST","Stump",0.35,26.5,14.5,11.5,3,17.5,65.24327087,18.5480517
"BP80","BP801",240,2014-05-28,"PIST","Stump",0.22,18,13.3,9.5,2,13.6,26.98467083,10.19896908
"BP80","BP801",0,2014-05-28,"POGR","Stump",0.67,7.1,5.7,5.9,3,6.2,13.03285458,3.705118663
"BP80","BP801",0,2020-07-08,"POGR","Stump",1.07,7.2,5.9,5.7,1,6.3,3300,1975.859713
"BP80","BP801",0,2020-07-08,"POGR",NA,1.44,5.5,5.2,5.1,1,5.3,3137,1878.163067
"BP80","BP801",0,2020-07-08,"POGR",NA,1.76,5.1,5.5,6.9,2,5.8,4704,1777.984362
"BP80","BP802",240,2014-05-28,"POGR",NA,1.17,5.9,6.1,5.2,3,5.7,31.24007589,8.881261391
"BP80","BP802",120,2014-05-27,"POGR",NA,1.11,7.6,5,5,3,5.9,28.44366573,8.086268137
"BP80","BP802",120,2014-05-27,NA,NA,0.25,11.8,12.1,11.9,5,11.9,28.15783315,4.524227633
"BP80","BP802",0,2014-05-27,"POGR",NA,0.34,10.7,11.7,11.6,2,11.3,34.88105087,13.18343891
"BP80","BP802",0,2014-05-27,"POGR",NA,1.74,13.5,13,11,4,12.5,218.5979073,58.43772731
"BP80","BP802",240,2014-05-28,NA,NA,0.27,5,6.3,5,5,5.4,6.79927044,1.092465
"BP80","BP802",0,2020-07-08,"POGR","Stump",1.05,9.5,8,7.6,3,8.4,5773,1641.19798
"BP80","BP802",0,2020-07-08,"POGR",NA,2.17,5.8,6.3,6.4,4,6.2,6481,1732.40537
"BP80","BP802",0,2020-07-08,"POGR",NA,4.07,7.8,8.3,7.6,5,7.9,19950,1356.586172
"BP80","BP802",0,2020-07-08,"PIST","Stump",0.28,49.5,28.7,16,4,31.4,21682,5795.703609
"BP80","BP802",0,2014-05-27,"PIST","Stump",NA,15,32,45,4,30.7,NA,NA
"BP80","BP802",120,2014-05-27,"POGR",NA,1.32,5.7,6.4,6,3,6,38.92731749,11.06667228
"BP80","BP802",120,2014-05-27,"POGR",NA,0.22,7.2,6.3,6,2,6.5,7.210426379,2.725210774
"BP80","BP802",120,2014-05-27,"PIST","Stump",0.22,5.2,8.3,10.2,3,7.9,5.860019322,1.665948685
"BP80","BP802",240,2014-05-28,NA,NA,0.45,6.4,7.3,5,5,6.2,15.06550757,2.420633196
"BP80","BP802",120,2020-07-08,"POGR",NA,4.05,7.4,7.4,8.7,2,7.8,19518,7377.851669
"BP80","BP802",0,2020-07-08,NA,NA,0.43,5.7,5.6,5.8,3,5.7,1097,368.239185
"BP80","BP802",120,2020-07-08,"POGR",NA,0.25,5,5,5.3,2,5.1,511,193.046549
"BP80","BP802",120,2020-07-08,"POGR",NA,0.27,6,5.8,5.2,2,5.7,681,257.395398
"BP80","BP802",240,2020-07-08,"PIST","Stump",0.23,11.1,14.9,21.4,4,15.8,4510,1205.399064
"BP80","BP802",120,2020-07-08,"POGR",NA,1.07,5,5.3,5,3,5.1,2186,621.428076
"BP80","BP802",120,2014-05-27,"PIST","Stump",0.4,39,17,6,4,20.7,151.8436449,NA
"BP80","BP802",0,2014-05-27,"POGR","Stump",0.78,13.5,12.1,11.2,3,12.3,60.63338617,17.23750459
"BP80","BP802",120,2020-07-08,"POGR",NA,0.81,6.4,7.8,9.4,5,7.9,3937,267.710441
"BP80","BP802",120,2020-07-08,"POGR",NA,1.5,5.1,5.3,7.7,3,6,4288,1219.193505
"BP80","BP803",0,2020-07-08,"POGR",NA,1.8,6.7,7.2,7.2,3,7,6993,1988.207223
"BP80","BP803",0,2020-07-08,"QURU",NA,1.34,5,5.5,5.9,2,5.5,3145,1863.494954
"BP80","BP803",0,2020-07-08,"POGR",NA,2.2,10,9.2,8.2,2,9.1,14414,5448.324652
"BP80","BP803",240,2020-07-08,"POGR",NA,0.37,5.2,5.6,5.3,3,5.4,837,237.945616
"BP80","BP803",240,2020-07-08,"POGR",NA,2.21,6.5,7.3,7,3,6.9,8344,2372.155613
"BP80","BP803",0,2020-07-08,"POGR","Stump",0.76,7.1,6.9,6.3,3,6.8,2733,777.015889
"BP80","BP803",120,2020-07-08,"PIST",NA,0.82,17.2,13.7,12.9,4,14.6,13728,3669.512776
"BP80","BP803",0,2014-05-27,"POGR",NA,1.53,6.2,5.1,5,2,5.4,34.56372383,13.06350383
"BP80","BP803",120,2020-07-08,"PIST",NA,2.03,10.9,13.2,13.4,4,12.5,24912,6658.936969
"BP80","BP803",240,2020-07-08,"POGR",NA,2.21,7.2,7,5.7,4,6.6,7637,2041.47825
"BP80","BP803",0,2014-05-27,"POGR",NA,0.84,7.7,5.5,5,4,6.1,23.60090065,6.309223238
"BP80","BP803",120,2020-07-08,"POGR",NA,0.68,5.6,7.1,5,3,5.9,1859,528.542211
"BP80","BP803",120,2020-07-08,"POGR",NA,0.52,8,8.2,8.1,3,8.1,2680,761.798516
"BP80","BP803",120,2020-07-08,"POGR",NA,1.16,5,5.2,5.6,2,5.3,2527,955.237437
"BP80","BP803",120,2020-07-08,"POGR",NA,0.77,7.1,5.9,5.3,3,6.1,2250,639.760078
"BP80","BP803",120,2020-07-08,"POGR","Stump",0.32,6.4,5.3,5.4,3,5.7,817,232.148793
"BP80","BP803",0,2020-07-08,"POGR",NA,0.4,5.7,5.7,5.8,2,5.7,1033,390.351684
"BP80","BP803",120,2014-05-27,NA,NA,0.49,5.7,6.7,5.7,4,6,14.82551607,3.732243001
"BP80","BP803",120,2014-05-27,NA,NA,2.28,18.9,22.5,18.9,5,20.1,769.234355,123.5958501
"BP80","BP803",240,2014-05-27,NA,NA,1.19,6.2,8,7.2,3,7.1,50.70022652,17.01609638
"BP80","BP803",120,2014-05-27,"PIST",NA,2.62,11.5,16.8,22.7,3,17,612.7204708,174.1906992
"BP80","BP803",240,2014-05-27,"PIST","Stump",0.31,47,45,40,2,44,367.7057486,138.9759239
"BP80","BP803",0,2014-05-27,"POGR","Stump",0.27,6.5,5.7,5.5,4,5.9,7.276399825,NA
"BP80","BP803",0,2014-05-27,"POGR",NA,0.83,5.2,5.5,5,3,5.2,18.32218723,5.208826466
"BP80","BP803",0,2014-05-27,"POGR",NA,0.43,6,5.8,5,4,5.6,10.81158168,2.890257595
"BP80","BP803",0,2014-05-27,"POGR",NA,0.97,5.4,5.5,5.4,5,5.4,22.62907514,1.53799034
"BP80","BP803",120,2014-05-27,"POGR",NA,3.59,5,5.7,6.5,1,5.7,92.94273584,55.64359512
"BP80","BP803",120,2020-07-08,"POGR",NA,0.47,9,8.2,8.1,4,8.4,2625,701.75454
"BP80","BP803",120,2020-07-08,"POGR",NA,0.27,5.4,5.8,7.2,4,6.1,798,213.22874
"BP80","BP803",120,2020-07-08,"POGR",NA,0.27,7.2,7.2,7.9,5,7.4,1172,79.676413
"BP80","BP803",240,2014-05-27,"POGR",NA,2.99,5.5,6.5,7.9,1,6.6,103.4287438,61.92143035
"BP80","BP803",240,2014-05-27,"POGR",NA,2.24,12.5,12.1,12.1,3,12.2,261.8823258,74.45069589
"BP80","BP803",240,2014-05-27,"POGR",NA,3.26,5,5.7,7.3,1,6,91.05628799,54.51420357
"BP80","BP803",240,2014-05-27,"POGR",NA,1.06,5.7,5.1,5,1,5.3,22.76670308,13.63012609
"BP80","BP803",240,2014-05-27,"POGR",NA,3.78,8.9,10.6,10.6,2,10,308.2559771,116.5066344
"BP80","BP803",240,2014-05-27,"POGR","Stump",1.07,8.7,7,7.2,2,7.6,36.58577068,13.82774488
"BP80","BP803",240,2014-05-27,"POGR","Stump",0.2,5.6,5,5,4,5.2,4.172035044,NA
"BP80","BP803",240,2014-05-27,"POGR",NA,1.18,6.9,5.4,5,1,5.8,30.14936728,18.05003017
"BP80","BP803",240,2014-05-27,"POGR",NA,1.47,5.6,5.8,5.4,1,5.6,36.86816059,22.07248347
"BP98","BP981",2,2014-05-29,NA,NA,0.62,5.2,6.1,5.2,3,5.5,15.57743009,5.228123622
"BP98","BP981",2,2014-05-29,NA,NA,0.58,5.6,5.4,5,4,5.3,13.05247972,3.285890747
"BP98","BP981",2,2014-05-29,NA,NA,1.34,6.4,7.6,6.6,4,6.9,52.41820646,13.19599825
"BP98","BP981",2,2014-05-29,NA,NA,1.02,6.5,6.9,8.9,4,7.4,43.11820209,10.85477276
"BP98","BP981",1,2014-05-29,NA,NA,1.31,8.5,8.7,8.6,5,8.6,76.54118745,12.29816774
"BP98","BP981",2,2014-05-29,NA,NA,1.73,7.5,6.4,5,2,6.3,55.06741992,23.7568114
"BP98","BP981",2,2014-05-29,NA,NA,1.5,6.3,7.4,5.2,2,6.3,51.3159525,22.13837887
"BP98","BP981",2,2014-05-29,NA,NA,1.68,5,7.7,8.6,3,7.1,70.8686754,23.78506555
"BP98","BP981",2,2014-05-29,"PIST",NA,0.39,44,41,34.5,2,39.8,495.5381355,187.2907086
"BP98","BP981",1,2014-05-29,"PIRE","Stump",0.2,22.5,16.3,14.7,2,17.8,39.25380751,14.83614055
"BP98","BP981",2,2014-05-29,NA,NA,0.37,9.5,9.3,12,2,10.3,29.40748017,12.68677489
"BP98","BP981",2,2014-05-29,NA,NA,1.58,6.4,6.6,5.1,2,6,47.56688055,20.52097977
"BP98","BP981",1,2014-05-29,NA,NA,0.8,7.7,8.7,6.5,3,7.6,39.42279901,13.23114695
"BP98","BP981",1,2014-05-29,NA,NA,1.37,10,10.3,10.4,5,10.2,113.0620188,18.16611054
"BP98","BP981",1,2014-05-29,NA,NA,0.62,5,5,5,4,5,12.17367153,3.064655568
"BP98","BP981",1,2014-05-29,NA,NA,0.54,5.7,8,7.3,4,7,22.46254455,5.654823366
"BP98","BP981",1,2014-05-29,NA,NA,0.72,6.2,5.6,6.8,4,6.2,20.75336107,5.224545724
"BP98","BP981",1,2014-05-29,NA,NA,0.84,7.6,8.2,6.9,4,7.6,39.44662276,9.930472639
"BP98","BP981",1,2014-05-29,NA,NA,0.31,8.8,8.4,7.3,3,8.2,16.51926648,5.544224354
"BP98","BP981",1,2014-05-29,NA,NA,1.32,7.4,7.8,7.7,4,7.6,61.08214304,15.37709715
"BP98","BP981",1,2014-05-29,"PIRE",NA,1.1,7.3,8.4,9.4,5,8.4,60.91482705,4.140090346
"BP98","BP981",1,2014-05-29,"PIST",NA,1.61,5,5.8,6.6,2,5.8,42.80723678,16.17917398
"BP98","BP981",1,2020-07-14,"PIST",NA,0.47,5,6.4,5.1,3,5.5,1117,317.460706
"BP98","BP981",1,2020-07-14,"PIST",NA,0.49,5,5.4,5.1,4,5.2,1027,274.603335
"BP98","BP981",2,2014-05-29,NA,NA,0.9,5,5.5,5.2,3,5.2,19.86743194,6.667941349
"BP98","BP981",2,2014-05-29,NA,NA,1.02,6.9,6.6,5.5,3,6.3,32.9548357,11.06035809
"BP98","BP981",1,2020-07-14,"PIST","Stump",0.21,7.3,5.7,6.7,3,6.6,711,268.838163
"BP98","BP981",2,2020-07-14,"BEPA",NA,1.63,13.8,13.5,11.8,3,13,21746,6911.023727
"BP98","BP981",2,2014-05-29,NA,NA,0.8,7,7.2,9.8,3,8,38.71279907,12.99285557
"BP98","BP981",2,2020-07-14,"PIST",NA,0.22,8.4,8.2,5,4,7.2,896,239.428869
"BP98","BP981",2,2014-05-29,NA,NA,0.66,5.7,5.8,5.2,3,5.6,16.41741343,5.510040259
"BP98","BP981",2,2014-05-29,NA,NA,0.49,7,6.7,5,2,6.2,15.66191276,6.756755775
"BP98","BP981",2,2020-07-14,"PIST","Stump",0.27,6.4,8.4,10.1,3,8.3,1461,552.206647
"BP98","BP981",2,2020-07-14,NA,NA,0.87,10.1,9.8,10.7,5,10.2,7109,1142.418834
"BP98","BP982",4,2014-05-29,"PIRE","Stump",0.25,31,25.1,23,3,26.4,91.73409642,26.07914564
"BP98","BP982",4,2014-05-29,"PIRE","Stump",0.26,29,22.8,17.6,3,23.1,79.29086642,22.54165173
"BP98","BP982",3,2014-05-29,"PIRE","Stump",0.3,36.5,30.5,26.6,2,31.2,180.6535549,68.27876583
"BP98","BP982",3,2014-05-29,"PIST",NA,0.75,7.3,6.6,5.6,3,6.5,25.22208027,7.170401523
"BP98","BP982",2,2014-05-29,"QURU",NA,3.78,7.4,6.7,5.7,2,6.6,131.0232632,77.63128345
"BP98","BP982",2,2014-05-29,"BEPA","Stump",0.2,37.7,24.1,18.1,5,26.6,111.4034935,NA
"BP98","BP982",1,2014-05-29,"POGR","Stump",0.26,45.8,29.3,19.5,5,31.5,207.574242,NA
"BP98","BP982",1,2014-05-29,NA,NA,1.15,6,5.4,5.1,4,5.5,27.13688099,6.83156213
"BP98","BP982",1,2014-05-29,NA,NA,0.3,5.3,6.2,6,5,5.8,8.287128721,1.331524928
"BP98","BP982",2,2014-05-29,"PIST","Stump",0.22,15.6,10.2,6.7,2,10.8,17.71519226,6.695530928
"BP98","BP982",1,2014-05-29,NA,NA,1.45,11,10.6,5,3,8.9,102.5551978,34.41975017
"BP98","BP982",1,2014-05-29,NA,NA,0.35,8.5,6.4,5.4,3,6.8,12.47493718,4.186859665
"BP98","BP982",1,2014-05-29,NA,NA,1.08,6,5.3,6,3,5.8,27.11225876,9.099462466
"BP98","BP982",1,2014-05-29,NA,NA,1.4,5,6,7.3,3,6.1,41.06663737,13.78285478
"BP98","BP982",1,2014-05-29,NA,NA,1.49,5.7,5.4,5,2,5.4,33.85708802,14.60639441
"BP98","BP982",1,2014-05-29,NA,NA,1.35,6.3,6.3,5.3,2,6,38.91962059,16.79043775
"BP98","BP982",1,2014-05-29,NA,NA,1.23,5,5.2,5.3,2,5.2,25.87859459,11.1643671
"BP98","BP982",2,2014-05-29,NA,NA,2.72,9.9,10,10.1,5,10,213.1058012,34.24053084
"BP98","BP982",3,2014-05-29,NA,NA,0.26,6.4,8.4,9,4,7.9,13.35627173,3.362368732
"BP98","BP982",4,2014-05-29,NA,NA,0.58,8,6.7,7.3,5,7.3,23.5038778,3.77645868
"BP98","BP982",4,2014-05-29,NA,NA,3.85,6.7,6.3,7.3,2,6.8,133.9334252,57.78064649
"BP98","BP982",4,2014-05-29,NA,NA,1.5,5.5,5.1,5.3,5,5.3,32.48406804,5.219340474
"BP98","BP982",3,2014-05-29,"ACRU",NA,2.94,11,10.5,5.8,3,9.1,212.2574665,65.79981461
"BP98","BP982",3,2014-05-29,"ACRU",NA,0.38,8.6,6.9,6.4,3,7.3,15.6010444,4.836323763
"BP98","BP982",2,2014-05-29,"BEPA",NA,0.31,7,6.7,6,5,6.6,10.62680367,1.789593814
"BP98","BP982",1,2014-05-29,"PIST",NA,2.18,6.6,10.9,10.4,4,9.3,163.9800362,43.83674464
"BP98","BP982",3,2020-07-14,"PIRE","Stump",0.24,21.3,18.2,20.7,3,20.1,7590,2157.885794
"BP98","BP982",3,2020-07-14,"PIRE","Stump",0.28,6.5,5.7,6.4,3,6.2,845,240.330091
"BP98","BP982",3,2020-07-14,"QURU","Stump",0.32,29,25.5,25.2,4,26.6,17738,5452.778498
"BP98","BP982",4,2020-07-14,"PIRE",NA,0.38,25.9,34,31.7,3,30.5,27824,7910.406026
"BP98","BP982",4,2020-07-14,"PIRE",NA,0.21,7,8.6,10.5,3,8.7,1248,354.915152
"BP98","BP982",2,2020-07-14,"PIRE","Stump",0.31,10.4,9.1,11.7,4,10.4,2633,703.910126
"BP98","BP982",1,2014-05-29,NA,NA,2.36,5.2,5.5,5.8,3,5.5,56.12518107,18.83682887
"BP98","BP982",1,2014-05-29,NA,NA,0.71,6.2,5.8,5,4,5.7,18.18626099,4.578292248
"BP98","BP982",1,2014-05-29,NA,NA,0.56,6.7,6.1,6,3,6.3,17.06366522,5.726936386
"BP98","BP982",2,2014-05-29,"QURU","Stump",0.71,30.5,25.7,23.2,3,26.5,262.3970856,74.59703728
"BP98","BP982",3,2014-05-29,"QURU","Stump",0.32,21,16,14.5,4,17.2,72.51843042,NA
"BP98","BP982",1,2020-07-14,"POGR",NA,2.01,5.1,5.3,5.9,1,5.4,4660,2790.152213
"BP98","BP982",1,2020-07-14,"QURU",NA,0.28,5.6,6.2,8.3,2,6.7,987,584.905726
"BP98","BP982",1,2020-07-14,"QURU",NA,1.02,9.5,5.8,6.2,4,7.2,4115,1264.818842
"BP98","BP982",1,2020-07-14,"QURU",NA,1.21,9.7,8.4,10.8,5,9.6,8819,2064.571089
"BP98","BP982",2,2020-07-14,"PIST",NA,2.97,8.2,7.4,6.6,5,7.4,12773,868.597716
"BP98","BP982",2,2020-07-14,"PIST",NA,2,5.2,5.4,5.3,5,5.3,4412,300.040948
"BP98","BP982",2,2020-07-14,"QURU",NA,1.14,9.2,8.9,6.2,4,8.1,5874,1805.795779
"BP98","BP982",1,2014-05-29,NA,NA,0.24,5,5.1,5.8,4,5.3,5.206875664,1.310802616
"BP98","BP982",2,2020-07-14,NA,NA,0.37,7.8,18.8,13.9,4,13.5,5296,1333.037473
"BP98","BP982",3,2020-07-14,"ACRU",NA,2.37,12,10.9,9.3,3,10.7,21444,6647.665452
"BP98","BP982",3,2020-07-14,"ACRU",NA,0.78,6.4,7.3,6.2,3,6.6,2696,835.621915
"BP98","BP982",3,2020-07-14,"ACRU",NA,0.33,10.5,9.8,9.1,4,9.8,2489,574.004472
"BP98","BP982",1,2014-05-29,NA,NA,1.68,5,5.5,5.3,4,5.3,37.43773133,9.424745154
"BP98","BP982",3,2020-07-14,"ACRU",NA,1.71,5,6.7,7.3,3,6.3,5387,1669.984261
"BP98","BP982",3,2020-07-14,"ACRU",NA,0.83,6.5,6.4,6.8,3,6.6,2811,871.404123
"BP98","BP982",3,2020-07-14,"ACRU",NA,1.29,9.3,12.5,11.3,4,11,12334,2844.149184
"BP98","BP982",3,2020-07-14,"ACRU",NA,1.85,5.9,6.4,7.1,3,6.5,6076,1883.580796
"BP98","BP982",3,2020-07-14,"ACRU",NA,1.2,13.5,10.5,10.4,3,11.5,12392,3841.556252
"BS40","BS40E",0,2020-05-26,"BEPA",NA,1.25,14.4,13.8,13.7,2,14,19151,6629.984215
"BS40","BS40E",120,2014-05-16,"POGR",NA,0.2,5,5,5,1,5,3.926990817,2.35103782
"BS40","BS40E",120,2014-05-16,"POGR",NA,1.06,5,5.6,5.8,3,5.5,25.23096836,7.172928323
"BS40","BS40E",240,2014-05-16,"PIST",NA,2.08,6.1,5.6,5,3,5.6,50.93924936,14.48155217
"BS40","BS40E",0,2020-05-26,"POGR",NA,0.24,6.7,7,7.4,4,7,932,249.242721
"BS40","BS40E",0,2020-05-26,NA,NA,1.05,12.3,12.4,14.4,5,13,14008,2251.158441
"BS40","BS40E",120,2014-05-16,"POGR",NA,0.28,5,5,5,1,5,5.497787144,3.291452948
"BS40","BS40E",0,2020-05-26,"PIRE",NA,0.37,7.2,8.2,10.1,3,8.5,2100,596.906512
"BS40","BS40E",120,2020-05-26,"POGR",NA,1.09,11.4,12.5,13.2,5,12.4,13092,890.288168
"BS40","BS40E",120,2020-05-26,"POGR",NA,0.45,15,17.6,22.6,5,18.4,11966,813.667471
"BS40","BS40E",240,2020-05-26,"PIST",NA,0.49,5,5.3,5.6,3,5.3,1081,307.336797
"BS40","BS40E",240,2020-05-26,"PIST",NA,2.04,6.2,6.1,6.7,3,6.3,6427,1827.096985
"BS40","BS40E",240,2014-05-16,"PIST",NA,0.94,5,5.1,8.5,1,6.2,26.83873076,16.06799557
"BS40","BS40E",120,2014-05-16,"POGR",NA,0.43,12,10.6,6.7,5,9.8,34.43799468,2.340586294
"BS40","BS40E",120,2014-05-16,"POGR",NA,1.3,9.2,7.3,5,5,7.2,54.43385231,3.699609395
"BS40","BS40E",0,2014-05-16,"PIRE",NA,0.73,5,5.5,5.3,3,5.3,16.26758564,4.624722449
"BS40","BS40E",120,2020-05-26,"POGR",NA,0.89,5.1,5.2,5.3,2,5.2,1890,714.46075
"BS40","BS40E",120,2020-05-26,"POGR",NA,0.28,11.8,10.3,8.3,4,10.1,2258,603.603194
"BS40","BS40E",0,2014-05-16,"BEPA",NA,0.26,5.8,5.7,5.5,5,5.7,6.578076138,1.107772829
"BS40","BS40E",240,2014-05-16,"PIST",NA,1.76,5,6.6,7.7,2,6.4,58.80077082,22.22399699
"BS40","BS40F",120,2020-05-15,"BEPA",NA,4,31.1,30.6,25.8,2,29.2,267254,92523.17614
"BS40","BS40F",0,2020-05-15,"PIST",NA,6,10.7,8.1,5,3,7.9,29659,8431.976667
"BS40","BS40F",0,2020-05-15,"PIST",NA,0.68,5.6,5.3,5.2,5,5.4,1538,104.596451
"BS40","BS40F",240,2020-05-15,"PIST",NA,1.17,5.7,5.6,5.1,2,5.5,2746,1038.036751
"BS40","BS40F",120,2020-05-15,"BEPA",NA,1.7,18.6,16.4,16.8,5,17.3,39807,6703.442677
"BS40","BS40F",240,2020-05-15,"POGR",NA,0.45,7.7,7.6,7.9,5,7.7,2114,143.729121
"BS40","BS40F",240,2014-05-16,"PIST",NA,0.39,8.1,9.1,7.8,5,8.3,22.29698262,1.515419594
"BS40","BS40F",240,2014-05-16,"PIST","Stump",1.36,14.5,9.8,9.3,2,11.2,104.1838518,39.37672205
"BS40","BS40F",0,2014-05-16,"POGR","Stump",0.72,39.4,29.1,21.8,5,30.1,518.5644781,NA
"BS40","BS40F",240,2020-05-15,"PIST",NA,0.72,7.6,8.1,7.8,2,7.8,3470,1311.618074
"BS40","BS40F",240,2020-05-15,"POGR",NA,5.9,17.3,15.9,15.1,1,16.1,120114,71912.2543
"BS40","BS40F",120,2020-05-15,"BEPA",NA,0.69,17.7,18.9,18.9,5,18.5,18547,3123.377778
"BS40","BS40F",120,2020-05-15,"PIST",NA,1.61,5.9,5.6,5.2,3,5.6,3918,1113.994508
"BS40","BS40F",240,2020-05-15,"POGR",NA,1.8,10.4,10.6,7.6,5,9.5,12848,873.697023
"BS40","BS40F",240,2014-05-16,"PIST",NA,0.7,5.9,5.1,5,2,5.3,15.34065873,5.798066057
"BS40","BS40F",240,2020-05-15,"POGR",NA,1.07,6.4,6.2,8.1,2,6.9,4001,1512.389454
"BS40","BS40F",240,2020-05-15,"POGR",NA,0.51,5.4,5.2,5.1,2,5.2,1097,414.675763
"BS40","BS40F",0,2014-05-16,"PIST",NA,0.85,5.5,5.9,5,4,5.5,20.78647869,5.556844475
"BS40","BS40F",120,2014-05-16,"BEPA",NA,0.7,8,7.6,6.4,5,7.3,30.23049891,5.090930023
"BS40","BS40F",240,2014-05-16,"PIST",NA,0.98,5,5,5,3,5,19.242255,5.470393128
"BS40","BS40F",120,2014-05-16,"BEPA",NA,0.67,6.5,8,7.6,5,7.4,29.88998953,5.03358696
"BS40","BS40F",0,2014-05-16,"PIST",NA,1.08,5.5,5.4,5.2,5,5.4,24.51243376,1.665993245
"BS40","BS40F",120,2014-05-16,"BEPA",NA,0.5,8.1,7.8,7.2,5,7.7,23.46180664,3.951056718
"BS40","BS40X",240,2020-05-26,"PIRE",NA,0.89,5.1,6.5,5.9,4,5.8,2379,635.788158
"BS40","BS40X",0,2020-05-26,"PIST",NA,0.79,7.4,5.9,5.6,3,6.3,2463,700.123945
"BS40","BS40X",120,2020-05-26,"POGR",NA,1.61,5.2,5.7,6.1,1,5.7,4060,2430.974195
"BS40","BS40X",240,2020-05-26,"PIRE",NA,0.4,35.7,31,26.4,5,31,30256,2108.819959
"BS40","BS40X",120,2014-05-16,"PIST",NA,0.76,5.9,5.2,5,2,5.4,16.9689462,6.41348411
"BS40","BS40X",240,2020-05-26,"PIST",NA,0.29,5,5.2,5.1,4,5.1,592,158.353326
"BS40","BS40X",240,2020-05-26,"POGR",NA,0.26,5.9,5.6,5.5,5,5.7,656,44.588974
"BS40","BS40X",120,2020-05-26,"POGR",NA,0.26,15.9,17.9,16.8,1,16.9,5809,3478.011484
"BS40","BS40X",240,2020-05-26,NA,NA,0.31,11.2,12.1,13.1,5,12.1,3584,576.006932
"BS40","BS40X",120,2014-05-16,"QURU",NA,1.9,6.3,6,5,3,5.8,50.85858897,21.89106245
"BS40","BS40X",120,2014-05-16,"PIST",NA,0.47,7,6,5.9,4,6.3,14.34774528,3.835579381
"BS40","BS40X",240,2014-05-16,"PIST",NA,0.8,5.6,5.2,5,2,5.3,17.33740266,6.552743768
"BS40","BS40X",0,2014-05-16,"POGR",NA,1.02,6.3,5.6,5.2,2,5.7,25.88240378,9.782362641
"BS40","BS40X",120,2014-05-16,"QURU",NA,0.74,5,6,7.8,5,6.3,22.72858509,5.32076177
"BS40","BS40X",120,2014-05-16,"POGR",NA,0.51,5.4,5,5.2,2,5.2,10.62800795,4.016900006
"BS42","BS42A",240,2014-05-22,"BEPA",NA,1.05,5,6.2,6.4,4,5.9,29.34718777,5.916966757
"BS42","BS42A",0,2014-05-22,"POGR",NA,0.46,6.5,5.5,5,3,5.7,11.50084711,3.269583267
"BS42","BS42A",240,2014-05-22,"POGR",NA,0.65,9,8.1,7.7,5,8.3,34.61079536,2.352330733
"BS42","BS42A",240,2014-05-22,"BEPA",NA,0.77,7.1,7,6.8,3,7,29.42644754,9.350729419
"BS42","BS42A",0,2020-06-29,"POGR",NA,4.3,27.5,21.8,31,3,26.8,241962,68789.75739
"BS42","BS42A",120,2020-06-29,"BEPA",NA,1.31,7,10.9,11.1,5,9.7,9614,1619.036913
"BS42","BS42A",120,2020-06-29,NA,NA,1.27,6.5,9.6,9.8,4,8.6,7434,1871.258718
"BS42","BS42A",240,2014-05-22,"BEPA",NA,0.36,7.9,7.9,8.2,4,8,17.98530378,3.626188833
"BS42","BS42A",0,2020-06-29,"PIRE",NA,2.21,9.3,9.2,5,2,7.8,10651,4025.938812
"BS42","BS42A",0,2020-06-29,"PIRE",NA,0.57,7.6,5.8,5,2,6.1,1684,636.575139
"BS42","BS42A",0,2014-05-22,NA,NA,1.35,6,5.1,5,5,5.4,29.88597091,4.801894191
"BS42","BS42A",240,2014-05-22,"BEPA",NA,0.46,5,5.1,5.5,4,5.2,9.683592836,1.952401618
"BS42","BS42A",240,2014-05-22,"BEPA",NA,0.36,5.4,5.4,5.2,4,5.3,8.093999313,1.631908489
"BS42","BS42B",240,2020-06-29,"PIRE",NA,1.67,12.5,11.6,11,2,11.7,17955,6786.875396
"BS42","BS42B",240,2020-06-29,"PIRE",NA,4.46,6.5,8.8,10.5,2,8.6,25907,9792.947864
"BS42","BS42B",240,2020-06-29,"PIRE",NA,0.95,9.1,9,8.3,5,8.8,5778,402.727799
"BS42","BS42B",240,2020-06-29,"PIRE","Stump",0.68,12.7,14.2,15,2,14,10418,3938.003796
"BS42","BS42B",120,2014-05-22,"BEPA",NA,0.29,6.4,6,5.5,4,6,8.146791159,1.642552357
"BS42","BS42B",240,2020-06-29,"PIRE",NA,0.55,6.1,5.5,5.4,4,5.7,1387,370.771943
"BS42","BS42B",240,2020-06-29,"PIRE",NA,2.1,14.6,13.4,13.1,4,13.7,30956,8274.643066
"BS42","BS42B",0,2020-06-29,NA,NA,0.64,5,6.1,5.3,5,5.5,1502,241.396472
"BS42","BS42B",120,2014-05-22,"BEPA",NA,0.38,5.4,5.6,5.6,4,5.5,9.19428978,1.853748557
"BS42","BS42B",120,2014-05-22,"BEPA",NA,1.2,5.9,6.6,5.9,3,6.1,36.85402342,11.71096173
"BS42","BS42B",240,2014-05-22,"PIST",NA,6.01,12.4,14,15.4,3,13.9,922.1151968,262.148726
"BS42","BS42B",0,2014-05-22,"PIST",NA,0.31,17.6,13.2,17.6,5,16.1,58.13496262,3.951156215
"BS42","BS42B",0,2014-05-22,"PIST",NA,0.39,13.2,13.2,12.8,5,13.1,52.57015483,3.572942763
"BS42","BS42B",120,2014-05-22,"PIST",NA,1.23,6.7,6.6,5.8,3,6.4,39.95379362,11.35848984
"BS42","BS42B",240,2014-05-22,"POGR",NA,6.02,9.4,15,14.6,4,13,875.8957191,234.1529972
"BS42","BS42B",240,2014-05-22,"POGR",NA,0.59,6.9,5.8,5,4,5.9,16.13429048,4.313176091
"BS42","BS42C",240,2014-05-22,"BEPA",NA,1.65,26.6,36.3,27.2,5,30,1303.621936,219.5348503
"BS42","BS42C",240,2014-05-22,"BEPA",NA,2.34,8.3,7.4,7.9,4,7.9,110.4843158,22.27579791
"BS42","BS42C",240,2020-06-29,"BEPA",NA,0.56,23,23,21,5,22.3,21937,3694.256886
"BS42","BS42C",120,2014-05-22,"PIRE",NA,2.05,9.8,8.4,7,3,8.4,114.6581835,32.59624918
"BS42","BS42C",240,2014-05-22,"BEPA",NA,3.58,14,16.1,16.4,4,15.5,690.1942401,139.1566512
"DNR1987","DNR1",0,2014-05-14,"POGR",NA,0.57,5,5,5,1,5,11.19192383,6.700457787
"DNR1987","DNR1",0,2014-05-14,"POGR",NA,3.55,6,5.5,5,4,5.5,84.57429223,22.60922571
"DNR1987","DNR1",0,2014-05-14,"POGR",NA,4.89,5.1,6.9,7.4,2,6.5,167.8596937,63.44327254
"DNR1987","DNR1",0,2014-05-14,"POGR",NA,1.11,5.2,5.3,5.6,2,5.4,24.9652158,9.435707614
"DNR1987","DNR1",120,2014-05-14,NA,NA,0.27,5.7,5.4,5.2,5,5.4,6.245446925,1.268845049
"DNR1987","DNR1",0,2014-05-14,"POGR","Stump",0.43,6.1,6.2,7.6,4,6.6,14.45390493,NA
"DNR1987","DNR1",240,2014-05-14,"POGR","Stump",0.67,7.2,6.5,5.7,1,6.5,22.16074222,13.26734528
"DNR1987","DNR1",120,2020-06-15,"POGR",NA,1.05,6.4,6.2,5,4,5.9,2838,758.68407
"DNR1987","DNR1",120,2020-06-15,"POGR",NA,1,6.7,7.3,5.7,5,6.6,3387,230.297242
"DNR1987","DNR1",120,2014-05-14,"POGR",NA,0.49,5.2,5.1,5,2,5.1,10.01110387,3.783738533
"DNR1987","DNR1",240,2014-05-14,"POGR",NA,2.84,6.4,6.1,5,2,5.8,78.03883703,29.49510449
"DNR1987","DNR1",240,2014-05-14,"POGR",NA,2.35,5.3,6.7,6.9,1,6.3,76.04840247,45.52917964
"DNR1987","DNR1",240,2014-05-14,"POGR",NA,1.32,7.8,8.4,8.6,2,8.3,71.47877269,27.01570077
"DNR1987","DNR1",240,2014-05-14,"POGR",NA,0.42,9,8.6,8.6,1,8.7,24.97314832,14.95109587
"DNR1987","DNR1",240,2014-05-14,"POGR",NA,1.6,8.4,7.8,7.4,1,7.9,77.54288427,46.42390627
"DNR1987","DNR1",240,2014-05-14,"POGR",NA,1.22,5.7,5.4,8,4,6.4,36.53721998,9.767486451
"DNR1987","DNR1",240,2014-05-14,"POGR",NA,0.55,5.5,5.2,5.7,4,5.5,12.60341523,3.369268038
"DNR1987","DNR1",240,2014-05-14,"POGR",NA,0.45,5.9,5.9,6.1,1,6,12.51374894,7.491817117
"DNR1987","DNR1",240,2020-06-15,"POGR","Stump",0.51,10.2,9.8,9.5,3,9.8,3873,1101.129606
"DNR1987","DNR1",0,2020-06-15,"POGR",NA,0.3,5.8,5.1,6.7,5,5.9,811,55.144585
"DNR1987","DNR1",0,2020-06-15,"QURU",NA,0.49,5.8,5.2,5,2,5.3,1095,648.592275
"DNR1987","DNR1",120,2020-06-15,"POGR",NA,1.04,5,5.4,5.1,1,5.2,2180,1305.429329
"DNR1987","DNR1",0,2020-06-15,"POGR",NA,0.28,5.2,5.3,5.8,2,5.4,649,245.398787
"DNR1987","DNR1",120,2020-06-15,"POGR",NA,0.47,7,5.6,5.2,5,5.9,1300,88.367821
"DNR1987","DNR1",0,2020-06-15,"POGR",NA,3.64,5,5.8,6.6,1,5.8,9617,5757.799137
"DNR1987","DNR1",0,2020-06-15,"POGR",NA,0.31,5.6,5.5,5.5,1,5.5,745,446.307824
"DNR1987","DNR1",0,2020-06-15,"POGR",NA,0.37,5,5,5.1,4,5,736,196.789512
"DNR1987","DNR1",0,2020-06-15,"POGR",NA,0.76,7,7.4,9,2,7.8,3632,1372.727958
"DNR1987","DNR1",0,2020-06-15,"POGR",NA,2.7,5.6,6.3,6.2,3,6,7719,2194.548309
"DNR1987","DNR1",0,2020-06-15,"POGR",NA,1.21,5.3,5.6,5.7,3,5.5,2910,827.229051
"DNR1987","DNR1",240,2020-06-15,"POGR",NA,2.28,8.8,8.2,7,1,8,11461,6861.419311
"DNR1987","DNR1",0,2020-06-15,"POGR",NA,0.36,5,5,5.7,4,5.2,774,206.989415
"DNR1987","DNR1",240,2020-06-15,"POGR",NA,0.24,5,5.6,5,2,5.2,510,192.663573
"DNR1987","DNR1",240,2020-06-15,"POGR",NA,0.73,9.6,8.9,7.9,1,8.8,4440,2658.198104
"DNR1987","DNR1",240,2020-06-15,"POGR",NA,1.85,9.5,9.2,8.6,2,9.1,12032,4548.164816
"DNR1987","DNR1",240,2020-06-15,"POGR",NA,0.53,5,5,5.3,1,5.1,1083,648.209455
"DNR1987","DNR1",240,2020-06-15,"POGR",NA,1.04,7.2,6,5.2,3,6.1,3073,873.56096
"DNR1987","DNR1",240,2020-06-15,"POGR",NA,0.22,5,5.1,5.3,2,5.1,455,172.108886
"DNR1987","DNR1",240,2020-06-15,"POGR",NA,0.83,5.9,5.6,6.3,2,5.9,2295,867.475602
"DNR1987","DNR2",240,2014-05-14,"POGR",NA,0.67,5.6,5.4,5.9,5,5.6,16.3644645,1.112214625
"DNR1987","DNR2",240,2014-05-14,"POGR",NA,0.31,5,5.2,5,4,5.1,6.333555509,1.693147909
"DNR1987","DNR2",240,2014-05-14,"POGR",NA,3.4,7.8,7,5,2,6.6,121.6969218,45.99586004
"DNR1987","DNR2",240,2014-05-14,"POGR",NA,1.36,6.1,5.8,5,3,5.6,34.51343217,9.811845968
"DNR1987","DNR2",240,2020-06-15,"POGR",NA,0.39,9,8.7,8.1,3,8.6,2265,644.062852
"DNR1987","DNR2",240,2014-05-14,"POGR",NA,1.44,5.5,5.1,5,2,5.2,30.31385583,11.45724846
"DNR1987","DNR2",240,2014-05-14,"POGR","Stump",0.49,6.5,5.2,5.4,4,5.7,12.01807107,NA
"DNR1987","DNR2",240,2014-05-14,"POGR","Stump",0.59,5.3,5.7,7.6,3,6.2,9.59071623,2.726550924
"DNR1987","DNR2",240,2020-06-15,"POGR",NA,2.35,6.8,8.1,7.2,3,7.4,10016,2847.584637
"DNR1987","DNR2",0,2014-05-14,"POGR",NA,1.69,5,5.4,5.3,4,5.2,36.95045722,9.877957066
"DNR1987","DNR2",240,2020-06-15,"POGR",NA,2.68,5.6,7.6,5,3,6.1,7747,2202.428415
"DNR1987","DNR2",240,2014-05-14,"POGR",NA,0.29,5.9,5.6,5.9,2,5.8,7.532204006,2.846827973
"DNR1987","DNR2",240,2014-05-14,"POGR",NA,0.77,5,5,5,2,5,15.11891465,5.714256955
"DNR1987","DNR2",240,2014-05-14,"POGR",NA,1.13,5.2,6.1,5.9,2,5.7,30.1720391,11.40364823
"DNR1987","DNR2",240,2014-05-14,"POGR",NA,0.98,6.5,5.4,5.3,2,5.7,24.67883345,9.327468208
"DNR1987","DNR2",0,2014-05-14,"POGR","Stump",0.89,6.6,5.6,5,4,5.7,22.86210278,NA
"DNR1987","DNR2",0,2014-05-14,"POGR","Stump",0.96,6,5.5,5.4,2,5.6,18.07106926,6.830036126
"DNR1987","DNR2",0,2014-05-14,"POGR","Stump",0.66,9.3,6.6,6.2,4,7.4,27.15789039,NA
"DNR1987","DNR2",120,2014-05-14,"POGR","Stump",1.32,6.9,6.2,5.3,2,6.1,30.84690557,11.65871683
"DNR1987","DNR2",240,2014-05-14,"POGR",NA,1.79,5.3,5.7,6.2,2,5.7,46.17321769,17.45136053
"DNR1987","DNR2",240,2014-05-14,"POGR",NA,2.24,6.7,6.4,6.4,3,6.5,73.77590524,20.97379985
"DNR1987","DNR2",0,2020-06-15,"POGR",NA,0.51,5,5.6,5.8,2,5.5,1197,452.477558
"DNR1987","DNR2",0,2020-06-15,"POGR",NA,1.18,5.1,5.1,5.3,2,5.2,2474,935.1571
"DNR1987","DNR2",0,2020-06-15,"POGR","Stump",0.95,7.2,5.2,5,2,5.8,2510,948.77072
"DNR1987","DNR2",120,2020-06-15,"BEPA",NA,0.91,5.8,5.9,7.8,2,6.5,3020,1045.40615
"DNR1987","DNR2",120,2020-06-15,"POGR",NA,0.95,5,5.5,5,3,5.2,1992,566.253935
"DNR1987","DNR2",120,2020-06-15,"POGR",NA,0.7,5.2,6.9,6.2,4,6.1,2046,546.822719
"DNR1987","DNR2",120,2020-06-15,"POGR",NA,0.23,7.2,7.1,6.2,5,6.8,843,57.357715
"DNR1987","DNR2",120,2020-06-15,"POGR","Stump",0.36,7,6.4,6.9,3,6.8,1295,368.060158
"DNR1987","DNR2",120,2020-06-15,"POGR","Stump",0.2,5.4,6.4,5.1,4,5.6,498,133.244636
"DNR1987","DNR2",240,2020-06-15,"POGR",NA,0.76,7,6.9,6.4,2,6.8,2733,1033.105895
"DNR1987","DNR2",240,2020-06-15,"POGR",NA,1.2,5,5.1,6.1,2,5.4,2748,1038.844266
"DNR1987","DNR2",240,2020-06-15,"POGR",NA,0.54,5.2,5,5,2,5.1,1089,411.547632
"DNR1987","DNR2",240,2020-06-15,"POGR",NA,0.26,5,5,5,2,5,511,192.972329
"DNR1987","DNR2",240,2020-06-15,"POGR",NA,1.3,6.4,7.5,7.3,2,7.1,5099,1927.321854
"DNR1987","DNR2",240,2020-06-15,"POGR",NA,0.42,5.1,5.3,5.5,3,5.3,927,263.43154
"DNR1987","DNR2",120,2014-05-14,"POGR",NA,2.8,7,5.8,5,4,5.9,77.29155686,20.66233377
"DNR1987","DNR2",0,2014-05-14,"POGR",NA,1.72,5,5.6,5.5,2,5.4,39.79931889,15.04231885
"DNR1987","DNR2",240,2020-06-15,"POGR",NA,0.52,5.1,6,5.4,3,5.5,1235,351.233122
"DNR1987","DNR2",240,2020-06-15,"POGR",NA,0.47,7.2,7.5,7.6,4,7.4,2040,545.197574
"DNR1987","DNR2",240,2014-05-14,"POGR",NA,2,6.2,5.4,5,3,5.5,47.71032043,13.56359787
"DNR1987","DNR2",120,2014-05-14,"POGR",NA,1.01,7.7,6.6,6.3,3,6.9,36.8201204,10.46761586
"DNR1987","DNR2",120,2014-05-14,"POGR",NA,0.83,5.3,5.9,5.1,4,5.4,20.10833974,5.375557748
"DNR1987","DNR2",120,2014-05-14,"POGR",NA,0.81,5.2,5.4,5,4,5.2,17.54139674,4.689337478
"DNR1987","DNR2",120,2014-05-14,"POGR",NA,2.7,6.7,7.4,8.5,4,7.5,119.8619699,32.04267231
"DNR1987","DNR2",240,2014-05-14,"POGR",NA,2.44,6.4,6,5,3,5.8,65.91040443,18.73771153
"DNR1987","DNR2",120,2014-05-14,"POGR",NA,3.85,5,5.8,6.2,1,5.7,98.61564059,59.03988868
"DNR1987","DNR3",120,2020-06-15,"BEPA",NA,1.33,5.8,5.8,5.5,2,5.7,3394,1174.947055
"DNR1987","DNR3",0,2014-05-14,NA,NA,0.41,5.2,5.3,5,2,5.2,8.709384954,3.757343563
"DNR1987","DNR3",120,2020-06-15,"BEPA",NA,1.76,6.9,5.7,5.8,3,6.1,5200,1652.530861
"DNR1987","DNR3",0,2014-05-14,"POGR",NA,0.48,6.2,6.6,5.3,4,6,14.42305187,3.855711075
"DNR1987","DNR3",120,2020-06-15,"BEPA",NA,0.62,10.5,10.1,10,2,10.2,5066,1753.916759
"DNR1987","DNR3",120,2020-06-15,"BEPA",NA,0.73,5,5.3,5,3,5.1,1491,473.922128
"DNR1987","DNR3",120,2014-05-14,"POGR","Stump",0.44,5,5.3,6.7,4,5.7,10.83263035,NA
"DNR1987","DNR3",0,2020-06-15,"POGR",NA,0.38,6.6,7,6.6,3,6.7,1353,384.689708
"DNR1987","DNR3",0,2020-06-15,"POGR",NA,0.6,6.1,5.7,6.6,3,6.1,1773,503.977477
"DNR1987","DNR3",0,2020-06-15,"PIST","Stump",0.28,7.6,9.3,12.4,3,9.8,2098,792.925608
"DNR1987","DNR3",120,2020-06-15,"BEPA",NA,1.85,5.7,6.7,5.7,2,6,5289,1831.063112
"DNR1987","DNR3",120,2020-06-15,"BEPA",NA,1.45,5,7,7.2,2,6.4,4665,1614.89725
"DNR1987","DNR3",120,2020-06-15,"POGR",NA,0.34,5.2,5.2,5,4,5.1,704,188.090426
"DNR1987","DNR3",120,2020-06-15,"POGR",NA,0.38,5.5,6,6,4,5.8,1016,271.460112
"DNR1987","DNR3",120,2020-06-15,"POGR",NA,0.85,28,26,24,5,26,45129,3068.770536
"DNR1987","DNR3",120,2020-06-15,"BEPA","Stump",0.85,13,10.2,8.9,3,10.7,7643,2429.015328
"DNR1987","DNR3",120,2020-06-15,"BEPA","Stump",0.22,7.7,6.9,5.3,3,6.6,760,241.618452
"DNR1987","DNR3",120,2020-06-15,"BEPA","Stump",1.2,9.5,7.2,7.3,4,8,6032,1216.022552
"DNR1987","DNR3",120,2020-06-15,"BEPA","Stump",1.1,9.1,7.4,6.5,4,7.7,5078,1023.731948
"DNR1987","DNR3",120,2020-06-15,"BEPA","Stump",0.34,6.4,6.4,8.5,5,7.1,1346,226.687505
"DNR1987","DNR3",120,2020-06-15,"POGR","Stump",0.52,7.5,6.2,6.6,2,6.8,1870,706.861928
"DNR1987","DNR3",0,2020-06-15,"POGR",NA,1.08,6.1,5.5,5.1,1,5.6,2628,1573.668776
"DNR1987","DNR3",120,2020-06-15,"POGR",NA,1.13,5.3,5,5,1,5.1,2308,1382.031479
"DNR1987","DNR3",120,2020-06-15,"POGR",NA,1.25,5,5,5.6,2,5.2,2655,1003.456109
"DNR1987","DNR3",120,2020-06-15,"POGR",NA,0.59,5.5,5.9,6,3,5.8,1559,443.174476
"DNR1987","DNR3",120,2020-06-15,"POGR",NA,0.87,6.3,8.2,6.2,3,6.9,3253,924.877417
"DNR1987","DNR3",120,2020-06-15,"POGR",NA,0.45,5.3,5.3,5,3,5.2,956,271.697688
"DNR1987","DNR3",0,2014-05-14,"POGR",NA,1.23,6.1,6.7,7.6,4,6.8,44.52477166,11.90279677
"DNR1987","DNR3",0,2014-05-14,"POGR",NA,0.36,5.8,6,6,4,5.9,10.01099915,2.676238056
"DNR1987","DNR3",0,2014-05-14,"POGR",NA,0.21,6.4,5.7,6,4,6,5.844697513,1.562461616
"DNR1987","DNR3",120,2020-06-15,"BEPA",NA,0.44,5.8,5.5,5.1,3,5.5,1033,328.202313
"DNR1987","DNR3",120,2020-06-15,"BEPA",NA,0.51,10.9,10.2,9,5,10,4032,679.035729
"DNR1987","DNR3",120,2020-06-15,"PIST",NA,0.55,6.3,6.2,6.8,3,6.4,1788,508.278265
"DNR1987","DNR3",120,2020-06-15,"PIST",NA,0.7,10,8.5,8,5,8.8,4290,291.706477
"DNR1987","DNR3",120,2020-06-15,"PIST",NA,1.38,5,5.4,8,5,6.1,4077,277.249657
"IP","IP1",0,2020-06-17,"ACSA",NA,2.01,13.7,13,14.1,1,13.6,29199,23458.24852
"IP","IP1",0,2020-06-17,"ACSA",NA,2.76,15.9,14.6,14.1,1,14.9,47910,38490.89405
"IP","IP1",0,2020-06-17,"ACSA",NA,3.07,12.4,15.7,13.7,1,13.9,46810,37607.12541
"IP","IP1",0,2020-06-17,"ACSA",NA,0.73,10.4,9,12.8,1,10.7,6605,5306.568844
"IP","IP1",0,2020-06-17,"ACSA",NA,0.92,7.1,6.9,7.8,1,7.3,3815,3065.34961
"IP","IP1",0,2020-06-17,"ACSA",NA,1.46,27.7,23.9,29.5,1,27,83800,67324.59717
"IP","IP1",0,2020-06-17,"ACSA",NA,0.89,7.8,6.1,6.1,1,6.7,3107,2495.911587
"IP","IP1",0,2020-06-17,"ACSA",NA,0.71,17.1,15.6,14.9,1,15.9,14038,11278.50285
"IP","IP1",0,2020-06-17,"ACSA",NA,2.01,7.8,7.2,5.5,2,6.8,7371,4367.566298
"IP","IP1",0,2020-06-17,"ACSA",NA,0.87,6.9,7.2,6,2,6.7,3067,1817.385648
"IP","IP1",0,2020-06-17,"ACSA",NA,2.12,7.7,7.8,8.5,2,8,10656,6313.847251
"IP","IP1",0,2020-06-17,"FAGR",NA,0.31,8.4,9.9,9.9,1,9.4,2151,1728.379513
"IP","IP1",0,2020-06-17,"FAGR",NA,1.46,20.4,16.4,16.8,1,17.9,36604,29407.73895
"IP","IP1",0,2020-06-17,"FAGR",NA,0.21,12,11.2,10.9,1,11.4,2131,1712.013764
"IP","IP1",0,2020-06-17,"FAGR",NA,0.21,10.4,10.6,11.6,1,10.9,1948,1564.709409
"IP","IP1",0,2020-06-17,"FAGR",NA,5.44,23,15.4,18.2,1,18.9,152082,122183.0498
"IP","IP1",0,2020-06-17,"FAGR",NA,0.84,11,11.1,10.9,2,11,7983,4729.801258
"IP","IP1",0,2020-06-17,"FAGR",NA,1.13,10.8,10.3,10,2,10.4,9538,5651.125447
"IP","IP1",0,2020-06-17,"FAGR",NA,0.68,5.9,6.5,7.3,2,6.6,2303,1364.511159
"IP","IP1",0,2020-06-17,"FAGR",NA,0.29,7.2,8.2,10.3,2,8.6,1672,990.375689
"IP","IP1",0,2020-06-17,NA,NA,0.53,5,5.4,5.6,2,5.3,1184,510.791131
"IP","IP1",0,2020-06-17,NA,NA,0.82,5.1,5.3,5,2,5.1,1697,732.120903
"IP","IP1",0,2020-06-17,NA,NA,1.06,5.9,6.2,6.1,2,6.1,3064,1321.831673
"IP","IP1",0,2020-06-17,NA,NA,1,5.6,5.4,5,2,5.3,2234,963.75685
"IP","IP1",0,2020-06-17,NA,NA,1.21,6.4,7.1,7.8,3,7.1,4791,1607.732908
"IP","IP1",0,2020-06-17,NA,NA,6.05,29.7,31.2,29.6,3,30.2,432414,145118.1914
"IP","IP1",0,2020-06-17,NA,NA,0.53,5,5.6,6,4,5.5,1274,320.791338
"IP","IP1",0,2020-06-17,NA,NA,0.33,6.8,7,6.7,4,6.8,1210,304.615676
"IP","IP1",0,2020-06-17,NA,NA,0.72,8.2,9.3,9.4,5,9,4547,730.634718
"IP","IP1",0,2020-06-17,NA,NA,0.32,6.6,6.6,6.5,5,6.6,1084,174.158903
"IP","IP1",0,2020-06-17,NA,NA,0.96,7.7,6.8,6.8,5,7.1,3801,610.79249
"IP","IP1",120,2020-06-17,NA,NA,3.91,5,5.5,6.6,2,5.7,9977,4304.240116
"IP","IP1",120,2020-06-17,NA,NA,0.44,5,5,5,2,5,864,372.702844
"IP","IP1",120,2020-06-17,NA,NA,0.61,6.5,6,8.8,2,7.1,2415,1041.877249
"IP","IP1",120,2020-06-17,NA,NA,1.31,10.8,7.8,8.3,2,9,8272,3568.645171
"IP","IP1",120,2020-06-17,NA,NA,0.58,5.5,5,5,2,5.2,1216,524.588665
"IP","IP1",120,2020-06-17,NA,NA,1.2,5.9,5,5,2,5.3,2647,1142.097044
"IP","IP1",120,2020-06-17,NA,NA,2.27,8.8,7.8,5,2,7.2,9242,3987.134372
"IP","IP1",120,2020-06-17,NA,NA,0.3,6.8,5.4,5,2,5.7,775,334.122453
"IP","IP1",120,2020-06-17,NA,NA,1.44,5,6.2,8.4,2,6.5,4827,2082.582178
"IP","IP1",120,2020-06-17,NA,NA,1.92,10,11.1,10.5,3,10.5,16731,5614.934805
"IP","IP1",120,2020-06-17,NA,NA,0.2,5.1,5,5,3,5,398,133.552867
"IP","IP1",120,2020-06-17,NA,NA,0.59,6.9,6.5,6.2,3,6.5,1978,663.794238
"IP","IP1",120,2020-06-17,NA,NA,0.21,6,6.3,5.2,4,5.8,561,141.262205
"IP","IP1",120,2020-06-17,NA,NA,0.23,7.2,6.8,5,4,6.3,725,182.375135
"IP","IP1",120,2020-06-17,NA,NA,0.37,11.3,11.6,11.2,5,11.4,3755,603.356132
"IP","IP1",240,2020-06-17,"FAGR",NA,0.94,9.2,6.8,8.9,2,8.3,5086,3013.438096
"IP","IP1",240,2020-06-17,"FAGR",NA,1.16,8.6,9.6,10.6,2,9.6,8396,4974.835117
"IP","IP1",240,2020-06-17,"FAGR",NA,2.07,5.2,7.4,7,2,6.5,6940,4111.669655
"IP","IP1",240,2020-06-17,"FAGR",NA,2.33,10.2,13.7,12.7,2,12.2,27237,16138.15262
"IP","IP1",240,2020-06-17,"FAGR",NA,0.44,8.5,8,8.5,2,8.3,2400,1421.897925
"IP","IP1",240,2020-06-17,"FAGR",NA,1.1,5,5.3,5.5,2,5.3,2396,1419.850392
"IP","IP1",240,2020-06-17,"FAGR",NA,1.63,5.8,6.8,8.4,2,7,6273,3716.737765
"IP","IP1",240,2020-06-17,"FAGR",NA,1.48,5,5.5,5.8,2,5.4,3432,2033.165121
"IP","IP1",240,2020-06-17,"FAGR",NA,0.38,9.3,9.7,11.7,2,10.2,3125,1851.808504
"IP","IP1",240,2020-06-17,"FAGR",NA,0.81,12.8,13.2,13.2,2,13.1,10862,6435.656852
"IP","IP1",240,2020-06-17,"FAGR",NA,1.32,8.9,8.4,7.6,2,8.3,7142,4231.636476
"IP","IP1",240,2020-06-17,"FAGR",NA,2.57,11.6,8.9,7,2,9.2,16961,10049.26358
"IP","IP1",240,2020-06-17,"FAGR",NA,0.64,8.3,8.5,10.5,2,9.1,4162,2466.272127
"IP","IP1",240,2020-06-17,"FAGR",NA,1.28,8.7,8.7,8.4,2,8.6,7435,4405.397573
"IP","IP1",240,2020-06-17,"FAGR",NA,2.97,5,5.3,7.3,2,5.9,8028,4756.828693
"IP","IP1",240,2020-06-17,"FAGR",NA,2.22,5,8.4,9.3,2,7.6,9983,5914.804784
"IP","IP1",240,2020-06-17,"FAGR",NA,1.12,5.5,5,6.5,2,5.7,2825,1673.59971
"IP","IP1",240,2020-06-17,"FAGR",NA,0.32,8,6.9,7.5,2,7.5,1401,830.198112
"IP","IP1",240,2020-06-17,"FAGR",NA,0.99,5.3,5.2,5.8,2,5.4,2295,1360.022615
"IP","IP1",240,2020-06-17,"FAGR",NA,1.77,7.8,6.9,5,2,6.6,5995,3551.742281
"IP","IP1",240,2020-06-17,"FAGR",NA,0.44,5.7,5,5,2,5.2,946,560.773791
"IP","IP1",240,2020-06-17,"FAGR",NA,1.5,6.8,6.4,7.8,2,7,5773,3420.310827
"IP","IP1",240,2020-06-17,"FAGR",NA,1.93,14.1,9.8,8.9,2,10.9,18120,10735.956
"IP","IP1",240,2020-06-17,"FAGR",NA,0.2,11.3,9.8,9.1,2,10.1,1592,943.147479
"IP","IP1",240,2020-06-17,"FAGR",NA,1.02,6.5,7.2,7.3,2,7,3925,2325.811362
"IP","IP1",240,2020-06-17,"FAGR",NA,0.74,7.5,7.1,7.8,2,7.5,3240,1919.833135
"IP","IP1",240,2020-06-17,"FAGR",NA,0.77,5.6,5.1,5.5,2,5.4,1763,1044.856096
"IP","IP1",240,2020-06-17,"FAGR",NA,0.8,10.3,10.2,10.3,2,10.3,6623,3923.983266
"IP","IP1",240,2020-06-17,"FAGR",NA,0.2,19.4,19.3,19,2,19.2,5811,3442.844031
"IP","IP1",240,2020-06-17,"FAGR",NA,1.52,12.1,21.1,14.4,3,15.9,30054,12935.31854
"IP","IP1",240,2020-06-17,"FAGR",NA,0.28,12.2,13.1,14.1,3,13.1,3793,1632.563602
"IP","IP1",240,2020-06-17,"FAGR",NA,0.35,5,5,6.5,3,5.5,832,357.894947
"IP","IP1",240,2020-06-17,"FAGR",NA,0.52,5.6,5.5,5,3,5.4,1176,506.2613
"IP","IP1",240,2020-06-17,"FAGR",NA,1.01,5,5.4,5.4,3,5.3,2200,947.011346
"IP","IP1",240,2020-06-17,"FAGR",NA,0.52,5.6,5.4,5,4,5.3,1162,357.10386
"IP","IP1",240,2020-06-17,NA,NA,0.25,5.4,5.3,5,3,5.2,538,180.471504
"IP","IP1",240,2020-06-17,NA,NA,0.32,6,5.1,5.3,3,5.5,751,252.06178
"IP","IP1",240,2020-06-17,NA,NA,0.72,9.1,7.8,5.8,3,7.6,3238,1086.559554
"IP","IP1",240,2020-06-17,NA,NA,1.1,6,6.5,7.8,3,6.8,3956,1327.559776
"IP","IP1",0,2014-06-07,NA,NA,1.92,5.2,5.2,5,4,5.1,40.00127094,10.0701023
"IP","IP1",0,2014-06-07,"FAGR",NA,0.91,6.2,6.5,7.4,4,6.7,31.69749178,9.743808972
"IP","IP1",0,2014-06-07,"FAGR",NA,1.01,12,12.4,11.6,4,12,116.1744208,35.71201696
"IP","IP1",120,2014-06-07,"FAGR",NA,0.67,6,6.4,6.3,2,6.2,20.72680152,12.2806299
"IP","IP1",240,2014-06-07,"TSCA",NA,1.03,6.1,5.7,5.9,3,5.9,27.69340104,7.872974904
"IP","IP1",240,2014-06-07,"TSCA",NA,0.68,5,5.9,5.4,3,5.4,16.47964314,4.685008414
"IP","IP1",240,2014-06-07,"TSCA",NA,0.39,8.5,7.5,6.2,5,7.4,17.02240563,1.156931746
"IP","IP1",240,2014-06-07,"TSCA",NA,0.79,5,5,5,3,5,15.51161373,4.409806705
"IP","IP1",240,2014-06-07,"TSCA",NA,1.24,7,6.6,5.9,4,6.5,41.56416092,11.11133739
"IP","IP1",0,2014-06-07,NA,NA,4.18,6.7,6.5,5,3,6.1,126.0877164,42.31777416
"IP","IP1",0,2014-06-07,NA,NA,3.17,7.4,8.2,9.6,2,8.4,174.6118141,75.32984008
"IP","IP1",0,2014-06-07,NA,NA,5.96,29.6,34.9,45,3,36.5,6195.049391,2079.193029
"IP","IP1",0,2014-06-07,NA,NA,0.66,5,5.7,5,3,5.2,14.85800538,4.986669072
"IP","IP1",0,2014-06-07,NA,NA,0.69,6.6,7.9,6.8,3,7.1,28.94600639,9.71490797
"IP","IP1",0,2014-06-07,NA,NA,0.65,5.1,5.5,5.1,2,5.2,14.34699915,6.189484699
"IP","IP1",0,2014-06-07,NA,NA,0.85,6.7,6.7,6.4,2,6.6,29.30713247,12.64348357
"IP","IP1",0,2014-06-07,NA,NA,0.79,6,6.2,5,3,5.7,21.31088905,7.152396881
"IP","IP1",240,2014-06-07,NA,NA,0.36,5.1,5.4,5.4,5,5.3,8.020014806,1.288606705
"IP","IP1",0,2014-06-07,NA,NA,1.44,9.9,10.2,11.6,5,10.6,124.3976443,19.9874492
"IP","IP1",0,2014-06-07,NA,NA,0.41,5.5,6.9,6,5,6.1,12.92453836,2.076635416
"IP","IP1",120,2014-06-07,NA,NA,0.28,6.3,5.4,5,2,5.6,6.745051787,2.909904322
"IP","IP2",0,2020-06-17,"ACSA",NA,0.67,6.4,6.5,6.9,1,6.6,2292,1841.553679
"IP","IP2",0,2020-06-17,NA,NA,0.95,5,6,7.4,2,6.1,2807,1210.840013
"IP","IP2",120,2020-06-18,"ACSA",NA,0.43,15,13.6,14.8,4,14.5,7068,2172.696925
"IP","IP2",120,2020-06-18,"FAGR",NA,1.12,6.1,6.4,7.2,1,6.6,3793,3047.401481
"IP","IP2",120,2020-06-18,"FAGR",NA,1.11,8.7,10.2,11,1,10,8660,6957.361262
"IP","IP2",120,2020-06-18,"FAGR",NA,0.2,5,5,5.7,1,5.2,430,345.627667
"IP","IP2",0,2020-06-17,"TSCA",NA,0.57,5,5.4,6.1,1,5.5,1354,810.77318
"IP","IP2",0,2020-06-17,"TSCA",NA,0.93,7.1,7,5.6,1,6.6,3150,1885.697525
"IP","IP2",0,2020-06-17,"TSCA",NA,0.34,5,5,5,1,5,668,399.685198
"IP","IP2",0,2020-06-17,"TSCA",NA,0.42,5.6,5.8,5.2,2,5.5,1010,381.772497
"IP","IP2",0,2020-06-17,"TSCA",NA,0.67,6.9,7,7.4,3,7.1,2653,754.150878
"IP","IP2",0,2020-06-17,"TSCA",NA,0.8,6.1,5.2,5.2,4,5.5,1901,508.047368
"IP","IP2",0,2020-06-17,"TSCA",NA,0.6,6,7,5.4,4,6.1,1773,473.841645
"IP","IP2",0,2020-06-17,NA,NA,1.9,7.2,7,6.4,2,6.9,7036,3035.397376
"IP","IP2",0,2014-06-05,NA,NA,0.81,5.7,5.7,7.2,2,6.2,23.62744711,10.19319238
"IP","IP2",0,2014-06-05,NA,NA,0.42,6.3,5.2,5.7,2,5.7,10.37212523,4.474671652
"IP","IP2",0,2014-06-05,NA,NA,1.57,18.7,11.5,12,2,14.1,228.3737321,98.52344073
"IP","IP2",0,2014-06-05,NA,NA,0.24,5,6,5.4,3,5.5,5.923787108,1.988151519
"IP","IP2",120,2014-06-05,NA,NA,0.48,5,8.8,5.8,5,6.5,19.38739658,3.115047769
"IP","IP2",NA,2014-06-05,NA,NA,0.46,10.4,9.8,10,5,10.1,36.13794973,5.806423736
"IP","IP2",NA,2014-06-05,NA,NA,0.37,7.9,11.1,7.9,4,9,26.47438455,6.664782256
"IP","IP2",NA,2014-06-05,NA,NA,0.24,6.2,5.1,5,3,5.4,5.421760602,1.819660528
"IP","IP2",NA,2014-06-05,NA,NA,2.5,7.2,6.2,7,3,6.8,86.96975663,29.18893786
"IP","IP2",NA,2014-06-05,NA,NA,0.96,5,5,5,4,5,18.84955592,4.745273137
"IP","IP2",240,2014-06-05,NA,NA,0.5,5.1,5.4,5,5,5.2,10.72526642,1.723269914
"IP","IP2",240,2014-06-05,NA,NA,0.73,6,5.9,6,2,6,20.29817047,8.756898516
"IP","IP2",240,2014-06-05,NA,NA,1.14,5,6.1,6.4,4,5.8,31.32544867,7.886011251
"IP","IP2",120,2014-06-05,"FAGR",NA,0.99,8.9,9.7,8.6,3,9.1,66.23380522,28.50901678
"IP","IP2",240,2014-06-05,"FAGR",NA,1.38,6.4,6.6,6.1,1,6.4,44.76117651,35.95889115
"IP","IP2",240,2014-06-05,"FAGR",NA,1.66,10.5,10.6,10.5,3,10.5,145.1129397,62.46096265
"IP","IP2",240,2014-06-05,"FAGR",NA,1.04,5.3,5,6,2,5.4,23.22338593,13.75985617
"IP","IP2",240,2014-06-05,"FAGR","Stump",0.9,17.1,13.9,12.9,4,14.6,148.7041467,NA
"IP","IP2",NA,2014-06-05,"TSCA",NA,1.23,5.8,5.7,5.9,3,5.8,32.22064549,9.160028159
"IP","IP2",NA,2014-06-05,"TSCA",NA,0.65,6.3,5.4,5,3,5.6,15.65815593,4.451467284
"IP","IP2",NA,2014-06-05,"TSCA",NA,0.46,5.4,5,5,2,5.1,9.402996252,3.553901718
"IP","IP2",NA,2014-06-05,"TSCA",NA,1.7,36.7,32.2,22.7,3,30.5,1301.472563,369.9964771
"IP","IP2",NA,2014-06-05,"TSCA",NA,0.76,26.5,25,27.3,4,26.3,402.1671089,107.5112389
"IP","IP2",120,2014-06-05,"TSCA",NA,0.25,5.2,5.5,5,3,5.2,5.518731095,1.568923634
"IP","IP2",240,2014-06-05,"TSCA",NA,0.95,5.9,5.6,5.5,3,5.7,23.82884938,6.774319011
"IP","IP2",240,2020-06-18,"FAGR",NA,0.73,7.6,7.9,7.8,2,7.8,3458,2049.134328
"IP","IP2",240,2020-06-18,"FAGR",NA,0.96,6.8,5.3,5.6,2,5.9,2625,1555.082709
"IP","IP2",240,2020-06-18,"FAGR",NA,1.41,7.3,7.3,6.4,2,7,5426,3215.092177
"IP","IP2",240,2020-06-18,"FAGR",NA,1.25,5,5.4,5.5,2,5.3,2758,1633.954611
"IP","IP2",240,2020-06-18,"FAGR",NA,3.53,7,8.3,9.4,2,8.2,18794,11135.36196
"IP","IP2",240,2020-06-18,"FAGR",NA,4.1,6,10.7,15.1,2,10.6,36181,21437.4845
"IP","IP2",240,2020-06-18,"FAGR",NA,0.68,6.3,7.9,7.6,2,7.3,2820,1670.927576
"IP","IP2",240,2020-06-18,"FAGR",NA,2.75,5,6.7,8.5,2,6.7,9792,5801.912293
"IP","IP2",240,2020-06-18,"FAGR",NA,2,5.9,6.8,8.4,2,7,7770,4603.950365
"IP","IP2",240,2020-06-18,"FAGR",NA,0.3,6.7,6.4,5.4,2,6.2,896,530.88498
"IP","IP2",240,2020-06-18,"FAGR",NA,0.75,7.1,9.2,9.4,2,8.6,4323,2561.316438
"IP","IP2",240,2020-06-18,"FAGR",NA,2.26,12.3,16.4,16.4,2,15,40115,23768.25234
"IP","IP2",240,2020-06-18,"FAGR",NA,0.62,18,18.8,20,2,18.9,17456,10342.46566
"IP","IP2",240,2020-06-18,"FAGR",NA,0.58,6,5.6,7,2,6.2,1751,1037.503591
"IP","IP2",240,2020-06-18,"FAGR",NA,0.95,6,5.6,5.8,2,5.8,2510,1487.160454
"IP","IP2",240,2020-06-18,"FAGR",NA,0.47,12,12.3,12.2,2,12.2,5464,3237.571091
"IP","IP2",240,2020-06-18,"FAGR",NA,0.68,8.7,8,8.6,2,8.4,3798,2250.534535
"IP","IP2",240,2020-06-18,"FAGR",NA,0.91,7.9,8.2,7,2,7.7,4238,2510.736168
"IP","IP2",240,2020-06-18,NA,NA,0.57,6.3,6.3,6.6,2,6.4,1834,791.051623
"IP","IP2",240,2020-06-18,NA,NA,0.44,5.4,5.4,5,3,5.3,959,321.688973
"IP","IP2",240,2020-06-18,NA,NA,0.34,10.7,9.6,9,4,9.8,2547,641.128001
"IP","IP2",120,2020-06-18,NA,NA,0.21,5,6.4,6.5,2,6,587,253.310312
"IP","IP2",120,2020-06-18,NA,NA,0.23,5,6.5,6.8,2,6.1,672,289.972978
"IP","IP2",120,2020-06-18,NA,NA,0.23,5,6,6.3,2,5.8,601,259.147817
"IP","IP2",120,2020-06-18,NA,NA,0.29,6,6.3,7.1,2,6.5,952,410.893216
"IP","IP2",120,2020-06-18,NA,NA,1.03,6.3,6.4,5.6,2,6.1,3010,1298.574639
"IP","IP2",120,2020-06-18,NA,NA,0.38,7,6.5,6.3,2,6.6,1300,560.84324
"IP","IP2",120,2020-06-18,NA,NA,0.66,7.3,6.5,5.8,3,6.5,2213,742.549487
"IP","IP2",120,2020-06-18,NA,NA,0.43,5.7,5.5,5.2,4,5.5,1009,254.031012
"IP","IP2",240,2020-06-18,"FAGR",NA,1.39,7.1,6.9,7.1,1,7,5400,4338.692891
"IP","IP2",240,2020-06-18,"FAGR",NA,0.48,15.5,16.3,18,1,16.6,10388,8346.014256
"IP","IP2",240,2020-06-18,"FAGR",NA,0.29,12,11.1,10.4,1,11.2,2840,2281.743444
"IP","IP2",240,2020-06-18,"FAGR",NA,1.17,14.5,11,9.2,1,11.6,12294,9876.976277
"IP","IP2",240,2020-06-18,"FAGR",NA,1.35,5,6.2,7.5,1,6.2,4120,3309.757545
"IP","IP2",240,2020-06-18,"FAGR",NA,1.57,44.5,43.1,42.5,2,43.4,231900,137401.0249
"IP","IP2",120,2020-06-18,"FAGR",NA,2.12,25.2,18.6,18.1,1,20.6,70887,56950.34486
"IP","IP2",120,2020-06-18,"FAGR",NA,3.43,18.3,17.5,15.7,1,17.2,79388,63780.47913
"IP","IP2",120,2020-06-18,"FAGR",NA,0.32,7.2,6.2,6.4,1,6.6,1095,879.548026
"IP","IP2",120,2020-06-18,"FAGR",NA,1.44,5.7,5.1,5,1,5.3,3137,2520.321042
"IP","IP2",120,2020-06-18,"FAGR",NA,0.72,10.5,11,12,1,11.2,7051,5665.018205
"IP","IP2",120,2020-06-18,"FAGR",NA,1.36,5,6.1,5.8,2,5.6,3390,2008.389972
"IP","IP2",120,2020-06-18,"FAGR",NA,1.31,5,5.6,5.1,2,5.2,2818,1669.576515
"IP","IP2",120,2020-06-18,"FAGR",NA,2.13,7.8,6.6,5.6,2,6.7,7435,4405.298298
"IP","IP2",120,2020-06-18,"FAGR",NA,2,6.2,7.3,8.2,2,7.2,8219,4869.509192
"IP","IP2",120,2020-06-18,"FAGR",NA,1.54,6.2,5.7,5.4,2,5.8,4022,2383.135048
"IP","IP2",120,2020-06-18,"FAGR",NA,0.29,5,5.1,5.4,2,5.2,608,360.244302
"IP","IP2",120,2020-06-18,"FAGR",NA,0.42,5.1,5.5,6.5,2,5.7,1072,635.005136
"IP","IP2",120,2020-06-18,"FAGR",NA,0.56,6.2,6.2,6,2,6.1,1655,980.300896
"IP","IP2",120,2020-06-18,"FAGR",NA,0.37,5.6,6.6,7.1,2,6.4,1203,712.610256
"IP","IP2",120,2020-06-18,"FAGR",NA,2.37,5.9,8.3,9.1,2,7.8,11228,6652.668981
"IP","IP2",120,2020-06-18,"FAGR",NA,1.01,5.1,7.5,7.2,2,6.6,3455,2047.328259
"IP","IP2",120,2020-06-18,"FAGR",NA,1.1,8.8,8.7,8.5,2,8.7,6489,3844.811989
"IP","IP2",120,2020-06-18,"FAGR",NA,0.58,6.7,6.6,6.9,2,6.7,2065,1223.676047
"IP","IP2",120,2020-06-18,"FAGR",NA,0.4,6.4,6.1,5.7,2,6.1,1156,685.075591
"IP","IP2",120,2020-06-18,"FAGR",NA,0.72,5,5.2,5.8,2,5.3,1608,953.033547
"IP","IP2",120,2020-06-18,"FAGR",NA,0.59,5,5.3,7,2,5.8,1541,913.019272
"IP","IP2",120,2020-06-18,"FAGR",NA,0.35,5.2,5.4,5.6,2,5.4,802,474.934589
"IP","IP2",120,2020-06-18,"FAGR",NA,0.57,5,5.9,5.2,2,5.4,1289,763.945425
"IP","IP2",120,2020-06-18,"FAGR",NA,2.57,7.2,5.1,5,2,5.8,6712,3977.050047
"IP","IP2",120,2020-06-18,"FAGR",NA,0.26,5,5.4,5.7,2,5.4,588,348.466334
"IP","IP2",120,2020-06-18,"FAGR",NA,0.65,5.5,5.7,5.6,3,5.6,1601,689.051297
"IP","IP2",240,2020-06-18,"FAGR",NA,1.89,7.8,8.3,7.2,2,7.8,8954,5305.292985
"IP","IP2",240,2020-06-18,"FAGR",NA,0.23,18.3,17.5,17.4,2,17.7,5681,3365.788539
"IP","IP2",240,2020-06-18,"FAGR",NA,1.31,6,5.2,5.1,2,5.4,3037,1799.625884
"IP","IP2",240,2020-06-18,"FAGR",NA,0.94,5,5.4,5.6,2,5.3,2100,1244.238242
"IP","IP2",240,2020-06-18,"FAGR",NA,1.37,12.1,9.3,9.5,2,10.3,11415,6763.527382
"IP","IP2",240,2020-06-18,"FAGR",NA,0.56,7.7,5.5,5.6,2,6.3,1727,1023.385954
"IP","IP2",240,2020-06-18,"FAGR",NA,0.27,11.5,10.6,9.8,2,10.6,2398,1420.629592
"IP","IP3",0,2020-06-18,"FAGR",NA,1.05,5.9,5.3,5,1,5.4,2405,1931.961766
"IP","IP3",0,2020-06-18,"FAGR",NA,0.7,6.5,6.4,6.8,2,6.6,2371,1404.64384
"IP","IP3",0,2020-06-18,"FAGR",NA,0.55,6.7,6.7,6.8,2,6.7,1958,1160.382459
"IP","IP3",0,2020-06-18,"FAGR",NA,1.39,6.8,6.4,5.8,2,6.3,4379,2594.524217
"IP","IP3",0,2020-06-18,"FAGR",NA,2.7,11.5,10.4,10.2,2,10.7,24278,14384.98971
"IP","IP3",0,2020-06-18,"FAGR",NA,1.33,7.4,6.5,6.4,2,6.8,4783,2833.866866
"IP","IP3",0,2020-06-18,"FAGR",NA,0.98,5,5,5,2,5,1924,1140.103609
"IP","IP3",0,2020-06-18,"FAGR",NA,1.01,10.9,11.4,12.1,1,11.5,10430,8379.487515
"IP","IP3",0,2020-06-18,"FAGR",NA,0.67,10.6,10.4,10.3,1,10.4,5728,4601.958279
"IP","IP3",0,2020-06-18,"FAGR",NA,1.92,23.9,19.3,17.6,1,20.3,61938,49760.82666
"IP","IP3",0,2020-06-18,"FAGR",NA,0.71,18.3,17.5,17.6,1,17.8,17668,14194.49879
"IP","IP3",0,2020-06-18,"FAGR",NA,2.6,9.5,9.2,8,2,8.9,16175,9583.664402
"IP","IP3",0,2020-06-18,"FAGR",NA,2.17,7.6,6.1,5.7,2,6.5,7127,4222.784515
"IP","IP3",0,2020-06-18,"FAGR",NA,1.46,5,5.8,5.6,2,5.5,3427,2030.375099
"IP","IP3",0,2020-06-18,"FAGR",NA,0.65,8.4,8.9,8.7,2,8.7,3834,2271.934357
"IP","IP3",0,2020-06-18,"FAGR",NA,0.41,6.4,6.5,6.4,2,6.4,1333,789.649203
"IP","IP3",0,2020-06-18,"FAGR",NA,0.7,5,6.8,6.3,2,6,2001,1185.743947
"IP","IP3",0,2020-06-18,"FAGR",NA,2.25,7,8.7,9.5,3,8.4,12469,5366.649527
"IP","IP3",0,2020-06-18,NA,NA,0.23,5.1,5.8,5.6,3,5.5,546,183.385523
"IP","IP3",0,2020-06-18,NA,NA,1.8,15.2,13,11.9,4,13.4,25259,6357.580059
"IP","IP3",0,2020-06-18,NA,NA,0.75,13.8,17,18.8,5,16.5,16102,2587.544724
"IP","IP3",120,2020-06-19,"FAGR",NA,4.42,23,25.3,26,1,24.8,212935,171072.0644
"IP","IP3",120,2020-06-19,"FAGR",NA,0.42,5,5,6.1,1,5.4,950,763.273601
"IP","IP3",120,2020-06-19,"FAGR",NA,1.17,9.2,6.1,8.1,1,7.8,5591,4491.555557
"IP","IP3",120,2020-06-19,"FAGR",NA,0.49,5,5.2,5.6,1,5.3,1067,857.609243
"IP","IP3",120,2020-06-19,"FAGR",NA,1.93,5.9,5.3,6.1,1,5.8,5041,4049.754667
"IP","IP3",120,2020-06-19,"FAGR",NA,1.74,7.7,6.4,6,1,6.7,6135,4928.565838
"IP","IP3",120,2020-06-19,"FAGR",NA,1.09,10.3,8.8,10.1,1,9.7,8110,6515.854834
"IP","IP3",120,2020-06-19,"FAGR",NA,2.62,11.3,13.1,17,1,13.8,39188,31483.36707
"IP","IP3",120,2020-06-19,"FAGR",NA,0.22,5.4,5.5,6,1,5.6,548,440.529797
"IP","IP3",120,2020-06-19,"FAGR",NA,0.7,5.8,6,7.7,1,6.5,2323,1866.149626
"IP","IP3",120,2020-06-19,"FAGR",NA,0.33,8.5,10.9,9.8,2,9.7,2455,1454.840456
"IP","IP3",120,2020-06-19,"FAGR",NA,0.26,11.2,11.4,12.1,2,11.6,2732,1618.706178
"IP","IP3",120,2020-06-19,"FAGR",NA,0.85,5.1,6.2,6.5,2,5.9,2350,1392.498246
"IP","IP3",120,2020-06-19,"FAGR",NA,2.48,5,5.6,8.9,2,6.5,8229,4875.920659
"IP","IP3",120,2020-06-19,"FAGR",NA,1.69,9.6,6,5.2,2,6.9,6381,3780.49877
"IP","IP3",120,2020-06-19,"FAGR",NA,0.97,17.2,20.9,22.8,2,20.3,31395,18601.24642
"IP","IP3",120,2020-06-19,"FAGR",NA,1.07,19.3,16.4,13.7,2,16.5,22787,13501.23206
"IP","IP3",120,2020-06-19,"FAGR",NA,1.2,5,5,5,2,5,2356,1396.045235
"IP","IP3",120,2020-06-19,"FAGR",NA,0.23,11.7,12.7,8.1,3,10.8,2120,912.460751
"IP","IP3",120,2020-06-19,"FAGR",NA,0.29,6,5.8,5.5,3,5.8,757,325.994174
"IP","IP3",120,2020-06-19,"TSCA",NA,1.3,5,6.2,6.9,1,6,3717,2225.138931
"IP","IP3",120,2020-06-19,"TSCA",NA,1.38,12.4,11.2,9.6,1,11.1,13274,7947.158667
"IP","IP3",120,2020-06-19,"TSCA",NA,0.92,5.5,5,5,1,5.2,1929,1154.802868
"IP","IP3",120,2020-06-19,"TSCA",NA,1.57,7.6,7,5,1,6.5,5263,3151.145272
"IP","IP3",120,2020-06-19,"TSCA",NA,0.34,6.4,6.4,6.3,1,6.4,1082,648.040699
"IP","IP3",120,2020-06-19,"TSCA",NA,0.6,5.2,5,5,1,5.1,1210,724.260927
"IP","IP3",0,2020-06-18,"FAGR",NA,1.79,5.2,8,9.1,2,7.4,7768,4602.549666
"IP","IP3",0,2020-06-18,"FAGR",NA,2.22,10.6,9.5,5.5,2,8.5,12696,7522.611467
"IP","IP3",0,2020-06-18,"FAGR",NA,0.38,5,6.3,7,2,6.1,1111,657.993347
"IP","IP3",0,2020-06-18,"FAGR",NA,0.22,5,5.2,5.2,2,5.1,455,269.77385
"IP","IP3",0,2020-06-18,"FAGR",NA,0.67,6.2,5.1,5,2,5.4,1553,920.419345
"IP","IP3",0,2020-06-18,"FAGR",NA,1.03,5.4,5.6,6.5,2,5.8,2753,1630.981552
"IP","IP3",0,2020-06-18,"FAGR",NA,0.69,5.5,5,5,2,5.2,1447,857.132996
"IP","IP3",0,2014-06-05,NA,NA,0.76,5.2,5.3,5,4,5.2,16.14422577,4.064220992
"IP","IP3",0,2014-06-05,NA,NA,1.1,5,5.2,5.3,3,5.2,23.14345858,7.76744699
"IP","IP3",0,2014-06-05,NA,NA,0.67,5,6.6,7.2,3,6.3,21.4415793,7.196259367
"IP","IP3",0,2014-06-05,NA,NA,0.31,5,5.8,5.5,3,5.4,7.443388564,2.498162749
"IP","IP3",120,2014-06-05,NA,NA,6,21.9,20.4,17.4,5,19.9,1897.843976,304.9339099
"IP","IP3",120,2014-06-05,NA,NA,2.97,8.7,8.5,8.9,3,8.7,174.5586688,58.58567776
"IP","IP3",120,2014-06-05,NA,NA,0.39,5,10.4,5,3,6.8,18.90516211,6.34498271
"IP","IP3",120,2014-06-05,NA,NA,1.42,7.3,10.7,6.6,3,8.2,88.21005741,29.60520972
"IP","IP3",240,2014-06-05,NA,NA,1.8,5,6,6.5,3,5.8,49.06775026,16.46820192
"IP","IP3",240,2014-06-05,NA,NA,0.68,6.7,6,6,3,6.2,20.3917114,6.843900913
"IP","IP3",240,2014-06-05,NA,NA,0.48,5,6.9,12.8,5,8.2,25.56502438,4.107631049
"IP","IP3",240,2014-06-05,NA,NA,0.21,17.1,13.4,15.1,5,15.2,36.03854451,5.790451915
"IP","IP3",240,2014-06-05,"BEPA",NA,3.19,23.5,22.3,16,5,20.6,1120.624321,188.7173618
"IP","IP3",240,2014-06-05,"BEPA",NA,1.08,21,21.3,20.3,5,20.9,373.2438267,62.85566802
"IP","IP3",0,2014-06-05,"FAGR",NA,1.27,11.3,10.1,9.3,2,10.2,104.1110977,61.6858254
"IP","IP3",0,2014-06-05,"FAGR",NA,2.19,10.6,10.1,10.8,2,10.5,186.0949112,110.2612349
"IP","IP3",0,2014-06-05,"FAGR",NA,1.1,5.7,7,7.2,2,6.6,39.2559019,23.25912188
"IP","IP3",0,2014-06-05,"FAGR",NA,0.44,5,5.2,5.4,4,5.2,9.348960858,2.873870568
"IP","IP3",0,2014-06-05,"FAGR",NA,0.33,5,5.5,5,4,5.2,7.149086782,2.197629277
"IP","IP3",0,2014-06-05,"FAGR",NA,1.32,9,10.3,9.9,2,9.7,101.229341,59.97838452
"IP","IP3",0,2014-06-05,"FAGR",NA,0.46,6,5.4,5,4,5.5,10.76142092,3.308060789
"IP","IP3",240,2020-06-18,NA,NA,0.25,5.1,5,5.6,2,5.2,538,231.988697
"IP","IP3",120,2020-06-19,"TSCA",NA,0.67,5.3,5,5,1,5.1,1369,819.434594
"IP","IP3",120,2020-06-19,NA,NA,1.02,8.4,6.8,7,2,7.4,4387,1892.490174
"IP","IP3",120,2020-06-19,NA,NA,0.36,5,5.3,6.2,2,5.5,855,368.975816
"IP","IP3",120,2020-06-19,NA,NA,0.53,5.5,5.2,6.4,2,5.7,1352,583.439197
"IP","IP3",120,2020-06-19,NA,NA,0.36,7.9,6.6,5,3,6.5,1195,400.904608
"IP","IP3",120,2020-06-19,NA,NA,3.31,19.4,20,16.4,3,18.6,89938,30183.23018
"IP","IP3",120,2020-06-19,NA,NA,0.6,12,14.6,15,5,13.9,9061,1456.133389
"IP","IP3",240,2020-06-18,"FAGR",NA,0.65,5,5,5.3,2,5.1,1328,786.741292
"IP","IP3",240,2020-06-18,"FAGR",NA,0.63,5.3,5.2,5.5,2,5.3,1407,833.904354
"IP","IP3",240,2020-06-18,"FAGR",NA,0.35,5.8,7,5.3,2,6,1001,592.871974
"IP","IP3",240,2020-06-18,"FAGR",NA,0.2,5.1,5.6,5,2,5.2,430,254.897178
"IP","IP3",240,2020-06-18,"FAGR",NA,0.68,5,5.2,5.1,2,5.1,1389,823.052429
"IP","IP3",240,2020-06-18,NA,NA,0.62,5,5.3,5,3,5.1,1267,425.053773
"IP","IP3",240,2020-06-18,NA,NA,0.31,5,5,5,3,5,609,204.274208
"IP","IP3",240,2020-06-18,NA,NA,2.36,5,7.6,6.5,3,6.4,7513,2521.436652
"IP","IP3",240,2020-06-18,NA,NA,0.25,5,5,5,3,5,491,164.737265
"PSA1972","PSA1",120,2014-06-10,"ACRU",NA,1.01,7,5.2,5,2,5.7,25.18311143,10.29989258
"PSA1972","PSA1",120,2014-06-10,"POGR",NA,0.48,7,6.5,6.3,3,6.6,16.31366233,4.637821622
"PSA1972","PSA1",120,2014-06-10,"POGR",NA,0.47,5.5,5.5,5,3,5.3,10.67421554,3.034579644
"PSA1972","PSA1",120,2014-06-10,"POGR",NA,2.11,9.7,8,7.4,3,8.4,114.2494492,32.48004985
"PSA1972","PSA1",120,2014-06-10,"POGR",NA,0.83,6.8,7.7,7.7,3,7.4,36.47923142,10.37070431
"PSA1972","PSA1",120,2014-06-10,"POGR",NA,0.43,5.3,5.5,5,3,5.3,9.582276472,2.72415158
"PSA1972","PSA1",120,2014-06-10,"POGR",NA,0.21,5.2,5,5,4,5.1,4.206906722,1.124631388
"PSA1972","PSA1",120,2014-06-10,"POGR",NA,0.41,5.1,5,5,3,5,8.131371175,2.311672774
"PSA1972","PSA1",240,2014-06-10,"POGR",NA,0.47,9,7.2,10.3,5,8.8,26.43821697,1.796879547
"PSA1972","PSA1",240,2014-06-10,"POGR",NA,0.78,10.4,8,6.2,4,8.2,41.59625753,11.11991777
"PSA1972","PSA1",0,2014-06-10,"POGR",NA,0.75,5,5.2,6,3,5.4,16.91354945,4.808363919
"PSA1972","PSA1",0,2014-06-10,"POGR",NA,1.78,5,5.4,5.4,3,5.3,39.2933654,11.17073628
"PSA1972","PSA1",120,2014-06-10,"POGR",NA,0.45,6,6.3,5.4,5,5.9,12.744656,0.8661935
"PSA1972","PSA1",120,2014-06-10,"POGR",NA,0.3,6.7,5.9,5.7,5,6.1,8.645662983,0.587604489
"PSA1972","PSA1",0,2020-07-06,"POGR",NA,2.85,10.1,10.4,11.3,1,10.6,25150,15057.5991
"PSA1972","PSA1",0,2020-07-06,"POGR",NA,1.23,15.1,12.8,11.6,1,13.2,16747,10026.65179
"PSA1972","PSA1",0,2020-07-06,"POGR",NA,1.24,7.3,6.6,5.6,2,6.5,4115,1555.35697
"PSA1972","PSA1",0,2020-07-06,"POGR",NA,5.42,10.6,7.4,5.9,3,8,27017,7681.027501
"PSA1972","PSA1",0,2020-07-06,"POGR",NA,0.89,12.4,8.9,7.9,4,9.7,6622,1770.117274
"PSA1972","PSA1",0,2020-07-06,"POGR",NA,0.84,6.7,6.2,6.4,4,6.4,2730,729.861129
"PSA1972","PSA1",120,2020-07-06,"ACRU",NA,1.7,11.7,8.3,6.9,2,9,10735,4390.602914
"PSA1972","PSA1",120,2020-07-06,"POGR",NA,1.05,8,7.3,7.8,2,7.7,4889,1848.214745
"PSA1972","PSA1",120,2020-07-06,"POGR",NA,1.84,6.4,8,8.8,2,7.7,8643,3266.878363
"PSA1972","PSA1",120,2020-07-06,"POGR",NA,0.37,5,5,5.1,2,5,736,278.288199
"PSA1972","PSA1",120,2020-07-06,"POGR",NA,0.71,8.2,7.2,6.2,3,7.2,2891,821.845313
"PSA1972","PSA1",120,2020-07-06,"POGR",NA,3.68,5.1,7.5,8.4,3,7,14162,4026.3418
"PSA1972","PSA1",120,2020-07-06,"POGR",NA,1.9,7.1,7.1,5.1,3,6.4,6176,1755.870371
"PSA1972","PSA1",120,2020-07-06,"POGR",NA,0.29,8.2,7.9,7.3,4,7.8,1386,370.40432
"PSA1972","PSA1",120,2020-07-06,"POGR",NA,0.43,8,9.9,10.2,4,9.4,2963,792.004093
"PSA1972","PSA1",120,2020-07-06,"POGR",NA,1.22,8.7,6.1,5.6,4,6.8,4431,1184.312999
"PSA1972","PSA1",120,2020-07-06,"POGR",NA,1.01,6.1,7.9,8,4,7.3,4266,1140.284093
"PSA1972","PSA1",120,2020-07-06,"POGR",NA,0.55,7.6,8.5,9.7,5,8.6,3195,217.2493
"PSA1972","PSA1",120,2020-07-06,"PIST","Stump",0.4,25,22,13.5,4,20.2,12777,3415.20731
"PSA1972","PSA1",120,2020-07-06,"POGR","Stump",0.21,8.4,7.7,6.4,3,7.5,928,263.759774
"PSA1972","PSA1",120,2020-07-06,"POGR","Stump",0.91,11.9,8.2,7.1,3,9.1,5875,1670.334426
"PSA1972","PSA1",120,2020-07-06,"POGR","Stump",0.44,11.1,12.1,12.7,4,12,4949,1322.780866
"PSA1972","PSA1",240,2020-07-06,"POGR",NA,0.25,5,5,5,1,5,491,293.886175
"PSA1972","PSA1",240,2014-06-10,"POGR",NA,1.03,7.8,8,8.2,4,8,51.78423307,13.84346688
"PSA1972","PSA1",240,2014-06-10,"POGR",NA,0.65,6,5,5.4,5,5.5,14.64819935,0.995568265
"PSA1972","PSA1",120,2014-06-10,"PIST","Stump",0.24,20.4,14.8,5.5,2,13.6,34.63495945,13.09042762
"PSA1972","PSA1",240,2020-07-06,"POGR",NA,0.68,5.6,5.2,5,3,5.3,1481,421.160195
"PSA1972","PSA1",240,2020-07-06,"POGR","Stump",0.57,8.3,7,7.2,2,7.5,2518,951.873122
"PSA1972","PSA1",240,2020-07-06,"POGR",NA,3.55,6,6.4,7.6,2,6.7,12392,4684.114646
"PSA1972","PSA1",240,2020-07-06,"POGR",NA,2.48,8.6,6.6,5.6,3,6.9,9363,2661.966479
"PSA1972","PSA1",240,2020-07-06,"POGR",NA,1.34,8.2,10.5,10.5,3,9.7,9971,2834.619255
"PSA1972","PSA2",240,2014-06-09,"ACRU",NA,2.44,7.8,7.5,6.2,4,7.2,101.1780283,23.33457944
"PSA1972","PSA2",240,2014-06-09,"POGR",NA,0.65,5.4,5,5,2,5.1,13.28684253,5.021817645
"PSA1972","PSA2",0,2014-06-09,"PIST",NA,0.23,5.2,5.1,5,1,5.1,4.699089571,2.813283203
"PSA1972","PSA2",240,2014-06-09,"POGR",NA,0.58,8,8.4,8,5,8.1,30.6359738,2.082181063
"PSA1972","PSA2",240,2014-06-09,"POGR",NA,0.9,5.4,5.2,5.2,3,5.3,19.48572843,5.539610347
"PSA1972","PSA2",0,2014-06-09,"POGR",NA,1.11,5.6,5.1,5,1,5.2,23.60231437,14.13039559
"PSA1972","PSA2",240,2014-06-09,"POGR",NA,2.12,5.8,5.8,6.2,5,5.9,57.98793608,3.941163522
"PSA1972","PSA2",0,2014-06-09,"POGR",NA,1.32,5.2,5.7,6,1,5.6,33.15102816,19.84708511
"PSA1972","PSA2",0,2014-06-09,"POGR",NA,3.62,10.7,7,5.5,1,7.7,168.7593935,101.0340322
"PSA1972","PSA2",120,2014-06-09,"POGR",NA,0.83,7.2,6.1,5.4,3,6.2,25.23646615,7.174491293
"PSA1972","PSA2",120,2014-06-09,"POGR",NA,0.94,5.4,5.5,5.8,2,5.6,22.7511522,8.598893025
"PSA1972","PSA2",120,2014-06-09,"POGR",NA,1.03,5.4,5.4,5,4,5.3,22.73717211,6.078322889
"PSA1972","PSA2",120,2014-06-09,"POGR",NA,1.11,5.4,8.3,5,5,6.2,40.4308052,2.747889051
"PSA1972","PSA2",120,2014-06-09,"POGR",NA,0.31,6.4,6.9,6,5,6.4,10.458807,0.710835243
"PSA1972","PSA2",120,2014-06-09,"POGR",NA,1.99,5,5.5,5,4,5.2,43.11115969,11.52489621
"PSA1972","PSA2",120,2014-06-09,"POGR",NA,2.23,5.2,5,5,4,5.1,44.67334281,11.94251426
"PSA1972","PSA2",240,2014-06-09,"POGR","Stump",1.16,10.6,9,8.4,3,9.3,52.4695715,14.91660844
"PSA1972","PSA2",120,2020-07-07,"POGR",NA,2.28,6.9,7.5,7.7,1,7.4,9718,5818.030913
"PSA1972","PSA2",120,2020-07-07,"POGR",NA,0.93,6,7.7,8.4,2,7.4,3964,1498.327214
"PSA1972","PSA2",0,2014-06-09,"POGR",NA,0.21,5.1,5.3,5.3,1,5.2,4.546669968,2.722031588
"PSA1972","PSA2",120,2014-06-09,"POGR",NA,2.59,9.1,6.6,6.3,4,7.3,105.5265423,28.21038581
"PSA1972","PSA2",120,2014-06-09,"POGR",NA,0.66,5.4,5.1,5,3,5.2,13.75562051,3.910594258
"PSA1972","PSA2",240,2014-06-09,NA,NA,1.57,9.2,9.1,9.6,4,9.3,105.5306787,26.56677415
"PSA1972","PSA2",0,2014-06-09,NA,NA,0.65,6.2,6.3,5,5,5.8,18.15539484,2.917097299
"PSA1972","PSA2",0,2020-07-07,"PIST",NA,1.42,5,5.3,5.7,2,5.3,3172,1199.13335
"PSA1972","PSA2",0,2020-07-07,"POGR",NA,3.84,9.3,10.1,11,2,10.1,30969,11706.24376
"PSA1972","PSA2",0,2020-07-07,"POGR",NA,0.62,9.7,9.2,9.7,2,9.5,4426,1672.87283
"PSA1972","PSA2",0,2020-07-07,"POGR",NA,1.19,8.3,8.7,8.9,2,8.6,6966,2633.211004
"PSA1972","PSA2",0,2020-07-07,"POGR",NA,1.52,8.3,6.7,5,5,6.7,5306,360.794463
"PSA1972","PSA2",0,2020-07-07,"PIST","Stump",0.9,5.8,5.8,7.1,2,6.2,2746,1038.161441
"PSA1972","PSA2",120,2020-07-07,"POGR",NA,0.89,5.3,6,6.7,3,6,2516,715.416988
"PSA1972","PSA2",240,2020-07-07,"ACRU",NA,0.9,6.3,5,5,2,5.4,2087,853.470272
"PSA1972","PSA2",120,2020-07-07,"POGR",NA,1.15,8.2,9,6.8,3,8,5781,1643.404816
"PSA1972","PSA2",120,2020-07-07,"POGR",NA,0.9,5.1,5,5,3,5,1791,509.12056
"PSA1972","PSA2",240,2020-07-07,"POGR",NA,1.19,7.6,7.9,8,2,7.8,5735,2167.813206
"PSA1972","PSA2",240,2020-07-07,"POGR",NA,1.44,6.2,7.2,6.6,4,6.7,5027,1343.596346
"PSA1972","PSA2",240,2020-07-07,"POGR",NA,0.66,5.9,5.7,5.7,1,5.8,1724,1032.031069
"PSA1972","PSA2",240,2020-07-07,"POGR",NA,0.96,5.4,5.8,5.9,1,5.7,2450,1466.628378
"PSA1972","PSA2",240,2020-07-07,"POGR",NA,0.62,7.5,7.3,8,4,7.6,2813,751.809335
"PSA1972","PSA2",240,2020-07-07,"POGR",NA,1,10.4,11.6,10,5,10.7,8936,607.653832
"PSA1972","PSA3",0,2014-06-09,NA,NA,0.61,6,5.2,5,3,5.4,13.75635355,4.616930811
"PSA1972","PSA3",240,2014-06-09,NA,NA,0.94,5.3,5.5,5.7,3,5.5,22.34264043,7.498675039
"PSA1972","PSA3",120,2014-06-09,"BEPA","Stump",0.23,8.5,5.5,5.1,4,6.4,7.031774477,NA
"PSA1972","PSA3",120,2014-06-09,"BEPA","Stump",0.44,7.3,5.2,5,3,5.8,7.936710241,2.256332491
"PSA1972","PSA3",240,2014-06-09,"PIST","Stump",0.73,38,49.5,69.5,3,52.3,807.9743518,229.6995514
"PSA1972","PSA3",240,2014-06-09,"ACRU",NA,2.17,7,8.2,9.5,2,8.2,116.1859269,47.5200441
"PSA1972","PSA3",0,2014-06-09,"PIST",NA,0.64,14.6,11.4,6.5,5,10.8,63.32361704,4.303804316
"PSA1972","PSA3",0,2014-06-09,"POGR",NA,2.45,5,5.4,5.4,1,5.3,54.08356473,32.3791198
"PSA1972","PSA3",0,2014-06-09,"POGR",NA,1.48,5.4,6.3,6.6,1,6.1,44.11267325,26.40967804
"PSA1972","PSA3",0,2014-06-09,"POGR",NA,0.76,6.3,7,8.4,1,7.2,30.95437422,18.53197725
"PSA1972","PSA3",0,2014-06-09,"POGR",NA,1.63,5.4,6.5,5,4,5.6,44.00897451,11.76490884
"PSA1972","PSA3",120,2014-06-09,"POGR",NA,0.72,5.3,5.9,6,3,5.7,18.88537008,5.368934081
"PSA1972","PSA3",120,2014-06-09,"POGR",NA,0.88,5.8,6.8,6.6,3,6.4,29.25869958,8.317974639
"PSA1972","PSA3",120,2014-06-09,"POGR",NA,0.81,6.3,6.3,5.1,4,5.9,22.99763632,6.147952726
"PSA1972","PSA3",120,2014-06-09,"POGR",NA,1.03,7.6,6.9,6.3,3,6.9,38.90828468,11.06126143
"PSA1972","PSA3",0,2020-07-07,"POGR",NA,3.76,5,6.4,6.9,1,6.1,10988,6578.799556
"PSA1972","PSA3",0,2020-07-07,"POGR",NA,0.95,6.3,6.5,6.8,1,6.5,3185,1906.743954
"PSA1972","PSA3",0,2020-07-07,"POGR",NA,1.18,5,5.2,5.4,2,5.2,2506,947.262567
"PSA1972","PSA3",0,2020-07-07,"POGR",NA,1.28,6.7,5.9,6,2,6.2,3864,1460.74709
"PSA1972","PSA3",0,2020-07-07,"POGR",NA,0.61,6.4,6.3,6.4,2,6.4,1942,734.067068
"PSA1972","PSA3",0,2020-07-07,"POGR",NA,1.73,6,6,5,2,5.7,4363,1649.237183
"PSA1972","PSA3",0,2020-07-07,"POGR",NA,2.17,5.8,6.4,7.5,2,6.6,7349,2777.994349
"PSA1972","PSA3",0,2020-07-07,"POGR",NA,0.5,5.9,5.6,5.6,2,5.7,1276,482.282382
"PSA1972","PSA3",0,2020-07-07,"POGR",NA,0.82,6.6,7.6,8.4,3,7.5,3655,1039.0943
"PSA1972","PSA3",0,2020-07-07,"POGR",NA,0.51,7.6,7.9,8.4,3,8,2542,722.75351
"PSA1972","PSA3",0,2020-07-07,"POGR",NA,0.24,5,5.6,6.6,3,5.7,620,176.153942
"PSA1972","PSA3",0,2020-07-07,"POGR",NA,0.77,5,5.1,5.4,3,5.2,1614,458.963716
"PSA1972","PSA3",0,2020-07-07,"POGR",NA,0.42,6.6,6.1,5,3,5.9,1148,326.452542
"PSA1972","PSA3",0,2020-07-07,"POGR",NA,1.59,8.1,6.4,5.3,3,6.6,5440,1546.506453
"PSA1972","PSA3",0,2020-07-07,"POGR",NA,0.61,5.1,6,7.2,4,6.1,1783,476.516941
"PSA1972","PSA3",0,2020-07-07,"POGR",NA,0.95,6.5,7.7,8.3,4,7.5,4197,1121.850465
"PSA1972","PSA3",120,2020-07-07,"POGR",NA,1.33,5.2,5,5,2,5.1,2682,1013.626576
"PSA1972","PSA3",120,2020-07-07,"POGR",NA,0.73,5.7,5.8,5.4,3,5.6,1819,517.273823
"PSA1972","PSA3",120,2020-07-07,"POGR",NA,1.98,8.8,9.5,9.6,3,9.3,13450,3823.823417
"PSA1972","PSA3",120,2020-07-07,"POGR","Stump",0.96,6,6,7.2,3,6.4,3088,878.006886
"PSA1972","PSA3",240,2020-07-07,"POGR",NA,1,5.3,5.5,5.8,1,5.5,2405,1439.702657
"PSA1972","PSA3",240,2020-07-07,"POGR",NA,1.16,7.9,8.7,6.7,1,7.8,5496,3290.231541
"PSA1972","PSA3",240,2020-07-07,"POGR",NA,1.05,8.9,10,9.8,1,9.6,7547,4518.660602
"PSA1972","PSA3",240,2020-07-07,"POGR",NA,2.15,6.2,5.7,5,2,5.6,5359,2025.587652
"PSA1972","PSA3",240,2020-07-07,"POGR",NA,0.49,8.4,8.6,10.1,3,9,3140,892.809686
"PSA1972","PSA3",240,2020-07-07,"POGR",NA,2.04,7.4,6.7,5,3,6.4,6494,1846.380197
"PSA1972","PSA3",240,2020-07-07,"POGR",NA,1.7,5,7.5,5.9,4,6.1,5023,1342.551327
"PSA1972","PSA3",240,2020-07-07,"POGR",NA,1.18,9.8,11.5,10.6,4,10.6,10479,2800.978041
"PSA1972","PSA3",240,2020-07-07,"POGR",NA,1.22,8.1,7.1,5.6,4,6.9,4606,1231.211976
"PSA1972","PSA3",240,2020-07-07,"POGR",NA,0.83,5.7,6.5,6.7,4,6.3,2587,691.588927
"PSA1972","PSA3",240,2020-07-07,"POGR",NA,2.85,10.2,8.7,8.9,5,9.3,19221,1307.045591
"PSA1972","PSA3",240,2020-07-07,"POGR",NA,1.33,7.7,7.1,5.5,5,6.8,4783,325.237041
"PSA1972","PSA3",240,2020-07-07,"POGR",NA,0.99,9.5,6.7,5.4,5,7.2,4031,274.093655
"PSA1972","PSA3",240,2020-07-07,"POGR",NA,0.96,10.7,12,10.4,5,11,9179,624.142139
"PSA1972","PSA3",240,2020-07-07,"POGR","Stump",1.32,6.7,6.5,7.8,3,7,5080,1444.231298
