Plot,Profiles,Depth_category,Depth_as_collected,Thickness,Volume,Archive ID,Oven dry sample wt (g),Fine Earth Air Dry wt (g),%C,%N,d13C,d15N,C:N,JML %C
AC103,NA,Oe,Oe,NA,NA,L14-0380,25.74,NA,37.8080943,0.9254551408,-27.226781,-3.2298542,47.66243269,NA
AC103,NA,A,A,NA,NA,L14-0381,184.97,NA,30.92844923,1.273353846,-28.4366992,NA,28.33712788,NA
AC103,3,0--15,0--15,15,318.396,L14-0382,311.11,311.63,NA,NA,NA,NA,NA,0.841
AC103,3,15--30,15--30,15,318.396,L14-0383,312.46,312.914,NA,NA,NA,NA,NA,0.333
AC103,3,30--60,30--60,30,636.792,L14-0384,1037.82,1040.81,NA,NA,NA,NA,NA,0.31
AC103,3,60--100,60--100,40,849.056,L14-0385,1628.07,1630.11,NA,NA,NA,NA,NA,NA
AC103,NA,Oe,Oe,NA,NA,L14-0387,19.07,NA,39.34290546,1.390707148,-28.209651,-4.3832713,33.00483241,NA
AC103,NA,A,A,NA,NA,L14-0388,110.63,NA,28.63693578,1.252061162,-27.6089008,-2.5335072,26.68380701,NA
AC103,3,0--15,0--15,15,318.396,L14-0389,334.14,334.69,NA,NA,NA,NA,NA,0.706
AC103,3,15--30,15--30,15,318.396,L14-0390,392.98,393.798,0.7790443752,0.02331932266,-25.833136,3.63077,33.40767597,NA
AC103,3,30--60,30--60,30,636.792,L14-0391,1055.98,1057.98,NA,NA,NA,NA,NA,NA
AC103,3,60--100,60--100,40,849.056,L14-0392,1605.06,1610.85,NA,NA,NA,NA,NA,0.22
AC103,NA,Oe,Oe,NA,NA,L14-0394,13.2,NA,19.85452055,0.6892465753,-27.795811,-5.2160164,33.60714167,NA
AC103,NA,A,A,NA,NA,L14-0395,309.67,NA,17.55747858,0.8041615667,-27.3679744,-1.7725708,25.47215119,NA
AC103,3,0--15,0--15,15,318.396,L14-0396,381.13,381.47,NA,NA,NA,NA,NA,0.377
AC103,3,15--30,15--30,15,318.396,L14-0397,486.81,487.985,0.3206539246,0.015259684,-25.22604,3.6470255,21.01314317,NA
AC103,3,30--60,30--60,30,636.792,L14-0398,1033.15,1035.89,NA,NA,NA,NA,NA,NA
AC103,3,60--100,60--100,40,849.056,L14-0399,1649.41,1530.07,NA,NA,NA,NA,NA,NA
AC104,NA,Oe,Oe,NA,NA,L14-0401,14.06,NA,32.84418111,1.036802683,-28.38036,-4.2139164,36.95805568,NA
AC104,NA,A,A,NA,NA,L14-0402,165.35,NA,18.27687227,0.7927725857,NA,-2.2229004,26.89676464,NA
AC104,3,0--15,0--15,15,318.396,L14-0403,420.39,421.09,NA,NA,NA,NA,NA,0.78
AC104,3,15--30,15--30,15,318.396,L14-0404,363.57,364.095,NA,NA,NA,NA,NA,0.321
AC104,3,30--60,30--60,30,636.792,L14-0405,1042.26,1045.25,NA,NA,NA,NA,NA,0.314
AC104,3,60--100,60--100,40,849.056,L14-0406,1567.13,1569.46,NA,NA,NA,NA,NA,0.077
AC104,NA,Oe,Oe,NA,NA,L14-0408,21.47,NA,34.16939314,0.9956794195,-27.8858212,-3.1847597,40.03727627,NA
AC104,NA,A,A,NA,NA,L14-0409,146.08,NA,28.04061125,1.062347188,NA,NA,30.79411968,NA
AC104,3,0--15,0--15,15,318.396,L14-0410,399.01,399.36,NA,NA,NA,NA,NA,0.392
AC104,3,15--30,15--30,15,318.396,L14-0411,455.46,457.291,0.3927692346,0.01828629776,-25.783408,2.7291316,21.47888215,NA
AC104,3,30--60,30--60,30,636.792,L14-0412,994.55,997.18,NA,NA,NA,NA,NA,NA
AC104,3,60--100,60--100,40,849.056,L14-0413,1503.91,1506.16,NA,NA,NA,NA,NA,NA
AC104,NA,Oe,Oe,NA,NA,L14-0415,23.13,NA,46.80130199,1.456292948,-28.1413674,-3.0444657,37.49349956,NA
AC104,NA,A,A,NA,NA,L14-0416,217.62,NA,11.8931478,0.4690661719,-27.7983472,-0.4979772,29.58077119,NA
AC104,3,0--15,0--15,15,318.396,L14-0417,402.66,403.26,NA,NA,NA,NA,NA,0.645
AC104,3,15--30,15--30,15,318.396,L14-0418,481.64,482.608,0.3193303757,0.01297818753,-25.871468,3.5354044,24.60515961,NA
AC104,3,30--60,30--60,30,636.792,L14-0419,983.24,986.6,NA,NA,NA,NA,NA,NA
AC104,3,60--100,60--100,40,849.056,L14-0420,1518.44,1520.98,NA,NA,NA,NA,NA,NA
AC107,NA,Oe,Oe,NA,NA,L14-0422,49.56,NA,38.26446953,1.211224605,-27.9861774,-3.7278979,36.85681494,NA
AC107,NA,A,A,NA,NA,L14-0423,156.07,NA,31.1320926,NA,-28.43464,NA,33.13081329,NA
AC107,3,0--15,0--15,15,318.396,L14-0424,343.81,344.16,NA,NA,NA,NA,NA,0.522
AC107,3,15--30,15--30,15,318.396,L14-0425,497.4,499.559,NA,NA,NA,NA,NA,0.72
AC107,3,30--60,30--58,28,594.3392,L14-0426,871.59,896.08,NA,NA,NA,NA,NA,0.286
AC107,3,60--100,60--100,40,849.056,L14-0427,1852.17,1856.01,NA,NA,NA,NA,NA,0.143
AC107,NA,Oe,Oe,NA,NA,L14-0429,39.42,NA,39.57454144,1.108569061,-28.0358382,-3.708858,41.64855396,NA
AC107,NA,A,A,NA,NA,L14-0430,187.04,NA,18.04200243,0.6363592233,-28.0083856,-2.8079268,33.07723383,NA
AC107,3,0--15,0--15,15,318.396,L14-0431,415,366.72,NA,NA,NA,NA,NA,0.661
AC107,3,15--30,15--30,15,318.396,L14-0432,517.82,519.13,0.4637504396,0.01787414129,-25.783408,3.1691138,25.94532695,NA
AC107,3,30--60,30--60,30,636.792,L14-0433,971.84,973.88,0.3427793383,0.02305202714,-24.9119774,4.19999,17.34811544,NA
AC107,3,60--100,60--100,40,849.056,L14-0434,1321.75,1323.45,NA,NA,NA,NA,NA,NA
AC107,NA,Oe,Oe,NA,NA,L14-0436,29.16,NA,41.94281755,1.154307159,-28.1144678,-5.0827371,42.39191167,NA
AC107,NA,A,A,NA,NA,L14-0437,61.15,NA,14.25907528,0.542928275,-27.991912,-2.2530564,30.64048898,NA
AC107,3,0--15,0--15,15,318.396,L14-0438,443.69,443.69,NA,NA,NA,NA,NA,0.494
AC107,3,15--30,15--30,15,318.396,L14-0439,480.09,482.551,0.4192621582,0.02054291198,-25.116224,5.7949189,20.40909091,NA
AC107,3,30--60,30--60,30,636.792,L14-0440,1023.84,1026.22,0.3471572914,0.01969317424,-24.798606500000002,8.814365,20.5663564,NA
AC107,3,60--100,60--100,40,849.056,L14-0441,1297.35,1298.35,NA,NA,NA,NA,NA,0.067
BF7,NA,Oe,Oe,NA,NA,L14-0443,31.92,NA,44.1290535,1.741704879,-28.1548172,-2.7889302,29.55948298,NA
BF7,NA,A,A,NA,NA,L14-0444,224.21,NA,29.51527177,1.067212157,NA,0.4438952,32.26582786,NA
BF7,3,0--15,0--15,15,318.396,L14-0445,387.3,387.3,NA,NA,NA,NA,NA,0.81
BF7,3,15--30,15--30,15,318.396,L14-0446,410.64,413.226,NA,NA,NA,NA,NA,0.886
BF7,3,30--60,30--60,30,636.792,L14-0447,1018.9,1021.32,NA,NA,NA,NA,NA,0.333
BF7,3,60--100,60--100,40,849.056,L14-0448,1261.07,1262.4,NA,NA,NA,NA,NA,NA
BF7,NA,Oe,Oe,NA,NA,L14-0450,30.45,NA,40.45091811,1.33396402,-28.0585994,-4.0646035,35.37781911,NA
BF7,NA,A,A,NA,NA,L14-0451,113.39,NA,32.69986006,1.152419825,-26.4959032,-0.5542684,33.10411354,NA
BF7,3,0--15,0--15,15,318.396,L14-0452,335.99,335.99,NA,NA,NA,NA,NA,1.364
BF7,3,15--30,15--30,15,318.396,L14-0453,346.49,348.265,0.4491274793,0.01832107273,-25.509904,5.9488043,24.51425667,NA
BF7,3,30--60,30--60,30,636.792,L14-0454,1007.68,1009.85,NA,NA,NA,NA,NA,NA
BF7,3,60--100,60--100,40,849.056,L14-0455,1296.31,1296.36,NA,NA,NA,NA,NA,0.07
BF7,NA,Oe,Oe,NA,NA,L14-0457,18.09,NA,45.30669903,1.426243932,-27.6426902,-4.4684498,37.06085218,NA
BF7,NA,A,A,NA,NA,L14-0458,108.37,NA,32.50284784,1.236850207,-27.1002784,-0.6919808,30.6585138,NA
BF7,3,0--15,0--15,15,318.396,L14-0459,317.11,317.11,NA,NA,NA,NA,NA,1.384
BF7,3,15--30,15--30,15,318.396,L14-0460,418.67,420.005,0.5717656209,0.01994390365,-25.875612,5.0309104,28.6686915,NA
BF7,3,30--60,30--60,30,636.792,L14-0461,902.19,905.5,NA,NA,NA,NA,NA,NA
BF7,3,60--100,60--100,40,849.056,L14-0462,1200.85,1202.44,NA,NA,NA,NA,NA,NA
BF8,NA,Oe,Oe,NA,NA,L14-0464,19.37,NA,44.3560165,1.778621096,-28.4093288,-4.9183927,29.09483421,NA
BF8,NA,A,A,NA,NA,L14-0465,124.25,NA,22.74276467,1.163508772,-27.4853488,-1.0870244,22.80449111,NA
BF8,3,0--15,0--15,15,318.396,L14-0466,321.81,321.81,NA,NA,NA,NA,NA,0.625
BF8,3,15--30,15--30,15,318.396,L14-0467,432.33,434.122,NA,NA,NA,NA,NA,1.638
BF8,3,30--60,30--60,30,636.792,L14-0468,975.7,979.45,NA,NA,NA,NA,NA,0.33
BF8,3,60--100,60--100,40,849.056,L14-0469,1309.5,1311.24,NA,NA,NA,NA,NA,NA
BF8,NA,Oe,Oe,NA,NA,L14-0471,14.24,NA,43.39230189,1.68291195,-28.2913844,-3.8772108,30.08140278,NA
BF8,NA,A,A,NA,NA,L14-0472,84.66,NA,17.32225441,NA,-27.7211272,NA,NA,NA
BF8,3,0--15,0--15,15,318.396,L14-0473,432.808,432.808,NA,NA,NA,NA,NA,0.355
BF8,3,15--30,15--30,15,318.396,L14-0474,401.56,403.376,0.4696289014,0.0185930204,-25.390764,6.8298524,25.2583438,NA
BF8,3,30--60,30--60,30,636.792,L14-0475,952.85,954.12,NA,NA,NA,NA,NA,NA
BF8,3,60--100,60--100,40,849.056,L14-0476,1281.86,1283.06,NA,NA,NA,NA,NA,0.072
BF8,NA,A,A,NA,NA,L14-0479,129.45,NA,25.35180383,1.056189402,-27.4132768,0.4056976,28.00359898,NA
BF8,3,0--15,0--15,15,318.396,L14-0480,336.991,336.991,NA,NA,NA,NA,NA,0.52
BF8,3,15--30,15--30,15,318.396,L14-0481,516.02,516.96,0.3391039418,0.01310703333,-25.88908,4.0794218,25.87190656,NA
BF8,3,30--60,30--60,30,636.792,L14-0482,952.98,955.87,NA,NA,NA,NA,NA,NA
BF8,3,60--100,60--100,40,849.056,L14-0483,1188.05,1190.39,NA,NA,NA,NA,NA,NA
BF8,NA,Oe,Oe,NA,NA,L14-0492,20.15,NA,32.7029914,1.234120344,-28.7673004,-4.290076,30.91553442,NA
BP36#1,NA,Oe,Oe,NA,NA,L14-0191,22.77,NA,37.70848073,1.195351474,-28.703271,-4.525939,36.80359164,NA
BP36#1,NA,A,A,NA,NA,L14-0192,152.79,NA,27.08597867,1.125866667,-28.4855873,-1.902817,28.06754066,NA
BP36#1,3,0--15,0--15,15,318.396,L14-0193,313.12,313.92,NA,NA,NA,NA,NA,1.05
BP36#1,3,15--30,15--30,15,318.396,L14-0194,518.57,512.587,NA,NA,NA,NA,NA,0.51
BP36#1,3,30--60,30--60,30,636.792,L14-0195,1021.87,1024.54,NA,NA,NA,NA,NA,0.342
BP36#1,3,60--100,60--100,40,849.056,L14-0196,1263.28,1264.6,NA,NA,NA,NA,NA,0.08
BP36#1,NA,Oe,Oe,NA,NA,L14-0198,27.08,NA,26.95942993,0.7896674584,-27.99086,-4.127236,39.83027022,NA
BP36#1,NA,A,A,NA,NA,L14-0199,96.97,NA,16.19214075,0.6212300414,-27.1366326,-3.3265055,30.40875297,NA
BP36#1,3,0--15,0--15,15,318.396,L14-0200,420.11,421.01,NA,NA,NA,NA,NA,0.428
BP36#1,3,15--30,15--30,15,318.396,L14-0201,486.23,488.414,0.4734983279,0.005969804269,-25.6378184,0.74492736,92.53481204,NA
BP36#1,3,30--60,30--60,30,636.792,L14-0202,1001.86,1004.74,NA,NA,NA,NA,NA,NA
BP36#1,3,60--100,60--100,40,849.056,L14-0203,1287.22,1288.64,NA,NA,NA,NA,NA,NA
BP36#1,NA,Oe,Oe,NA,NA,L14-0205,18.41,NA,32.42879601,1.057142857,-28.287871,-4.533226,35.78853613,NA
BP36#1,NA,A,A,NA,NA,L14-0206,169.55,NA,22.61620968,0.927937788,-27.0334226,-1.569156,28.43464109,NA
BP36#1,3,0--15,0--15,15,318.396,L14-0207,415.61,415.87,NA,NA,NA,NA,NA,0.725
BP36#1,3,15--30,15--30,15,318.396,L14-0208,526.85,529.325,0.4708014843,0.009335840864,-25.5833016,0.84199056,58.83437886,NA
BP36#1,3,30--60,30--60,30,636.792,L14-0209,1029.46,1031.9,NA,NA,NA,NA,NA,NA
BP36#1,3,60--100,60--100,40,849.056,L14-0210,1271.8,1273.12,NA,NA,NA,NA,NA,NA
BP36#2,NA,Oe,Oe,NA,NA,L14-0212,18.5,NA,31.66259414,1.119246862,-28.1414425,-4.545718,33.00406231,NA
BP36#2,NA,A,A,NA,NA,L14-0213,122.15,NA,19.20133076,0.7987299834,-27.7827272,-1.6704825,28.04646503,NA
BP36#2,3,0--15,0--15,15,318.396,L14-0214,372.79,373.09,NA,NA,NA,NA,NA,0.785
BP36#2,3,15--30,15--30,15,318.396,L14-0215,505.08,507.33,NA,NA,NA,NA,NA,0.456
BP36#2,3,30--60,30--60,30,636.792,L14-0216,880.51,882.92,NA,NA,NA,NA,NA,0.232
BP36#2,3,60--100,60--100,40,849.056,L14-0217,1161.58,1162.62,NA,NA,NA,NA,NA,0.081
BP36#2,NA,Oe,Oe,NA,NA,L14-0219,28.98,NA,37.63423581,1.214556041,-28.508033,-4.280263,36.15033557,NA
BP36#2,NA,A,A,NA,NA,L14-0220,178.27,NA,14.68730725,0.6272151899,-28.1666684,0.14623,27.31947834,NA
BP36#2,3,0--15,0--15,15,318.396,L14-0221,359.79,359.89,NA,NA,NA,NA,NA,1.2625
BP36#2,3,15--30,15--30,15,318.396,L14-0222,502.13,424.39,0.6342122832,0.01300887739,-26.65896,0.72127152,56.87764658,NA
BP36#2,3,30--60,30--60,30,636.792,L14-0223,966.26,969.27,NA,NA,NA,NA,NA,NA
BP36#2,3,60--100,60--100,40,849.056,L14-0224,1213.28,1216.17,NA,NA,NA,NA,NA,NA
BP36#2,NA,Oe,Oe,NA,NA,L14-0226,23.13,NA,40.83016463,1.234678704,-28.2722935,-4.708114,38.58104291,NA
BP36#2,NA,A,A,NA,NA,L14-0227,107.48,NA,9.393765465,0.4761699839,-27.3533736,0.060256,23.01571585,NA
BP36#2,3,0--15,0--15,15,318.396,L14-0228,356.31,356.76,NA,NA,NA,NA,NA,0.606
BP36#2,3,15--30,15--30,15,318.396,L14-0229,493.27,495.254,0.5200537515,0.01118798147,-25.9837904,0.68785632,54.23045955,NA
BP36#2,3,30--60,30--60,30,636.792,L14-0230,933.29,935.34,NA,NA,NA,NA,NA,NA
BP36#2,3,60--100,60--100,40,849.056,L14-0231,1217.81,1218.57,NA,NA,NA,NA,NA,NA
BP54#1,NA,Oe,Oe,NA,NA,L14-0233,30.48,NA,37.73251101,1.301376652,-27.8402775,-3.840961,33.82668867,NA
BP54#1,NA,A,A,NA,NA,L14-0234,193.88,NA,12.31117614,0.5681716834,-27.5515368,-0.883411,25.27939926,NA
BP54#1,3,0--15,0--15,15,318.396,L14-0235,337.74,338.42,NA,NA,NA,NA,NA,0.741
BP54#1,3,15--30,15--30,15,318.396,L14-0236,510,510.71,NA,NA,NA,NA,NA,0.273
BP54#1,3,30--60,30--60,30,636.792,L14-0237,1276.14,1279.92,NA,NA,NA,NA,NA,NA
BP54#1,3,60--100,60--100,40,849.056,L14-0238,1405.08,1407.32,NA,NA,NA,NA,NA,NA
BP54#1,NA,Oe,Oe,NA,NA,L14-0240,30.03,NA,41.21472183,1.303067047,-28.223484,-4.669597,36.90051271,NA
BP54#1,NA,A,A,NA,NA,L14-0241,53.98,NA,21.64507778,0.7203484754,-27.8828409,-2.2456895,35.05607579,NA
BP54#1,3,0--15,0--15,15,318.396,L14-0242,313.25,314.03,NA,NA,NA,NA,NA,0.739
BP54#1,3,15--30,15--30,15,318.396,L14-0243,471.26,473.499,0.6103044059,0.01673989562,-25.8810472,0.90669936,42.53442334,NA
BP54#1,3,30--60,30--60,30,636.792,L14-0244,987.66,990.14,NA,NA,NA,NA,NA,0.315
BP54#1,3,60--100,60--100,40,849.056,L14-0245,1555.7,1557.15,NA,NA,NA,NA,NA,0.111
BP54#1,NA,Oe,Oe,NA,NA,L14-0247,29.43,NA,32.88770578,1.061587858,-28.3491425,-4.316698,36.14301897,NA
BP54#1,NA,A,A,NA,NA,L14-0248,86.29,NA,23.82192356,1.080952381,-27.8890335,-1.796373,25.71088666,NA
BP54#1,3,0--15,0--15,15,318.396,L14-0249,318,318.59,NA,NA,NA,NA,NA,0.578
BP54#1,3,15--30,15--30,15,318.396,L14-0250,486.72,487.12,0.4150854585,0.006920050168,-25.6273344,0.71861952,69.98018172,NA
BP54#1,3,30--60,30--60,30,636.792,L14-0251,963.08,965.33,NA,NA,NA,NA,NA,NA
BP54#1,3,60--100,60--100,40,849.056,L14-0252,1073.78,1076.44,NA,NA,NA,NA,NA,NA
BP54#2,NA,Oe,Oe,NA,NA,L14-0254,16.68,NA,36.31900789,1.049002255,-28.390706,-3.9984649,40.39283584,NA
BP54#2,NA,A,A,NA,NA,L14-0255,142.17,NA,25.71725386,1.053143535,-27.6072702,-2.099329,28.48943362,NA
BP54#2,3,0--15,0--15,15,318.396,L14-0256,300.47,301,NA,NA,NA,NA,NA,0.498
BP54#2,3,15--30,15--30,15,318.396,L14-0257,520.59,522.53,NA,NA,NA,NA,NA,0.378
BP54#2,3,30--60,30--60,30,636.792,L14-0258,1035.96,1038.59,NA,NA,NA,NA,NA,0.401
BP54#2,3,60--100,60--100,40,849.056,L14-0259,1285.82,1287.46,NA,NA,NA,NA,NA,0.08
BP54#2,NA,Oe,Oe,NA,NA,L14-0261,24.58,NA,43.72616207,1.728895815,-28.2913844,-4.9344263,29.5066107,NA
BP54#2,NA,A,A,NA,NA,L14-0262,180.11,NA,32.55941643,1.280169972,-26.9890423,-1.913052,29.6726112,NA
BP54#2,3,0--15,0--15,15,318.396,L14-0263,324.63,325.33,NA,NA,NA,NA,NA,0.916
BP54#2,3,15--30,15--30,15,318.396,L14-0264,678.08,491.55,0.5139775924,0.008256377922,-26.0750012,0.85259856,72.62755292,NA
BP54#2,3,30--60,30--60,30,636.792,L14-0265,913.91,916.17,NA,NA,NA,NA,NA,NA
BP54#2,3,60--100,60--100,40,849.056,L14-0266,1265.83,1267.45,NA,NA,NA,NA,NA,NA
BP54#2,NA,Oe,Oe,NA,NA,L14-0268,13.16,NA,37.1913529,1.418861847,-28.2955228,-3.9453536,30.58078686,NA
BP54#2,NA,A,A,NA,NA,L14-0269,167.52,NA,14.87098834,0.6617434758,-27.5876603,-2.1863265,26.21784276,NA
BP54#2,3,0--15,0--15,15,318.396,L14-0270,333.09,334.01,NA,NA,NA,NA,NA,0.738
BP54#2,3,15--30,15--30,15,318.396,L14-0271,466.02,467.941,0.5392915838,0.01167461249,-26.2427452,0.79531536,53.89245381,NA
BP54#2,3,30--60,30--60,30,636.792,L14-0272,1012.2,1014.16,NA,NA,NA,NA,NA,NA
BP54#2,3,60--100,60--100,40,849.056,L14-0273,1227.58,1228.94,NA,NA,NA,NA,NA,NA
BP80#1,NA,Oe,Oe,NA,NA,L14-0275,56.98,NA,39.47278113,1.381914427,-28.856276,-3.4433015,33.32447878,NA
BP80#1,NA,A,A,NA,NA,L14-0276,162.13,NA,27.00653959,1.101935484,-28.4711379,-2.1003525,28.59298932,NA
BP80#1,3,0--15,0--15,15,318.396,L14-0277,376.36,376.95,NA,NA,NA,NA,NA,0.702
BP80#1,3,15--30,15--30,15,318.396,L14-0278,420.18,421.207,NA,NA,NA,NA,NA,0.297
BP80#1,3,30--60,30--60,30,636.792,L14-0279,997.54,1000.08,NA,NA,NA,NA,NA,0.265
BP80#1,3,60--100,60--100,40,849.056,L14-0280,1570.41,1572.19,NA,NA,NA,NA,NA,0.053
BP80#1,NA,Oe,Oe,NA,NA,L14-0282,24.24,NA,31.29693901,1.002652474,-28.2634502,-4.6067396,36.41650168,NA
BP80#1,NA,A,A,NA,NA,L14-0283,189.65,NA,19.96148261,0.7752898109,-28.0810041,-1.8936055,30.0383109,NA
BP80#1,3,0--15,0--15,15,318.396,L14-0284,416.23,416.7,NA,NA,NA,NA,NA,0.809
BP80#1,3,15--30,15--30,15,318.396,L14-0285,395.27,397.246,0.575675873,0.01258887943,-25.9974196,0.7314552,53.35040786,NA
BP80#1,3,30--60,30--60,30,636.792,L14-0286,1024.31,1025.49,NA,NA,NA,NA,NA,NA
BP80#1,3,60--100,60--100,40,849.056,L14-0287,1275.26,1276.49,NA,NA,NA,NA,NA,NA
BP80#1,NA,Oe,Oe,NA,NA,L14-0289,16.91,NA,36.19424125,1.224802668,-28.8707604,-5.2460794,34.47625963,NA
BP80#1,NA,A,A,NA,NA,L14-0290,63.82,NA,15.98023477,0.694019005,-28.7085209,-3.43602,26.86325172,NA
BP80#1,3,0--15,0--15,15,318.396,L14-0291,449.36,449.79,NA,NA,NA,NA,NA,0.4355
BP80#1,3,15--30,15--30,15,318.396,L14-0292,318.4,319.952,0.3866019016,0.009474746492,-25.4501548,0.76465824,47.60397043,NA
BP80#1,3,30--60,30--60,30,636.792,L14-0293,1113.12,1115.35,NA,NA,NA,NA,NA,NA
BP80#1,3,60--100,60--100,40,849.056,L14-0294,1276.94,1278.34,NA,NA,NA,NA,NA,NA
BP80#1,NA,Oe,Oe,NA,NA,L14-0296,20.69,NA,38.44218341,1.242472707,-28.7341932,-4.6558425,36.09673976,NA
BP80#1,NA,A,A,NA,NA,L14-0297,25.41,NA,29.53754071,1.029477821,-28.3225155,-3.327529,33.47373148,NA
BP80#2,3,0--15,0--15,15,318.396,L14-0298,381.78,382.57,NA,NA,NA,NA,NA,0.951
BP80#2,3,15--30,15--30,15,318.396,L14-0299,429.37,430.893,NA,NA,NA,NA,NA,0.433
BP80#2,3,30--60,30--60,30,636.792,L14-0300,984.72,986.54,NA,NA,NA,NA,NA,0.24
BP80#2,3,60--100,60--100,40,849.056,L14-0301,1558.64,1561.09,NA,NA,NA,NA,NA,NA
BP80#2,NA,Oe,Oe,NA,NA,L14-0303,21.27,NA,38.4646369,1.276998386,-28.9773242,-4.4975107,35.14132062,NA
BP80#2,NA,A,A,NA,NA,L14-0304,184.26,NA,20.67060479,0.8196407186,-27.243971,-1.393114,29.42228838,NA
BP80#2,3,0--15,0--15,15,318.396,L14-0305,397.65,397.9,NA,NA,NA,NA,NA,0.524
BP80#2,3,15--30,15--30,15,318.396,L14-0306,402.59,404.336,0.6244350391,0.01516634603,-26.2637132,0.7181952,48.03448004,NA
BP80#2,3,30--60,30--60,30,636.792,L14-0307,1065.7,1066.59,NA,NA,NA,NA,NA,NA
BP80#2,3,60--100,60--100,40,849.056,L14-0308,1354.23,1355.85,NA,NA,NA,NA,NA,0.077
BP80#2,NA,Oe,Oe,NA,NA,L14-0310,21.46,NA,33.53090129,1.15222103,-28.4145018,-3.8651856000000002,33.95128523,NA
BP80#2,NA,A,A,NA,NA,L14-0311,162.5,NA,18.49891828,0.8440329218,-27.6279122,-2.0328015,25.57017715,NA
BP80#2,3,0--15,0--15,15,318.396,L14-0312,340.4,341.35,NA,NA,NA,NA,NA,1.009
BP80#2,3,15--30,15--30,15,318.396,L14-0313,499.22,500.566,0.548571773,0.01154973721,-25.9848388,0.6884928,55.41255097,NA
BP80#2,3,30--60,30--60,30,636.792,L14-0314,1069.16,1071.6,NA,NA,NA,NA,NA,NA
BP80#2,3,60--100,60--100,40,849.056,L14-0315,1234.92,1236.02,NA,NA,NA,NA,NA,NA
BP80#3,NA,Oe,Oe,NA,NA,L14-0317,22.45,NA,35.66617687,1.067081633,-27.6126868,-3.7349126,38.99471082,NA
BP80#3,NA,A,A,NA,NA,L14-0318,102.88,NA,20.26550439,0.8155701754,-27.6908703,-2.2149845,28.98964327,NA
BP80#3,3,0--15,0--15,15,318.396,L14-0319,324.65,324.91,NA,NA,NA,NA,NA,1.249
BP80#3,3,15--30,15--30,15,318.396,L14-0320,449.41,451.317,NA,NA,NA,NA,NA,0.517
BP80#3,3,30--60,30--60,30,636.792,L14-0321,995.34,998.77,NA,NA,NA,NA,NA,0.33
BP80#3,3,60--100,60--100,40,849.056,L14-0322,1309.68,1314.6,NA,NA,NA,NA,NA,0.126
BP80#3,NA,Oe,Oe,NA,NA,L14-0324,22.38,NA,36.14221106,1.118103015,-27.687178,-4.8692898,37.71201073,NA
BP80#3,NA,A,A,NA,NA,L14-0325,137.45,NA,20.64052948,0.8512033694,-27.2470673,-2.57628,28.29008742,NA
BP80#3,3,0--15,0--15,15,318.396,L14-0326,386.82,387.5,NA,NA,NA,NA,NA,0.827
BP80#3,3,15--30,15--30,15,318.396,L14-0327,415.78,417.738,0.5668342716,0.01364027352,-26.5100872,0.8348832,48.48192006,NA
BP80#3,3,30--60,30--60,30,636.792,L14-0328,1053.85,1056.52,NA,NA,NA,NA,NA,NA
BP80#3,3,60--100,60--100,40,849.056,L14-0329,1563.55,1564.95,NA,NA,NA,NA,NA,NA
BP80#3,NA,Oe,Oe,NA,NA,L14-0331,34.71,NA,23.93100338,0.8538162345,-28.6048682,-5.1949723,32.69966395,NA
BP80#3,NA,A,A,NA,NA,L14-0332,301.18,NA,11.91488155,0.5311097257,-27.8312359,-2.230337,26.17292523,NA
BP80#3,3,0--15,0--15,15,318.396,L14-0333,402.76,403.95,NA,NA,NA,NA,NA,1.21
BP80#3,3,15--30,15--30,15,318.396,L14-0334,466.28,469.555,0.7903851683,0.02161527785,-29.6710132,12.63437376,42.66038291,NA
BP80#3,3,30--60,30--60,30,636.792,L14-0335,1087.36,1087.36,NA,NA,NA,NA,NA,NA
BP80#3,3,60--100,60--100,40,849.056,L14-0336,1405.66,1406.93,NA,NA,NA,NA,NA,NA
BP98#1,NA,Oe,Oe,NA,NA,L14-0338,24.44,NA,37.65369259,1.238671157,-28.3379414,-4.0856476,35.46486714,NA
BP98#1,NA,A,A,NA,NA,L14-0339,180.49,NA,10.26395833,0.4712719298,-27.501822399999998,-0.4648056,25.40914767,NA
BP98#1,2,0--15,0--15,15,318.396,L14-0340,356.26,357.7,NA,NA,NA,NA,NA,0.948
BP98#1,2,15--30,15--30,15,318.396,L14-0341,461.8,464.637,NA,NA,NA,NA,NA,0.603
BP98#1,2,30--60,30--60,30,636.792,L14-0342,955.78,956.89,NA,NA,NA,NA,NA,0.222
BP98#1,2,60--100,60--100,40,849.056,L14-0343,1325.21,1326.16,NA,NA,NA,NA,NA,0.046
BP98#1,NA,Oe,Oe,NA,NA,L14-0345,21.74,NA,33.3486166,1.240046113,-28.5024428,-4.6177627,31.3752198,NA
BP98#1,NA,A,A,NA,NA,L14-0346,24.74,NA,11.94904035,0.5808942203,-28.2297496,-3.9317404,23.9984262,NA
BP98#1,2,0--15,0--15,15,318.396,L14-0347,447.76,448.21,NA,NA,NA,NA,NA,0.671
BP98#1,2,15--30,15--30,15,318.396,L14-0348,476.43,477.679,0.4582131371,0.008020943217,-25.7122548,0.59556672,66.64827052,NA
BP98#1,2,30--60,30--60,30,636.792,L14-0349,950.07,952.96,NA,NA,NA,NA,NA,NA
BP98#1,2,60--100,60--100,40,849.056,L14-0350,1298.94,1301.35,NA,NA,NA,NA,NA,NA
BP98#2,NA,Oe,Oe,NA,NA,L14-0352,31.2,NA,33.44542373,1.226249079,-28.6265948,-4.8051554,31.8203387,NA
BP98#2,NA,A,A,NA,NA,L14-0353,116.92,NA,NA,NA,NA,NA,NA,NA
BP98#2,4,0--15,0--15,15,318.396,L14-0354,439.25,440.09,NA,NA,NA,NA,NA,0.69
BP98#2,4,15--30,15--30,15,318.396,L14-0355,414.55,415.706,NA,NA,NA,NA,NA,0.308
BP98#2,4,30--60,30--60,30,636.792,L14-0356,1039.13,1041.18,NA,NA,NA,NA,NA,NA
BP98#2,4,60--100,60--100,40,849.056,L14-0357,1571.23,1573.17,NA,NA,NA,NA,NA,NA
BP98#2,NA,Oe,Oe,NA,NA,L14-0359,16.12,NA,40.8767696,1.157474268,-28.0203192,-4.4083238,41.20140366,NA
BP98#2,NA,A,A,NA,NA,L14-0360,368.32,NA,32.58403148,1.365084746,-27.6408184,-2.1123284,27.84787062,NA
BP98#2,4,0--15,0--15,15,318.396,L14-0361,360.26,389.79,NA,NA,NA,NA,NA,0.673
BP98#2,4,15--30,15--30,15,318.396,L14-0362,472.88,474.962,0.5820634152,0.01231417161,-25.7583844,0.71416416,55.14573014,NA
BP98#2,4,30--60,30--60,30,636.792,L14-0363,900.76,903.56,NA,NA,NA,NA,NA,0.259
BP98#2,4,60--100,60--100,40,849.056,L14-0364,1136.38,1184.73,NA,NA,NA,NA,NA,NA
BP98#2,NA,Oe,Oe,NA,NA,L14-0366,35.33,NA,36.68922034,1.329330508,-29.2939118,-3.4212553,32.19973522,NA
BP98#2,NA,A,A,NA,NA,L14-0367,130.2,NA,20.43354102,0.9503763109,-28.4325808,-1.034754,25.08388616,NA
BP98#2,4,0--15,0--15,15,318.396,L14-0368,293.34,293.51,NA,NA,NA,NA,NA,0.501
BP98#2,4,15--30,15--30,15,318.396,L14-0369,385.69,371.021,0.5113487227,0.009771109594,-26.7260576,0.64245408,61.05483764,NA
BP98#2,4,30--60,30--60,30,636.792,L14-0370,1021.81,1025.21,NA,NA,NA,NA,NA,NA
BP98#2,4,60--100,60--100,40,849.056,L14-0371,1280.85,1284.35,NA,NA,NA,NA,NA,0.089
BP98#2,NA,Oe,Oe,NA,NA,L14-0373,12.87,NA,35.52280702,1.270526316,-29.430479,-2.9622935,32.61898187,NA
BP98#2,NA,A,A,NA,NA,L14-0374,103.53,NA,16.33935145,0.6955898703,-28.156648,-1.2187056,27.40490842,NA
BP98#2,4,0--15,0--15,15,318.396,L14-0375,417.58,418.12,NA,NA,NA,NA,NA,0.466
BP98#2,4,15--30,15--30,15,318.396,L14-0376,405.16,393.862,0.4960512723,0.02426029474,-25.062352,6.719315,20.44704228,NA
BP98#2,4,30--60,30--60,30,636.792,L14-0377,1004.28,1005.39,NA,NA,NA,NA,NA,NA
BP98#2,4,60--100,60--100,40,849.056,L14-0378,1492.19,1493.82,NA,NA,NA,NA,NA,NA
BS40E,NA,Oe,Oe,NA,NA,L14-0128,33.11,NA,61.88987448,1.336331939,-26.3635305,-3.412069,54.03212441,NA
BS40E,NA,A,A,NA,NA,L14-0129,74.79,NA,23.83965027,1.038142077,-27.790984,-2.901753,26.79105871,NA
BS40E,3,0--15,0--15,15,318.396,L14-0130,410.06,411.23,NA,NA,NA,NA,NA,1.168
BS40E,3,15--30,15--30,15,318.396,L14-0131,469.44,472.36,NA,NA,NA,NA,NA,0.657
BS40E,3,30--60,30--60,30,636.792,L14-0132,1019.35,1021.72,NA,NA,NA,NA,NA,0.133
BS40E,3,60--100,60--100,40,849.056,L14-0133,1558.72,1560.72,NA,NA,NA,NA,NA,0.059
BS40E,NA,Oe,Oe,NA,NA,L14-0135,36.22,NA,37.10051115,1.097172376,-28.287871,-4.010644,39.45043697,NA
BS40E,NA,A,A,NA,NA,L14-0136,73.39,NA,19.68646742,0.7057619817,-28.668269,-2.2907235,32.54290529,NA
BS40E,3,0--15,0--15,15,318.396,L14-0137,387.34,387.81,1.302954968,0.02757357721,-26.7155736,0.45596544,55.12937687,NA
BS40E,3,15--30,15--30,15,318.396,L14-0138,495.4,497.97,0.6814683593,0.01429381667,-26.6998476,0.6577296,55.62170255,NA
BS40E,3,30--60,30--60,30,636.792,L14-0139,935.82,941.1,0.4152321564,0.02423892465,-25.7783807,7.23023,19.98593266,NA
BS40E,3,60--100,60--100,40,849.056,L14-0140,1694.83,1698.91,NA,NA,NA,NA,NA,NA
BS40E,NA,Oe,Oe,NA,NA,L14-0142,27.71,NA,39.41952958,1.156735567,-28.888124,-29.203885,39.75796414,NA
BS40E,NA,A,A,NA,NA,L14-0143,81.82,NA,33.62854277,1.368162619,-28.2100166,-2.803497,28.67590399,NA
BS40E,3,0--15,0--15,15,318.396,L14-0144,365.88,366.78,0.8914175519,0.02164896253,-26.4954096,0.45522288,48.0386597,NA
BS40E,3,15--30,15--30,15,318.396,L14-0145,455.65,455.784,0.5468235981,0.01189849715,-26.2993588,0.70642032,53.61692793,NA
BS40E,3,30--60,30--60,30,636.792,L14-0146,967.19,969.73,0.2539503141,0.01755855661,-25.6618895,5.042615,16.87356046,NA
BS40E,3,60--100,60--100,40,849.056,L14-0147,1473.98,1476.65,NA,NA,NA,NA,NA,NA
BS40F,NA,Oe,Oe,NA,NA,L14-0149,39.4,NA,40.43716995,1.093800146,-27.837162,-4.990225,43.13100382,NA
BS40F,NA,A,A,NA,NA,L14-0150,117.19,NA,25.07230898,0.9958170664,-28.0066929,-2.218055,29.3738962,NA
BS40F,3,0--15,0--15,15,318.396,L14-0151,376.91,377.84,NA,NA,NA,NA,NA,0.733
BS40F,3,15--30,15--30,15,318.396,L14-0152,433.99,437.063,NA,NA,NA,NA,NA,0.794
BS40F,3,30--60,30--60,30,636.792,L14-0153,1011.09,1013.98,0.2301321251,0.01712260808,-25.0565513,4.378145,15.68029111,0.195
BS40F,3,60--100,60--100,40,849.056,L14-0154,1614.56,1617.78,NA,NA,NA,NA,NA,NA
BS40F,NA,Oe,Oe,NA,NA,L14-0156,38.19,NA,44.66686288,1.171036789,-28.321103,-4.775779,44.50017326,NA
BS40F,NA,A,A,NA,NA,L14-0157,119.69,NA,18.88109558,0.5694242594,-28.1976314,-2.046107,38.68459147,NA
BS40F,3,0--15,0--15,15,318.396,L14-0158,383.99,385.46,0.882908039,0.015944205,-27.6035684,0.43952304,64.60399741,NA
BS40F,3,15--30,15--30,15,318.396,L14-0159,476.38,479.571,0.6865499785,0.01694756197,-26.7784776,0.65433504,47.26195877,NA
BS40F,3,30--60,30--60,30,636.792,L14-0160,1080.15,1082.69,0.2371901076,0.01743138635,-25.271852,5.01533,15.87491589,NA
BS40F,3,60--100,60--100,40,849.056,L14-0161,1682.53,1685.52,NA,NA,NA,NA,NA,0.096
BS40F,NA,Oe,Oe,NA,NA,L14-0163,51.61,NA,45.21830928,1.170721649,-31.987008,-40.474792,45.06168839,NA
BS40F,NA,A,A,NA,NA,L14-0164,140.95,NA,43.27332778,1.403111111,-27.1562425,-3.1381815,35.98114837,NA
BS40F,3,0--15,0--15,15,318.396,L14-0165,357.35,358.69,1.088582773,0.01813236559,-27.1642888,0.40716864,70.04123256,NA
BS40F,3,15--30,15--30,15,318.396,L14-0166,497.5,499.503,0.380921538,0.004679244349,-26.08234,0.69188736,94.97440782,NA
BS40F,3,30--60,30--60,30,636.792,L14-0167,1034.1,1036.5,0.2299890911,0.01569492155,-25.9968017,4.78421,17.09601449,NA
BS40F,3,60--100,60--100,40,849.056,L14-0168,1713.34,1715.47,NA,NA,NA,NA,NA,NA
BS40X,NA,Oe,Oe,NA,NA,L14-0170,39.61,NA,47.02235676,1.084324324,-27.442532,-4.931929,50.59318046,NA
BS40X,NA,A,A,NA,NA,L14-0171,66.49,NA,30.2325,0.8881639723,-28.3596711,-2.67863,39.71254307,NA
BS40X,3,0--15,0--15,15,318.396,L14-0172,220.32,221,NA,NA,NA,NA,NA,0.971
BS40X,3,15--30,15--30,15,318.396,L14-0173,471.92,474.653,NA,NA,NA,NA,NA,0.718
BS40X,3,30--60,30--60,30,636.792,L14-0174,1022.13,1025.93,0.327068919,0.01934542955,-25.8803105,5.81783,19.72457652,0.289
BS40X,3,60--100,60--100,40,849.056,L14-0175,1712.74,1719.33,NA,NA,NA,NA,NA,0.15
BS40X,NA,Oe,Oe,NA,NA,L14-0177,28.06,NA,41.99545679,1.224567901,-28.0500545,-3.341281,40.00978593,NA
BS40X,NA,A,A,NA,NA,L14-0178,88.37,NA,21.73328235,0.8598823529,-28.0851325,-1.931475,29.48716879,NA
BS40X,3,0--15,0--15,15,318.396,L14-0179,380.65,381.44,0.7296908242,0.02175837351,-26.5478296,0.44631216,39.12544112,NA
BS40X,3,15--30,15--30,15,318.396,L14-0180,431.9,434.665,0.7812463739,0.02021496045,-26.480732,0.51017232,45.08809725,NA
BS40X,3,30--60,30--60,30,636.792,L14-0181,1015.71,1018.85,0.3317191283,0.02170847458,-25.6785311,5.784125,17.82739954,NA
BS40X,3,60--100,60--100,40,849.056,L14-0182,1304.04,1305.62,NA,NA,NA,NA,NA,NA
BS40X,NA,Oe,Oe,NA,NA,L14-0184,33.77,NA,40.80334563,1.123554736,-28.2785245,-5.655424,42.36901126,NA
BS40X,NA,A,A,NA,NA,L14-0185,411.29,NA,9.643937304,0.4378056426,-27.7218333,-1.442242,25.69921237,NA
BS40X,3,0--15,0--15,15,318.396,L14-0186,399.03,401.23,0.8614983753,0.01785877104,-26.8382364,0.40568352,56.27942907,NA
BS40X,3,15--30,15--30,15,318.396,L14-0187,492.68,495.454,0.6079952566,0.009733378509,-26.6233144,0.67406592,72.87580553,NA
BS40X,3,30--60,30--60,30,636.792,L14-0188,987.04,989.11,0.2534053405,0.01705416473,-25.5766013,7.54802,17.33532944,NA
BS40X,3,60--100,60--100,40,849.056,L14-0189,1621.07,1622.87,NA,NA,NA,NA,NA,NA
BS42A,NA,Oe,Oe,NA,NA,L14-0065,49.81,NA,41.82623907,1.24606414,-27.4518785,-4.68313,39.16112931,NA
BS42A,NA,A,A,NA,NA,L14-0066,159.52,NA,32.36790117,1.163631316,-26.9939224,-2.742964,32.45233335,NA
BS42A,3,0--15,0--15,15,318.396,L14-0067,240.21,401.59,NA,NA,NA,NA,NA,0.669
BS42A,3,15--30,15--30,15,318.396,L14-0068,530.26,530.98,NA,NA,NA,NA,NA,0.202
BS42A,3,30--60,30--60,30,636.792,L14-0069,876.57,878.17,0.3658544721,0.02336411839,-25.5193958,2.715365,18.26862072,0.291
BS42A,3,60--100,60--82,22,466.9808,L14-0070,1229.5,1230.25,NA,NA,NA,NA,NA,0.09
BS42A,NA,Oe,Oe,NA,NA,L14-0072,64.16,NA,46.5313218,1.222768166,-26.9907845,-5.336878,44.39643066,NA
BS42A,NA,A,A,NA,NA,L14-0073,137.52,NA,31.37899088,0.9864880274,-27.377388,-3.0174965,37.11025545,NA
BS42A,3,0--15,0--15,15,318.396,L14-0074,413.66,414.64,NA,NA,NA,NA,NA,0.557
BS42A,3,15--30,15--30,15,318.396,L14-0075,561.04,561.04,NA,NA,NA,NA,NA,0.377
BS42A,3,30--60,30--60,30,636.792,L14-0076,1126.27,1130.42,0.2299291383,0.01768398268,-24.8838947,4.333205,15.16913165,NA
BS42A,3,60--100,60--86,26,551.8864,L14-0077,865.72,866.74,NA,NA,NA,NA,NA,NA
BS42A,NA,Oe,Oe,NA,NA,L14-0079,77.7,NA,46.81186972,1.142943305,-26.4486875,-4.179286,47.78351451,NA
BS42A,NA,A,A,NA,NA,L14-0080,186.34,NA,36.16822118,1.081451141,-26.3623928,-1.7506538,39.01818256,NA
BS42A,3,0--15,0--15,15,318.396,L14-0081,434.45,435.45,NA,NA,NA,NA,NA,0.563
BS42A,3,15--30,15--30,15,318.396,L14-0082,507.53,507.5327,NA,NA,NA,NA,NA,0.151
BS42A,3,30--60,30--60,30,636.792,L14-0083,1119.42,1121.44,0.1794120186,NA,-24.8734937,NA,NA,NA
BS42A,3,60--100,60--100,40,849.056,L14-0084,1490.51,1492.13,NA,NA,NA,NA,NA,NA
BS42B,NA,Oe,Oe,NA,NA,L14-0086,57.34,NA,31.0257277,0.7953638498,-27.72085,-3.302764,45.50958951,NA
BS42B,NA,A,A,NA,NA,L14-0087,221.3,NA,16.03314697,0.5657060519,-27.7115123,-1.8731355,33.06547292,NA
BS42B,3,0--15,0--15,15,318.396,L14-0088,382.58,384.75,NA,NA,NA,NA,NA,0.897
BS42B,3,15--30,15--30,15,318.396,L14-0089,461.29,462.26,NA,NA,NA,NA,NA,0.151
BS42B,3,30--60,30--60,30,636.792,L14-0090,957.77,958.75,0.139063937,NA,-24.1547846,NA,NA,0.087
BS42B,3,60--100,60--84,24,509.4336,L14-0091,1172.41,1173.15,NA,NA,NA,NA,NA,NA
BS42B,NA,Oe,Oe,NA,NA,L14-0093,41.87,NA,40.976464729999996,1.124232365,-27.072826,-5.043316,42.52312689,NA
BS42B,NA,A,A,NA,NA,L14-0094,148.06,NA,32.79403894,1.240452261,-27.0334226,-2.539434,30.84335713,NA
BS42B,3,0--15,0--15,15,318.396,L14-0095,381.75,383.15,NA,NA,NA,NA,NA,0.268
BS42B,3,15--30,15--30,15,318.396,L14-0096,528.89,529.61,NA,NA,NA,NA,NA,0.056
BS42B,3,30--60,30--60,30,636.792,L14-0097,1049.76,1051.3,0.1620033724,NA,-24.4012883,NA,NA,NA
BS42B,3,60--100,60--84,24,509.4336,L14-0098,957.3,957.7,NA,NA,NA,NA,NA,0.042
BS42B,NA,Oe,Oe,NA,NA,L14-0100,85.42,NA,45.97479452,0.9996395097,-27.617,-5.079751,53.65660296,NA
BS42B,NA,A,A,NA,NA,L14-0101,67.64,NA,7.661955801,0.2739226519,-27.388465,-3.04709,32.63311147,NA
BS42B,3,0--15,0--15,15,318.396,L14-0102,417.17,417.3,0.2644710087,0.002942638963,-25.170232,0.72265056,104.8546947,NA
BS42B,3,15--30,15--30,15,318.396,L14-0103,463.96,464.622,NA,NA,NA,NA,NA,0.025
BS42B,3,30--60,30--60,30,636.792,L14-0104,1116.91,1118.77,0.1974877024,0.01497683748,-24.7133183,-0.69526,15.38390997,NA
BS42B,3,60--100,60--100,60,1273.584,L14-0105,1801.82,1803.56,NA,NA,NA,NA,NA,0.186
BS42C,NA,Oe,Oe,NA,NA,L14-0107,64.37,NA,48.06096998,1.061893764,-26.9617065,-5.294197,52.80295781,NA
BS42C,NA,A,A,NA,NA,L14-0108,172.94,NA,43.90322289,1.050120482,-26.7888149,-2.4688125,48.77576201,NA
BS42C,3,0--15,0--15,15,318.396,L14-0109,346.25,346.54,NA,NA,NA,NA,NA,0.925
BS42C,3,15--30,15--30,15,318.396,L14-0110,344.39,346.82,1.334272841,0.01907907612,-26.4975064,0.49022928,81.58946682,NA
BS42C,3,30--60,30--60,30,636.792,L14-0111,1001.78,1003.82,0.2523408143,0.01605214429,-24.8537318,-0.05005,18.34008039,0.207
BS42C,3,60--100,60--100,60,1273.584,L14-0112,1432.3,1433.92,NA,NA,NA,NA,NA,NA
BS42C,NA,Oe,Oe,NA,NA,L14-0114,37.46,NA,46.98942951,0.9841311475,-27.207831,-6.249835,55.70497512,NA
BS42C,NA,A,A,NA,NA,L14-0115,214.11,NA,40.74680021,1.085767001,-27.1799808,-2.623361,43.78281303,NA
BS42C,3,0--15,0--15,15,318.396,L14-0116,367.99,369.48,NA,NA,NA,NA,NA,0.591
BS42C,3,15--30,15--30,15,318.396,L14-0117,448.78,451.002,0.390656487,0.00452217721,-25.579108,0.60034032,100.7846177,NA
BS42C,3,30--60,30--60,30,636.792,L14-0118,877.26,880.26,0.274516871,0.01693026344,-25.0908746,1.659275,18.91699346,NA
BS42C,3,60--100,60--100,60,1273.584,L14-0119,1270.55,1273.75,NA,NA,NA,NA,NA,0.137
BS42C,NA,Oe,Oe,NA,NA,L14-0121,76.07,NA,32.95341278,1.039219935,-27.9337425,-4.293796,36.99471782,NA
BS42C,NA,A,A,NA,NA,L14-0122,250.63,NA,41.61496458,1.038961039,-26.738242,-1.5149105,46.73013731,NA
BS42C,3,0--15,0--15,15,318.396,L14-0123,356.23,357.67,NA,NA,NA,NA,NA,1.34
BS42C,3,15--30,15--30,15,318.396,L14-0124,530.82,531.49,NA,NA,NA,NA,NA,0.269
BS42C,3,30--60,30--60,30,636.792,L14-0125,1095.48,1096.57,0.1646029441,NA,-24.6301103,NA,NA,NA
BS42C,3,60--100,60--89,29,615.5656,L14-0126,1160.92,1162.19,NA,NA,NA,NA,NA,0.155
CP1,NA,Oe,Oe,NA,NA,L14-0002,28.5,NA,36.32487076,1.304709937,-27.0468635,-2.834314,32.48156138,NA
CP1,NA,A,A,NA,NA,L14-0003,305.47,NA,21.06110227,1.047458665,-26.4182072,1.2013193,23.45800058,NA
CP1,NA,Oe,Oe,NA,NA,L14-0009,30,NA,26.73718177,0.8796752226,-27.8174305,-0.985498,35.46010838,NA
CP1,NA,A,A,NA,NA,L14-0010,355.26,NA,11.53923804,0.5670745273,-26.7427576,1.4219436,23.74016771,NA
CP1,NA,Oe,Oe,NA,NA,L14-0016,34.09,NA,39.3885389,1.306957622,-26.784123,-1.908865,35.16050912,NA
CP1,NA,A,A,NA,NA,L14-0017,219.86,NA,33.70319588,1.471935853,-26.395468,-0.0535438,26.71338911,NA
CP1,3,0--15,0--15,15,318.396,L14-0025,277.5,279.15,NA,NA,NA,NA,NA,2.098
CP1,3,15--30,15--30,15,318.396,L14-0026,444.86,446.268,0.2821549151,0.01911415678,-25.3508996,5.045825,17.22182873,0.678
CP1,3,30--60,30--60,30,636.792,L14-0027,851.82,852.28,0.3165315838,0.02090571296,-25.4143457,4.984835,17.66439865,0.298
CP1,3,60--100,60--100,40,849.056,L14-0028,1383.83,1387.46,NA,NA,NA,NA,NA,0.241
CP1,3,0--15,0--15,15,318.396,L14-0032,334.29,335.55,NA,NA,NA,NA,NA,0.871
CP1,3,15--30,15--30,15,318.396,L14-0033,417.43,418.707,NA,NA,NA,NA,NA,0.599
CP1,3,30--60,30--60,30,636.792,L14-0034,991.28,992.46,0.244465783,0.01896470352,-25.0919147,7.809635,15.03899493,NA
CP1,3,60--100,60--100,40,849.056,L14-0035,1603.99,1608.82,0.1528614785,NA,-24.5583434,NA,NA,NA
CP1,NA,Oe,Oe,NA,NA,L14-0037,20.75,NA,29.98927639,0.8960260973,-27.120597,-2.519932,39.04739966,NA
CP1,NA,A,A,NA,NA,L14-0038,172.01,NA,17.08047882,0.7034376918,-26.3737624,1.9340715,28.32834453,NA
CP1,3,0--15,0--15,15,318.396,L14-0039,297,297.61,NA,NA,NA,NA,NA,1.005
CP1,3,15--30,15--30,15,318.396,L14-0040,393.04,394.193,NA,NA,NA,NA,NA,0.359
CP1,3,30--60,30--60,30,636.792,L14-0041,991.47,993.41,0.2338859501,0.01682247252,-24.5489825,5.228795,16.22038267,NA
CP1,3,60--100,60--100,40,849.056,L14-0042,1664.42,1668.82,0.1233001317,NA,-23.5400855,NA,NA,NA
CP2,3,0--15,0--15,15,318.396,L14-0004,420.44,420.72,NA,NA,NA,NA,NA,0.429
CP2,3,15--30,15--30,15,318.396,L14-0005,482.48,484.91,NA,NA,NA,NA,NA,0.53
CP2,3,30--60,30--60,30,636.792,L14-0006,1058.45,1060.8,0.1645031854,NA,-24.4064888,NA,NA,0.121
CP2,3,60--100,60--100,40,849.056,L14-0007,1551.57,1554.02,0.1332240175,NA,-24.4532933,NA,NA,0.066
CP2,3,0--15,0--15,15,318.396,L14-0011,415.58,416.017,NA,NA,NA,NA,NA,0.474
CP2,3,15--30,15--30,15,318.396,L14-0012,429.74,431.91,NA,NA,NA,NA,NA,0.59
CP2,3,30--60,30--60,30,636.792,L14-0013,865.79,915.86,0.1870750372,0.01605634489,-24.5635439,5.180645,13.59301955,NA
CP2,3,60--100,60--100,40,849.056,L14-0014,1472.71,1474.66,0.1123890479,NA,-23.3955116,NA,NA,NA
CP2,3,0--15,0--15,15,318.396,L14-0018,328.88,330.05,NA,NA,NA,NA,NA,1.233
CP2,3,15--30,15--30,15,318.396,L14-0019,413.99,415.11,NA,NA,NA,NA,NA,0.613
CP2,3,30--60,30--60,30,636.792,L14-0020,913.87,915.51,0.2811747297,0.01849113344,-24.9223784,4.64297,17.74024214,NA
CP2,3,60--100,60--100,40,849.056,L14-0021,1488.02,1490.88,0.1353187246,NA,-25.0537664,NA,NA,NA
CP2,NA,Oe,Oe,NA,NA,L14-0023,33.34,NA,40.06511481,1.070942201,-26.414417,-1.86202,43.64627138,NA
CP2,NA,A,A,NA,NA,L14-0024,348.74,NA,22.33807714,0.9249301286,-26.0512792,-0.9380376,28.17627969,NA
CP2,NA,Oe,Oe,NA,NA,L14-0030,31.32,NA,32.57367876,1.068005181,-26.6148475,-2.279461,35.58280978,NA
CP2,NA,A,A,NA,NA,L14-0031,435.71,NA,14.91468479,0.7135916715,-26.9257048,-0.8322178,24.38434511,NA
CP3,NA,Oe,Oe,NA,NA,L14-0044,84.97,NA,36.6705,0.891015625,-26.24618,-0.366103,48.01515125,NA
CP3,NA,A,A,NA,NA,L14-0045,606.46,NA,13.18943688,0.8091584158,-26.1701432,2.0468794,19.016889720000002,NA
CP3,3,0--15,0--15,15,318.396,L14-0046,402.18,403.48,NA,NA,NA,NA,NA,0.993
CP3,3,15--30,15--30,15,318.396,L14-0047,413.68,415.29,NA,NA,NA,NA,NA,0.412
CP3,3,30--60,30--60,30,636.792,L14-0048,939.7,942.49,0.4292292145,0.02427815502,-25.4060249,6.55934,20.62625502,0.38
CP3,3,60--100,60--100,40,849.056,L14-0049,1497.68,1501.8,0.3087473201,0.01499975071,-25.7790488,5.3629116,NA,0.279
CP3,NA,Oe,Oe,NA,NA,L14-0051,20.2,NA,27.661868,0.8489414695,-26.5608455,0.93827,38.01461053,NA
CP3,NA,A,A,NA,NA,L14-0052,638.57,NA,10.89140813,0.4539782484,-26.41614,-1.3044137,27.98954104,NA
CP3,3,0--15,0--15,15,318.396,L14-0053,400,400.91,NA,NA,NA,NA,NA,0.366
CP3,3,15--30,15--30,15,318.396,L14-0054,434.64,435.22,NA,NA,NA,NA,NA,0.275
CP3,3,30--60,30--60,30,636.792,L14-0055,569.86,571.94,0.2746756999,0.02200485747,-24.9265388,7.771115,14.56292019,NA
CP3,3,60--100,60--100,40,849.056,L14-0056,1508.86,1513.08,0.1162147107,NA,-24.4249808,NA,NA,NA
CP3,NA,Oe,Oe,NA,NA,L14-0058,51.49,NA,46.30368932,1.008845739,-25.891013,1.60451,53.54730539,NA
CP3,NA,A,A,NA,NA,L14-0059,160.67,NA,41.81177536,1.372403382,-25.826988,1.6056308,35.54378053,NA
CP3,3,0--15,0--15,15,318.396,L14-0060,338.69,339.92,NA,NA,NA,NA,NA,1.026
CP3,3,15--30,15--30,15,318.396,L14-0061,377.07,378.76,NA,NA,NA,NA,NA,0.431
CP3,3,30--60,30--60,30,636.792,L14-0062,885.98,888.02,0.2890136714,0.02015989403,-25.3259372,8.75177,16.72541612,NA
CP3,3,60--100,60--100,40,849.056,L14-0063,1484.92,1486.9,0.1047590334,NA,-24.5899592,NA,NA,NA
DNR#1,NA,Oe,Oe,NA,NA,L14-0548,13.88,NA,29.41947115,0.8921875,-27.920028,-4.7066201,38.47029503,NA
DNR#1,NA,A,A,NA,NA,L14-0549,105.38,NA,24.38909899,1.000260818,-27.6181672,-2.4661588,28.44652946,NA
DNR#1,3,0--15,0--15,15,318.396,L14-0550,380.73,381.28,NA,NA,NA,NA,NA,0.7130784314
DNR#1,3,15--30,15--30,15,318.396,L14-0551,520.91,522.84,NA,NA,NA,NA,NA,0.512
DNR#1,3,30--60,30--60,30,636.792,L14-0552,727.43,727.79,NA,NA,NA,NA,NA,0.252
DNR#1,3,60--100,60--100,40,849.056,L14-0553,1793.56,1795.65,NA,NA,NA,NA,NA,NA
DNR#1,NA,Oe,Oe,NA,NA,L14-0555,4.34,NA,31.13261565,1.013535123,-27.821836,-2.9236563,35.83633572,NA
DNR#1,NA,A,A,NA,NA,L14-0556,83.74,NA,12.19805907,0.5848824593,-27.7128904,-2.0680996,24.33150232,NA
DNR#1,3,0--15,0--15,15,318.396,L14-0557,438.39,438.98,NA,NA,NA,NA,NA,0.7084200206
DNR#1,3,15--30,15--30,15,318.396,L14-0558,494.64,495.38,0.5031983283,0.02140593083,-26.368748,3.1160125,23.50742569,NA
DNR#1,3,30--60,30--60,30,636.792,L14-0559,978.51,980.87,NA,NA,NA,NA,NA,NA
DNR#1,3,60--100,60--100,40,849.056,L14-0560,1546.68,1548.65,NA,NA,NA,NA,NA,0.157
DNR#1,NA,Oe,Oe,NA,NA,L14-0562,9.37,NA,34.41148816,0.7264374295,-26.62286,-2.4674332,55.26523628,NA
DNR#1,NA,A,A,NA,NA,L14-0563,312.51,NA,10.70994789,0.5055240301,-30.2498248,6.4027208,24.71680564,NA
DNR#1,3,0--15,0--15,15,318.396,L14-0564,333.1,333.76,NA,NA,NA,NA,NA,0.7037616099
DNR#1,3,15--30,15--30,15,318.396,L14-0565,393.01,412.466,0.9248127191,0.03555519919,-25.722284,5.7212273,26.01061842,NA
DNR#1,3,30--60,30--60,30,636.792,L14-0566,1020.82,1024.93,NA,NA,NA,NA,NA,NA
DNR#1,3,60--100,60--100,40,849.056,L14-0567,1624.58,1627,NA,NA,NA,NA,NA,NA
DNR#2,NA,Oe,Oe,NA,NA,L14-0569,13.28,NA,28.63245995,1.027974828,-28.3634424,-4.1056435,32.49548111,NA
DNR#2,NA,A,A,NA,NA,L14-0570,204.67,NA,14.31410063,0.720754717,-28.1031088,-2.7204744,23.16985748,NA
DNR#2,3,0--15,0--15,15,318.396,L14-0571,415.6,416.69,NA,NA,NA,NA,NA,0.727
DNR#2,3,15--30,15--30,15,318.396,L14-0572,353.46,354.476,NA,NA,NA,NA,NA,1.576
DNR#2,3,30--60,30--60,30,636.792,L14-0573,983.52,984.54,NA,NA,NA,NA,NA,0.281
DNR#2,3,60--100,60--100,40,849.056,L14-0574,1706.04,1707.36,NA,NA,NA,NA,NA,0.188
DNR#2,NA,Oe,Oe,NA,NA,L14-0576,4.32,NA,35.21922602,0.9773415592,-27.3587832,-4.000822,42.04169632,NA
DNR#2,NA,A,A,NA,NA,L14-0577,96.49,NA,14.97890655,0.7328162746,-27.6953872,-2.3435244,23.84689257,NA
DNR#2,3,0--15,0--15,15,318.396,L14-0578,329.73,331.06,0.9748866936,0.03172875971,-26.4712964,0.5797608,35.84658901,NA
DNR#2,3,15--30,15--30,15,318.396,L14-0579,475.66,478.201,0.6746611392,0.02779574449,-25.235364,5.2769103,24.27210178,NA
DNR#2,3,30--60,30--60,30,636.792,L14-0580,1013.15,1014.1,NA,NA,NA,NA,NA,NA
DNR#2,3,60--100,60--100,40,849.056,L14-0581,1711.51,1711.51,NA,NA,NA,NA,NA,NA
DNR#2,NA,Oe,Oe,NA,NA,L14-0583,29.27,NA,32.09661007,1.038700234,-28.230108,-3.8390974,36.05086805,NA
DNR#2,NA,A,A,NA,NA,L14-0584,293.6,NA,24.66271502,1.089242619,NA,-2.512398,26.41575626,NA
DNR#2,3,0--15,0--15,15,318.396,L14-0585,390.03,390.88,1.301821156,0.03652355031,-27.0814652,0.4789848,41.58389137,NA
DNR#2,3,15--30,15--30,15,318.396,L14-0586,438.54,439.925,0.9339779915,0.03668727472,-26.051732,3.966717,25.45781878,NA
DNR#2,3,30--60,30--60,30,636.792,L14-0587,827.74,830,NA,NA,NA,NA,NA,NA
DNR#2,3,60--100,60--100,40,849.056,L14-0588,1606.27,1612.43,NA,NA,NA,NA,NA,NA
DNR#3,NA,Oe,Oe,NA,NA,L14-0590,17.56,NA,33.35701019,1.231540204,-27.056972,-3.2131633,31.59987126,NA
DNR#3,NA,A,A,NA,NA,L14-0591,238.97,NA,8.516354494,0.417397863,-26.663728,-0.7110796,23.8040196,NA
DNR#3,3,0--15,0--15,15,318.396,L14-0592,415.13,417.05,NA,NA,NA,NA,NA,0.579
DNR#3,3,15--30,15--30,15,318.396,L14-0593,358.07,358.866,NA,NA,NA,NA,NA,0.72
DNR#3,3,30--60,30--60,30,636.792,L14-0594,1038.92,1041.21,NA,NA,NA,NA,NA,0.247
DNR#3,3,60--100,60--100,40,849.056,L14-0595,1785.21,1787.7,NA,NA,NA,NA,NA,NA
DNR#3,NA,Oe,Oe,NA,NA,L14-0597,26.55,NA,42.00385045,1.113225446,-27.356716,NA,44.02027671,NA
DNR#3,NA,A,A,NA,NA,L14-0598,211.38,NA,27.22229634,1.239244392,-27.1095448,-1.0990868,25.6279923,NA
DNR#3,3,0--15,0--15,15,318.396,L14-0599,418.89,419.89,0.6275005384,0.01568857833,-26.1756476,0.48418272,46.66349913,NA
DNR#3,3,15--30,15--30,15,318.396,L14-0600,512.33,515.65,0.854376959,0.03005133394,-25.191852,5.8675268,28.4305835,NA
DNR#3,3,30--60,30--60,30,636.792,L14-0601,898.3,901.58,NA,NA,NA,NA,NA,NA
DNR#3,3,60--100,60--100,40,849.056,L14-0602,1262,1262.4,NA,NA,NA,NA,NA,0.053
DNR#3,NA,Oe,Oe,NA,NA,L14-0604,15.9,NA,34.83821229,1.359664804,-28.2332088,NA,29.893089,NA
DNR#3,NA,A,A,NA,NA,L14-0605,365.94,NA,NA,NA,NA,NA,NA,NA
DNR#3,3,0--15,0--15,15,318.396,L14-0606,333.15,334.04,1.180077357,0.03367769626,-26.7753324,0.49850352,40.8803769,NA
DNR#3,3,15--30,15--30,15,318.396,L14-0607,404.76,406.665,0.6308709313,0.0194894202,NA,5.6117736,32.36991788,NA
DNR#3,3,30--60,30--60,30,636.792,L14-0608,974.45,977.1,NA,NA,NA,NA,NA,NA
DNR#3,3,60--100,60--100,40,849.056,L14-0609,1557.88,1557.88,NA,NA,NA,NA,NA,NA
PSA#1,NA,Oe,Oe,NA,NA,L14-0478,27.86,NA,37.01269521,1.378413098,-29.0135352,-4.6989328,31.32694967,NA
PSA#1,NA,Oe,Oe,NA,NA,L14-0485,31.96,NA,45.24579247,1.610541619,-28.0668762,-3.8481499,32.77578006,NA
PSA#1,NA,A,A,NA,NA,L14-0486,105.9,NA,18.79738834,0.851662531,-27.6078712,-1.8972156,25.74997208,NA
PSA#1,3,0--15,0--15,15,318.396,L14-0487,347.43,348.11,NA,NA,NA,NA,NA,1.201
PSA#1,3,15--30,15--30,15,318.396,L14-0488,501.75,504.3,NA,NA,NA,NA,NA,1.408
PSA#1,3,30--60,30--60,30,636.792,L14-0489,932.1,934.59,NA,NA,NA,NA,NA,0.267
PSA#1,3,60--100,60--100,40,849.056,L14-0490,1556.19,1557.97,NA,NA,NA,NA,NA,0.099
PSA#1,NA,A,A,NA,NA,L14-0493,172.76,NA,NA,0.5925765766,NA,-0.8628648,NA,NA
PSA#1,3,0--15,0--15,15,318.396,L14-0494,365.26,365.725,NA,NA,NA,NA,NA,0.915
PSA#1,3,15--30,15--30,15,318.396,L14-0495,456.06,457.305,0.4909049649,0.02030646862,-26.010292,3.7315541,24.17480726,NA
PSA#1,3,30--60,30--60,30,636.792,L14-0496,948.77,951.7,NA,NA,NA,NA,NA,NA
PSA#1,3,60--100,60--100,40,849.056,L14-0497,1260.32,1262.23,NA,NA,NA,NA,NA,NA
PSA#1,NA,Oe,Oe,NA,NA,L14-0499,20.18,NA,32.21110588,1.235229412,-28.4796816,-3.9643935,30.4231936,NA
PSA#1,NA,A,A,NA,NA,L14-0500,144.88,NA,14.76437254,0.6748002251,-27.4626976,-1.7826228,25.5262234,NA
PSA#1,3,0--15,0--15,15,318.396,L14-0501,439.47,440.13,NA,NA,NA,NA,NA,0.449
PSA#1,3,15--30,15--30,15,318.396,L14-0502,521.75,523.67,0.3131247391,0.01633692072,-24.787812,4.1032632,19.1666927,NA
PSA#1,3,30--60,30--60,30,636.792,L14-0503,1048.77,1051.41,NA,NA,NA,NA,NA,NA
PSA#1,3,60--100,60--100,40,849.056,L14-0504,1260.85,1262.46,NA,NA,NA,NA,NA,NA
PSA#2,NA,Oe,Oe,NA,NA,L14-0506,14.19,NA,38.50052784,1.247969838,-28.3861816,-4.7016286,35.99228213,NA
PSA#2,NA,A,A,NA,NA,L14-0507,146.92,NA,22.25031306,0.9712221553,NA,-1.5564528,26.72786904,NA
PSA#2,3,0--15,0--15,15,318.396,L14-0508,403.45,404.19,NA,NA,NA,NA,NA,0.745
PSA#2,3,15--30,15--30,15,318.396,L14-0509,442.04,443.57,NA,NA,NA,NA,NA,0.334
PSA#2,3,30--60,30--60,30,636.792,L14-0510,1050.71,1053.923,NA,NA,NA,NA,NA,0.267
PSA#2,3,60--100,60--100,40,849.056,L14-0511,1567.26,1569.4,NA,NA,NA,NA,NA,NA
PSA#2,NA,Oe,Oe,NA,NA,L14-0513,32.38,NA,45.14493575,1.46489486,-28.2435448,-4.3242712,35.9541788,NA
PSA#2,NA,A,A,NA,NA,L14-0514,83.94,NA,20.50536829,0.9650436954,-27.358708,-0.1170064,24.78947822,NA
PSA#2,3,0--15,0--15,15,318.396,L14-0515,346.89,348.08,NA,NA,NA,NA,NA,1.112
PSA#2,3,15--30,15--30,15,318.396,L14-0516,425.17,427.278,1.105178597,0.03353813659,-25.48504,3.663281,32.95289211,NA
PSA#2,3,30--60,30--60,30,636.792,L14-0517,180.84,181.32,NA,NA,NA,NA,NA,NA
PSA#2,3,60--100,60--100,40,849.056,L14-0518,1297.55,1299.66,NA,NA,NA,NA,NA,NA
PSA#2,NA,Oe,Oe,NA,NA,L14-0520,19.58,NA,45.44614983,1.50116144,-28.0936728,-3.7183031,35.31965764,NA
PSA#2,NA,A,A,NA,NA,L14-0521,72.63,NA,37.04726011,1.450187085,-27.6150784,-2.2470252,29.80429484,NA
PSA#2,3,0--15,0--15,15,318.396,L14-0522,457.14,457.613,NA,NA,NA,NA,NA,0.349
PSA#2,3,15--30,15--30,15,318.396,L14-0523,491.76,493.96,0.6330782652,0.02252916251,-25.87872,2.5178101,28.10039054,NA
PSA#2,3,30--60,30--60,30,636.792,L14-0524,1056.6,1059.58,NA,NA,NA,NA,NA,NA
PSA#2,3,60--100,60--100,40,849.056,L14-0525,1314.15,1315.8,NA,NA,NA,NA,NA,0.064
PSA#3,NA,Oe,Oe,NA,NA,L14-0527,25.18,NA,28.518721,0.8699583581,-27.1892728,-2.722998,38.24532618,NA
PSA#3,NA,A,A,NA,NA,L14-0528,297.86,NA,26.05278008,1.156561944,-27.3082576,0.2257668,26.28039963,NA
PSA#3,3,0--15,0--15,15,318.396,L14-0529,356.16,356.77,NA,NA,NA,NA,NA,0.848
PSA#3,3,15--30,15--30,15,318.396,L14-0530,444.36,446.01,NA,NA,NA,NA,NA,0.545
PSA#3,3,30--60,30--60,30,636.792,L14-0531,1000.22,1010.86,0.4283361995,0.02286480198,-25.5089948,6.134015,21.85566997,0.41
PSA#3,3,60--100,60--100,40,849.056,L14-0532,1209.83,1210.87,NA,NA,NA,NA,NA,0.07
PSA#3,NA,Oe,Oe,NA,NA,L14-0534,30.04,NA,38.96354589,1.109296782,-27.739148,-4.4310893,40.97863705,NA
PSA#3,NA,A,A,NA,NA,L14-0535,189.31,NA,NA,NA,NA,NA,NA,NA
PSA#3,3,0--15,0--15,15,318.396,L14-0536,376.41,376.41,NA,NA,NA,NA,NA,0.861
PSA#3,3,15--30,15--30,15,318.396,L14-0537,448.96,450.04,0.5110748556,0.02195284687,-25.305812,4.0978447,23.28057307,NA
PSA#3,3,30--60,30--60,30,636.792,L14-0538,959.33,962.75,0.3889562209,0.02107165169,-24.887015,4.8452,21.53520115,NA
PSA#3,3,60--100,60--100,40,849.056,L14-0539,1565.93,1567.9,NA,NA,NA,NA,NA,NA
PSA#3,NA,Oe,Oe,NA,NA,L14-0541,28.66,NA,26.61992494,0.9442840647,-28.0554296,-3.6564085,32.88902171,NA
PSA#3,NA,A,A,NA,NA,L14-0542,217.93,NA,18.07928659,0.9675276753,-26.653432,0.1644496,21.80041105,NA
PSA#3,3,0--15,0--15,15,318.396,L14-0543,417.3,417.3,NA,NA,NA,NA,NA,0.417
PSA#3,3,15--30,15--30,15,318.396,L14-0544,435.95,436.43,0.4464746555,0.01606051214,-25.724356,2.9176954,27.79952792,NA
PSA#3,3,30--60,30--60,30,636.792,L14-0545,978.11,980.24,0.3277541089,0.01826645854,-25.115837,6.92849,20.93343889,NA
PSA#3,3,60--100,60--100,40,849.056,L14-0546,1328.51,1330.69,NA,NA,NA,NA,NA,NA
