Plot,Date sampled,CWD subplot ID,Species code (if possible),Length (m),Endpoint 1 diameter (cm),Midpoint diameter (cm),Endpoint 2 diameter (cm),Decay class of whole piece,Avg diameter (cm),Radius (cm),Volume (cm3),Species + decay class,Density (g cm-3),Mass (kg),Char class (BP17 ONLY),,,,,,,,,,,,,,,
AC103,6/19/2020,0,POGR,2.53,13.7,11.5,11.6,3,12.3,6.133333333,29899,POGR3,0.2843,8.500420112,,,,,,,,,,,,,,,,
AC103,6/19/2020,0,QURU,0.85,5.5,5.1,5.0,2,5.2,2.6,1805,QURU2,0.5925,1.06955679,,,,,,,,,,,,,,,,
AC103,6/19/2020,0,QURU,2.00,5.0,6.0,6.2,2,5.7,2.866666667,5163,QURU2,0.5925,3.05930387,,,,,,,,,,,,,,,,
AC103,6/19/2020,0,QURU,1.58,6.0,5.0,6.3,2,5.8,2.883333333,4127,QURU2,0.5925,2.445034659,,,,,,,,,,,,,,,,
AC103,6/19/2020,0,QURU,1.09,5.0,6.3,5.5,2,5.6,2.8,2685,QURU2,0.5925,1.590672555,,,,,,,,,,,,,,,,
AC103,6/19/2020,0,QURU,2.18,8.5,8.3,5.0,2,7.3,3.633333333,9041,QURU2,0.5925,5.35679723,,,,,,,,,,,,,,,,
AC103,6/19/2020,0,QURU,1.20,7.3,6.6,5.0,2,6.3,3.15,3741,QURU2,0.5925,2.216361416,,,,,,,,,,,,,,,,
AC103,6/19/2020,0,QURU,0.84,6.8,6.2,6.4,2,6.5,3.233333333,2759,QURU2,0.5925,1.634626264,,,,,,,,,,,,,,,,
AC103,6/19/2020,120,POGR,0.42,26.3,25.3,21.9,4,24.5,12.25,19800,POGR4,0.2673,5.29261495,,,,,,,,,,,,,,,,
AC103,6/19/2020,120,QURU,2.11,5.7,5.9,7.6,1,6.4,3.2,6788,QURU1,0.8035,5.454038078,,,,,,,,,,,,,,,,
AC103,6/19/2020,120,QURU,1.59,6.5,6.3,6.5,1,6.4,3.216666667,5168,QURU1,0.8035,4.152838053,,,,,,,,,,,,,,,,
AC103,6/19/2020,120,QURU,3.68,9.3,10.4,13.3,1,11.0,5.5,34972,QURU1,0.8035,28.10017027,,,,,,,,,,,,,,,,
AC103,6/19/2020,120,QURU,4.79,9.2,7.4,5.0,2,7.2,3.6,19503,QURU2,0.5925,11.55523394,,,,,,,,,,,,,,,,
AC103,6/19/2020,120,Unknown,1.97,5.9,5.8,5.2,3,5.6,2.816666667,4910,Unknown3,0.3356,1.647816926,,,,,,,,,,,,,,,,
AC103,6/19/2020,120,Unknown,1.91,5.0,5.2,6.0,3,5.4,2.7,4374,Unknown3,0.3356,1.468022529,,,,,,,,,,,,,,,,
AC103,6/19/2020,240,Unknown,1.24,5.7,6.7,6.3,4,6.2,3.116666667,3784,Unknown4,0.2517,0.952435305,,,,,,,,,,,,,,,,
AC103,6/19/2020,240,Unknown,0.62,5.4,5.0,5.4,4,5.3,2.633333333,1351,Unknown4,0.2517,0.339966756,,,,,,,,,,,,,,,,
AC104,6/19/2020,0,Unknown,0.64,6.8,7.0,9.5,3,7.8,3.883333333,3032,Unknown3,0.3356,1.017562609,,,,,,,,,,,,,,,,
AC104,6/19/2020,120,POGR,0.41,30.3,32.7,41.0,2,34.7,17.33333333,38699,POGR2,0.3780,14.62816017,,,,,,,,,,,,,,,,
AC104,6/19/2020,120,POGR,0.95,23.3,28.5,14.1,2,22.0,10.98333333,36003,POGR2,0.3780,13.60923164,,,,,,,,,,,,,,,,
AC104,6/19/2020,240,POGR,0.66,17.3,17.4,17.2,5,17.3,8.65,15514,POGR5,0.0680,1.054957432,,,,,,,,,,,,,,,,
AC107,7/7/2020,0,PIST,1.65,5.0,5.6,6.0,1,5.5,2.766666667,3968,PIST1,0.5987,2.375509384,,,,,,,,,,,,,,,,
AC107,7/7/2020,120,POGR,0.31,6.3,5.8,5.3,3,5.8,2.9,819,POGR3,0.2843,0.232854386,,,,,,,,,,,,,,,,
AC107,7/7/2020,120,POGR,0.23,5.1,6.2,5.7,3,5.7,2.833333333,580,POGR3,0.2843,0.164911108,,,,,,,,,,,,,,,,
AC107,7/7/2020,120,POGR,1.25,5.8,5.1,5.0,4,5.3,2.65,2758,POGR4,0.2673,0.737141042,,,,,,,,,,,,,,,,
AC107,7/7/2020,240,Unknown,1.14,5.5,7.3,5.0,4,5.9,2.966666667,3152,Unknown4,0.2517,0.793369396,,,,,,,,,,,,,,,,
BF7,7/6/2020,0,ACRU,2.56,5.3,6.3,7.2,2,6.3,3.133333333,7896,ACRU2,0.4090,3.229433483,,,,,,,,,,,,,,,,
BF7,7/6/2020,0,QURU,0.51,5.8,5.8,6.3,2,6.0,2.983333333,1426,QURU2,0.5925,0.844912946,,,,,,,,,,,,,,,,
BF7,7/6/2020,0,QURU,2.95,7.1,9.0,10.0,4,8.7,4.35,17537,QURU4,0.3074,5.390812984,,,,,,,,,,,,,,,,
BF7,7/6/2020,0,QURU,0.65,16.4,17.5,18.9,5,17.6,8.8,15814,QURU5,0.2341,3.701945215,,,,,,,,,,,,,,,,
BF7,7/6/2020,0,Stump- PIST,0.52,64.5,63.9,73.7,4,67.4,33.68333333,185346,Stump- PIST4,0.2673,49.54300003,,,,,,,,,,,,,,,,
BF7,7/6/2020,0,Unknown,2.73,10.2,16.7,19.5,4,15.5,7.733333333,51292,Unknown4,0.2517,12.91008779,,,,,,,,,,,,,,,,
BF7,7/6/2020,120,POGR,0.22,5.1,5.2,5.6,3,5.3,2.65,485,POGR3,0.2843,0.137987949,,,,,,,,,,,,,,,,
BF7,7/6/2020,120,Unknown,0.63,8.3,7.7,6.1,5,7.4,3.683333333,2685,Unknown5,0.1607,0.431507497,,,,,,,,,,,,,,,,
BF7,7/6/2020,240,POGR,1.15,6.4,5.3,5.7,2,5.8,2.9,3038,POGR2,0.3780,1.148511925,,,,,,,,,,,,,,,,
BF7,7/6/2020,240,POGR,1.50,6.2,5.7,5.5,3,5.8,2.9,3963,POGR3,0.2843,1.126714769,,,,,,,,,,,,,,,,
BF7,7/6/2020,240,POGR,2.05,9.7,8.3,7.0,3,8.3,4.166666667,11181,POGR3,0.2843,3.178762712,,,,,,,,,,,,,,,,
BF7,7/6/2020,240,POGR,0.63,5.4,6.1,6.7,4,6.1,3.033333333,1821,POGR4,0.2673,0.486776559,,,,,,,,,,,,,,,,
BF7,7/6/2020,240,QURU,1.37,6.9,7.3,7.6,2,7.3,3.633333333,5682,QURU2,0.5925,3.366427617,,,,,,,,,,,,,,,,
BF7,7/6/2020,240,Stump- POGR,0.81,9.6,9.4,10.7,3,9.9,4.95,6235,Stump- POGR3,0.2843,1.772646547,,,,,,,,,,,,,,,,
BF8,7/6/2020,0,POGR,0.50,5.1,5.2,5.0,3,5.1,2.55,1021,POGR3,0.2843,0.290386952,,,,,,,,,,,,,,,,
BF8,7/6/2020,0,POGR,0.78,7.5,9.0,10.5,3,9.0,4.5,4962,POGR3,0.2843,1.410737993,,,,,,,,,,,,,,,,
BF8,7/6/2020,0,POGR,0.32,6.5,6.0,5.4,3,6.0,2.983333333,895,POGR3,0.2843,0.254378424,,,,,,,,,,,,,,,,
BF8,7/6/2020,0,Stump- POGR,0.45,11.9,11.1,11.0,3,11.3,5.666666667,4540,Stump- POGR3,0.2843,1.290608674,,,,,,,,,,,,,,,,
BF8,7/6/2020,240,ACRU,1.75,8.7,7.5,6.3,2,7.5,3.75,7731,ACRU2,0.4090,3.162086637,,,,,,,,,,,,,,,,
BP17#1,7/13/2020,0,PIRE,0.22,12.3,12.7,12.6,2,12.5,6.266666667,2714,PIRE2,0.3780,1.025976805,1,,,,,,,,,,,,,,,
BP17#1,7/13/2020,0,PIST,1.20,10.0,13.9,6.9,2,10.3,5.133333333,9934,PIST2,0.3780,3.755102973,1,,,,,,,,,,,,,,,
BP17#1,7/13/2020,0,POGR,0.80,5.0,7.7,9.5,4,7.4,3.7,3441,POGR4,0.2673,0.919691699,0,,,,,,,,,,,,,,,
BP17#1,7/13/2020,0,POGR,0.75,5.5,6.0,5.7,5,5.7,2.866666667,1936,POGR5,0.0680,0.131666243,0,,,,,,,,,,,,,,,
BP17#1,7/13/2020,0,POGR,0.45,8.4,8.4,8.4,5,8.4,4.2,2494,POGR5,0.0680,0.169578145,0,,,,,,,,,,,,,,,
BP17#1,7/13/2020,0,POGR,0.40,11.7,12.0,9.4,5,11.0,5.516666667,3824,POGR5,0.0680,0.260059225,0,,,,,,,,,,,,,,,
BP17#1,7/13/2020,0,POGR,0.80,9.1,8.9,9.6,5,9.2,4.6,5318,POGR5,0.0680,0.361629987,0,,,,,,,,,,,,,,,
BP17#1,7/13/2020,0,POGR,1.90,8.3,17.8,12.3,5,12.8,6.4,24449,POGR5,0.0680,1.662540885,0,,,,,,,,,,,,,,,
BP17#1,7/13/2020,0,POGR,0.62,12.0,11.0,12.2,5,11.7,5.866666667,6704,POGR5,0.0680,0.455861905,1,,,,,,,,,,,,,,,
BP17#1,7/13/2020,0,QURU,1.18,5.0,8.6,9.3,3,7.6,3.816666667,5400,QURU3,0.4304,2.324195236,0,,,,,,,,,,,,,,,
BP17#1,7/13/2020,0,QURU,0.50,6.3,6.2,5.4,4,6.0,2.983333333,1398,QURU4,0.3074,0.429761297,0,,,,,,,,,,,,,,,
BP17#1,7/13/2020,120,ACRU,0.61,5.7,5.1,5.3,2,5.4,2.683333333,1380,ACRU2,0.4090,0.564354857,0,,,,,,,,,,,,,,,
BP17#1,7/13/2020,120,ACRU,3.83,12.1,8.0,7.0,2,9.0,4.516666667,24546,ACRU2,0.4090,10.03940641,1,,,,,,,,,,,,,,,
BP17#1,7/13/2020,120,ACRU,1.02,5.1,5.4,6.0,2,5.5,2.75,2423,ACRU2,0.4090,0.991148528,0,,,,,,,,,,,,,,,
BP17#1,7/13/2020,120,ACRU,1.39,7.9,12.7,7.3,2,9.3,4.65,9442,ACRU2,0.4090,3.861836534,1,,,,,,,,,,,,,,,
BP17#1,7/13/2020,120,ACRU,2.43,5.0,7.3,5.1,2,5.8,2.9,6420,ACRU2,0.4090,2.625883475,1,,,,,,,,,,,,,,,
BP17#1,7/13/2020,120,PIRE,2.20,9.8,7.7,5.2,2,7.6,3.783333333,9893,PIRE2,0.3780,3.739500253,1,,,,,,,,,,,,,,,
BP17#1,7/13/2020,120,PIST,0.34,7.7,8.0,8.2,2,8.0,3.983333333,1695,PIST2,0.3780,0.640639763,0,,,,,,,,,,,,,,,
BP17#1,7/13/2020,120,POGR,1.66,5.0,5.6,5.4,2,5.3,2.666666667,3708,POGR2,0.3780,1.401803775,0,,,,,,,,,,,,,,,
BP17#1,7/13/2020,120,POGR,1.07,5.2,5.1,5.5,2,5.3,2.633333333,2331,POGR2,0.3780,0.881124188,0,,,,,,,,,,,,,,,
BP17#1,7/13/2020,120,QURU,0.70,5.0,5.6,8.1,2,6.2,3.116666667,2136,QURU2,0.5925,1.265659781,1,,,,,,,,,,,,,,,
BP17#1,7/13/2020,120,QURU,0.84,9.5,9.2,8.6,2,9.1,4.55,5463,QURU2,0.5925,3.236982166,1,,,,,,,,,,,,,,,
BP17#1,7/13/2020,120,QURU,2.44,5.1,6.6,5.7,2,5.8,2.9,6447,QURU2,0.5925,3.81965422,1,,,,,,,,,,,,,,,
BP17#1,7/13/2020,120,QURU,1.42,5.8,6.6,5.0,2,5.8,2.9,3752,QURU2,0.5925,2.222913521,1,,,,,,,,,,,,,,,
BP17#1,7/13/2020,120,QURU,0.63,5.3,5.4,5.1,2,5.3,2.633333333,1372,QURU2,0.5925,0.813187043,0,,,,,,,,,,,,,,,
BP17#1,7/13/2020,120,QURU,0.99,5.0,5.7,5.0,2,5.2,2.616666667,2130,QURU2,0.5925,1.26174103,1,,,,,,,,,,,,,,,
BP17#1,7/13/2020,120,QURU,1.64,6.5,6.8,5.8,2,6.4,3.183333333,5221,QURU2,0.5925,3.093472853,0,,,,,,,,,,,,,,,
BP17#1,7/13/2020,120,QURU,0.94,5.6,5.4,5.4,2,5.5,2.733333333,2206,QURU2,0.5925,1.307227803,0,,,,,,,,,,,,,,,
BP17#1,7/13/2020,120,QURU,1.17,6.7,7.0,5.2,2,6.3,3.15,3647,QURU2,0.5925,2.16095238,1,,,,,,,,,,,,,,,
BP17#1,7/13/2020,120,QURU,0.88,9.4,9.2,6.1,2,8.2,4.116666667,4685,QURU2,0.5925,2.775954256,1,,,,,,,,,,,,,,,
BP17#1,7/13/2020,120,QURU,1.73,9.7,6.7,6.6,2,7.7,3.833333333,7986,QURU2,0.5925,4.731921178,1,,,,,,,,,,,,,,,
BP17#1,7/13/2020,120,QURU,1.95,7.7,6.6,5.3,2,6.5,3.266666667,6537,QURU2,0.5925,3.873311994,0,,,,,,,,,,,,,,,
BP17#1,7/13/2020,120,QURU,0.35,5.8,6.5,5.4,2,5.9,2.95,957,QURU2,0.5925,0.566957238,0,,,,,,,,,,,,,,,
BP17#1,7/13/2020,120,QURU,2.10,7.3,8.8,10.1,2,8.7,4.366666667,12580,QURU2,0.5925,7.453454489,0,,,,,,,,,,,,,,,
BP17#1,7/13/2020,120,QURU,0.84,5.6,6.6,5.1,2,5.8,2.883333333,2194,QURU2,0.5925,1.299891844,0,,,,,,,,,,,,,,,
BP17#1,7/13/2020,120,QURU,0.83,6.0,6.1,5.3,2,5.8,2.9,2193,QURU2,0.5925,1.299308608,0,,,,,,,,,,,,,,,
BP17#1,7/13/2020,120,QURU,1.32,6.9,7.8,10.2,2,8.3,4.15,7142,QURU2,0.5925,4.231636476,0,,,,,,,,,,,,,,,
BP17#1,7/13/2020,120,QURU,0.77,11.2,10.9,10.8,2,11.0,5.483333333,7273,QURU2,0.5925,4.309414292,0,,,,,,,,,,,,,,,
BP17#1,7/13/2020,120,QURU,1.85,7.4,5.9,5.1,2,6.1,3.066666667,5466,QURU2,0.5925,3.238494032,0,,,,,,,,,,,,,,,
BP17#1,7/13/2020,120,QURU,1.08,5.4,5.0,5.1,2,5.2,2.583333333,2264,QURU2,0.5925,1.341599471,0,,,,,,,,,,,,,,,
BP17#1,7/13/2020,120,QURU,0.61,5.6,6.1,5.7,3,5.8,2.9,1612,QURU3,0.4304,0.6936621,0,,,,,,,,,,,,,,,
BP17#1,7/13/2020,120,Stump- ACRU,0.33,5.1,5.1,5.0,2,5.1,2.533333333,665,Stump- ACRU2,0.4090,0.272127101,2,,,,,,,,,,,,,,,
BP17#1,7/13/2020,120,Stump- ACRU,0.40,17.5,18.3,18.3,2,18.0,9.016666667,10216,Stump- ACRU2,0.4090,4.178546134,2,,,,,,,,,,,,,,,
BP17#1,7/13/2020,120,Stump- PIRE,0.23,31.0,30.0,35.8,2,32.3,16.13333333,18807,Stump- PIRE2,0.3780,7.109150731,1,,,,,,,,,,,,,,,
BP17#1,7/13/2020,120,Stump- QURU,0.32,51.0,45.5,43.0,2,46.5,23.25,54343,Stump- QURU2,0.5925,32.19838731,1,,,,,,,,,,,,,,,
BP17#1,7/13/2020,240,ACRU,0.40,8.7,9.1,8.2,2,8.7,4.333333333,2360,ACRU2,0.4090,0.965111226,1,,,,,,,,,,,,,,,
BP17#1,7/13/2020,240,ACRU,2.81,6.9,8.8,9.2,2,8.3,4.15,15204,ACRU2,0.4090,6.218357608,0,,,,,,,,,,,,,,,
BP17#1,7/13/2020,240,ACRU,0.39,32.2,36.6,34.4,2,34.4,17.2,36247,ACRU2,0.4090,14.8249993,0,,,,,,,,,,,,,,,
BP17#1,7/13/2020,240,ACRU,2.98,9.6,7.2,6.3,2,7.7,3.85,13877,ACRU2,0.4090,5.675588549,0,,,,,,,,,,,,,,,
BP17#1,7/13/2020,240,ACRU,0.96,10.1,11.7,12.2,2,11.3,5.666666667,9684,ACRU2,0.4090,3.960953528,0,,,,,,,,,,,,,,,
BP17#1,7/13/2020,240,ACRU,1.01,9.9,9.6,9.4,2,9.6,4.816666667,7361,ACRU2,0.4090,3.01084043,0,,,,,,,,,,,,,,,
BP17#1,7/13/2020,240,ACRU,0.53,10.8,10.4,10.3,2,10.5,5.25,4589,ACRU2,0.4090,1.877014628,0,,,,,,,,,,,,,,,
BP17#1,7/13/2020,240,ACRU,1.69,10.7,6.0,7.4,2,8.0,4.016666667,8566,ACRU2,0.4090,3.503414069,0,,,,,,,,,,,,,,,
BP17#1,7/13/2020,240,PIRE,0.71,11.7,11.6,12.8,1,12.0,6.016666667,8075,PIRE1,0.5987,4.83425308,1,,,,,,,,,,,,,,,
BP17#1,7/13/2020,240,PIRE,2.50,6.8,9.1,10.1,2,8.7,4.333333333,14748,PIRE2,0.3780,5.574756164,1,,,,,,,,,,,,,,,
BP17#1,7/13/2020,240,PIRE,5.89,6.1,8.8,6.1,2,7.0,3.5,22667,PIRE2,0.3780,8.568268277,1,,,,,,,,,,,,,,,
BP17#1,7/13/2020,240,PIRE,2.90,14.9,9.6,11.8,2,12.1,6.05,33347,PIRE2,0.3780,12.60521971,1,,,,,,,,,,,,,,,
BP17#1,7/13/2020,240,PIRE,2.13,13.0,11.4,8.9,2,11.1,5.55,20612,PIRE2,0.3780,7.791251836,0,,,,,,,,,,,,,,,
BP17#1,7/13/2020,240,PIST,0.42,5.8,7.0,5.2,3,6.0,3,1188,PIST3,0.2843,0.337612511,0,,,,,,,,,,,,,,,
BP17#1,7/13/2020,240,POGR,4.34,10.2,10.4,11.2,1,10.6,5.3,38299,POGR1,0.5987,22.92981757,1,,,,,,,,,,,,,,,
BP17#1,7/13/2020,240,QURU,1.52,7.3,6.3,6.3,1,6.6,3.316666667,5253,QURU1,0.8035,4.220685514,0,,,,,,,,,,,,,,,
BP17#1,7/13/2020,240,QURU,1.39,6.0,6.1,5.7,2,5.9,2.966666667,3843,QURU2,0.5925,2.277144191,1,,,,,,,,,,,,,,,
BP17#1,7/13/2020,240,QURU,1.26,5.2,5.7,5.5,2,5.5,2.733333333,2957,QURU2,0.5925,1.752241524,0,,,,,,,,,,,,,,,
BP17#1,7/13/2020,240,QURU,0.41,6.3,6.2,6.2,2,6.2,3.116666667,1251,QURU2,0.5925,0.741315015,0,,,,,,,,,,,,,,,
BP17#1,7/13/2020,240,QURU,0.50,7.2,7.9,10.3,2,8.5,4.233333333,2815,QURU2,0.5925,1.667912119,0,,,,,,,,,,,,,,,
BP17#1,7/13/2020,240,QURU,0.43,6.8,7.3,11.9,2,8.7,4.333333333,2537,QURU2,0.5925,1.502971959,0,,,,,,,,,,,,,,,
BP17#1,7/13/2020,240,QURU,0.41,6.7,9.1,14.3,2,10.0,5.016666667,3242,QURU2,0.5925,1.920669211,0,,,,,,,,,,,,,,,
BP17#1,7/13/2020,240,QURU,3.81,6.4,16.8,22.0,2,15.1,7.533333333,67928,QURU2,0.5925,40.24737608,0,,,,,,,,,,,,,,,
BP17#1,7/13/2020,240,QURU,4.05,6.7,9.8,9.0,2,8.5,4.25,22982,QURU2,0.5925,13.61667622,1,,,,,,,,,,,,,,,
BP17#1,7/13/2020,240,QURU,2.91,7.4,8.3,10.6,2,8.8,4.383333333,17565,QURU2,0.5925,10.40735126,1,,,,,,,,,,,,,,,
BP17#1,7/13/2020,240,QURU,1.35,6.2,6.9,8.0,2,7.0,3.516666667,5245,QURU2,0.5925,3.107666496,1,,,,,,,,,,,,,,,
BP17#1,7/13/2020,240,QURU,0.42,5.1,5.1,5.0,2,5.1,2.533333333,847,QURU2,0.5925,0.501732453,1,,,,,,,,,,,,,,,
BP17#2,7/13/2020,0,ACRU,1.82,5.0,5.1,5.0,2,5.0,2.516666667,3621,ACRU2,0.4090,1.481139494,1,,,,,,,,,,,,,,,
BP17#2,7/13/2020,0,PIST,0.31,7.4,5.8,5.4,2,6.2,3.1,936,PIST2,0.3780,0.353774686,0,,,,,,,,,,,,,,,
BP17#2,7/13/2020,0,PIST,0.26,16.5,12.4,10.9,2,13.3,6.633333333,3594,PIST2,0.3780,1.358559501,1,,,,,,,,,,,,,,,
BP17#2,7/13/2020,0,PIST,0.97,6.9,8.8,8.6,2,8.1,4.05,4998,PIST2,0.3780,1.889398008,0,,,,,,,,,,,,,,,
BP17#2,7/13/2020,0,PIST,4.10,9.4,12.9,14.1,2,12.1,6.066666667,47406,PIST2,0.3780,17.91949621,1,,,,,,,,,,,,,,,
BP17#2,7/13/2020,0,PIST,1.67,11.2,16.5,14.9,2,14.2,7.1,26447,PIST2,0.3780,9.997118525,0,,,,,,,,,,,,,,,
BP17#2,7/13/2020,0,PIST,0.35,15.7,15.4,13.5,3,14.9,7.433333333,6076,PIST3,0.2843,1.727277013,0,,,,,,,,,,,,,,,
BP17#2,7/13/2020,0,POGR,0.62,9.8,10.0,12.3,2,10.7,5.35,5575,POGR2,0.3780,2.107370645,0,,,,,,,,,,,,,,,
BP17#2,7/13/2020,0,POGR,1.21,7.6,6.4,5.0,2,6.3,3.166666667,3812,POGR2,0.3780,1.440893041,0,,,,,,,,,,,,,,,
BP17#2,7/13/2020,0,POGR,0.94,7.0,7.8,8.7,2,7.8,3.916666667,4530,POGR2,0.3780,1.712390264,0,,,,,,,,,,,,,,,
BP17#2,7/13/2020,0,POGR,0.30,7.3,5.7,6.1,2,6.4,3.183333333,955,POGR2,0.3780,0.361016591,0,,,,,,,,,,,,,,,
BP17#2,7/13/2020,0,POGR,1.27,6.6,7.1,7.3,2,7.0,3.5,4888,POGR2,0.3780,1.847487387,0,,,,,,,,,,,,,,,
BP17#2,7/13/2020,0,POGR,1.25,5.2,5.1,5.1,2,5.1,2.566666667,2587,POGR2,0.3780,0.977891399,0,,,,,,,,,,,,,,,
BP17#2,7/13/2020,0,POGR,2.95,5.0,7.4,8.4,2,6.9,3.466666667,11138,POGR2,0.3780,4.210055855,0,,,,,,,,,,,,,,,
BP17#2,7/13/2020,0,POGR,0.63,14.2,15.7,16.0,3,15.3,7.65,11583,POGR3,0.2843,3.292988031,0,,,,,,,,,,,,,,,
BP17#2,7/13/2020,0,QURU,1.51,11.9,10.6,14.7,2,12.4,6.2,18235,QURU2,0.5925,10.80434774,0,,,,,,,,,,,,,,,
BP17#2,7/13/2020,0,QURU,0.23,5.0,6.1,5.4,2,5.5,2.75,546,QURU2,0.5925,0.323766158,0,,,,,,,,,,,,,,,
BP17#2,7/13/2020,0,Unknown,0.74,7.0,7.4,5.0,2,6.5,3.233333333,2430,Unknown2,0.4314,1.048486136,2,,,,,,,,,,,,,,,
BP17#2,7/13/2020,0,Unknown,0.22,5.1,6.7,6.0,2,5.9,2.966666667,608,Unknown2,0.4314,0.262415932,0,,,,,,,,,,,,,,,
BP17#2,7/13/2020,0,Unknown,0.71,8.7,9.5,9.7,3,9.3,4.65,4823,Unknown3,0.3356,1.618587117,0,,,,,,,,,,,,,,,
BP17#2,7/13/2020,0,Unknown,0.40,6.2,6.2,7.6,3,6.7,3.333333333,1396,Unknown3,0.3356,0.468585998,0,,,,,,,,,,,,,,,
BP17#2,7/13/2020,120,ACRU,1.27,9.5,7.9,5.0,1,7.5,3.733333333,5561,ACRU1,0.5564,3.094099324,0,,,,,,,,,,,,,,,
BP17#2,7/13/2020,120,ACRU,0.68,6.1,6.1,5.0,2,5.7,2.866666667,1756,ACRU2,0.4090,0.718019909,0,,,,,,,,,,,,,,,
BP17#2,7/13/2020,120,ACRU,2.10,7.8,7.6,5.4,2,6.9,3.466666667,7929,ACRU2,0.4090,3.242773719,1,,,,,,,,,,,,,,,
BP17#2,7/13/2020,120,ACRU,0.79,9.9,10.1,7.8,2,9.3,4.633333333,5328,ACRU2,0.4090,2.179151192,1,,,,,,,,,,,,,,,
BP17#2,7/13/2020,120,ACRU,0.94,10.4,10.4,9.8,2,10.2,5.1,7681,ACRU2,0.4090,3.141531267,1,,,,,,,,,,,,,,,
BP17#2,7/13/2020,120,ACRU,1.95,9.3,9.0,8.3,2,8.9,4.433333333,12041,ACRU2,0.4090,4.924572829,1,,,,,,,,,,,,,,,
BP17#2,7/13/2020,120,ACRU,0.78,10.1,8.4,5.0,2,7.8,3.916666667,3759,ACRU2,0.4090,1.537450022,1,,,,,,,,,,,,,,,
BP17#2,7/13/2020,120,ACRU,4.30,13.1,8.0,5.0,2,8.7,4.35,25562,ACRU2,0.4090,10.45490643,1,,,,,,,,,,,,,,,
BP17#2,7/13/2020,120,ACRU,3.05,10.0,8.0,5.0,2,7.7,3.833333333,14080,ACRU2,0.4090,5.75872303,1,,,,,,,,,,,,,,,
BP17#2,7/13/2020,120,ACRU,2.82,11.2,11.8,11.4,2,11.5,5.733333333,29121,ACRU2,0.4090,11.9106832,0,,,,,,,,,,,,,,,
BP17#2,7/13/2020,120,ACRU,2.25,11.7,11.8,12.0,2,11.8,5.916666667,24745,ACRU2,0.4090,10.12068491,0,,,,,,,,,,,,,,,
BP17#2,7/13/2020,120,ACRU,2.50,13.3,13.2,12.7,2,13.1,6.533333333,33524,ACRU2,0.4090,13.71143227,0,,,,,,,,,,,,,,,
BP17#2,7/13/2020,120,ACRU,0.24,13.9,14.4,12.0,2,13.4,6.716666667,3401,ACRU2,0.4090,1.391207832,0,,,,,,,,,,,,,,,
BP17#2,7/13/2020,120,ACRU,1.30,9.6,10.1,8.6,2,9.4,4.716666667,9086,ACRU2,0.4090,3.716095816,0,,,,,,,,,,,,,,,
BP17#2,7/13/2020,120,ACRU,0.50,9.0,9.4,7.9,2,8.8,4.383333333,3018,ACRU2,0.4090,1.234389393,1,,,,,,,,,,,,,,,
BP17#2,7/13/2020,120,ACRU,1.53,8.0,8.2,8.8,2,8.3,4.166666667,8345,ACRU2,0.4090,3.413045894,0,,,,,,,,,,,,,,,
BP17#2,7/13/2020,120,ACRU,1.41,5.4,6.2,5.4,2,5.7,2.833333333,3556,ACRU2,0.4090,1.454412624,0,,,,,,,,,,,,,,,
BP17#2,7/13/2020,120,ACRU,1.26,5.6,5.0,6.0,2,5.5,2.766666667,3030,ACRU2,0.4090,1.239245644,0,,,,,,,,,,,,,,,
BP17#2,7/13/2020,120,ACRU,2.63,5.0,7.0,6.9,2,6.3,3.15,8198,ACRU2,0.4090,3.353127263,1,,,,,,,,,,,,,,,
BP17#2,7/13/2020,120,ACRU,2.15,6.1,5.0,5.5,2,5.5,2.766666667,5170,ACRU2,0.4090,2.114585822,2,,,,,,,,,,,,,,,
BP17#2,7/13/2020,120,ACRU,1.50,6.7,5.2,5.5,2,5.8,2.9,3963,ACRU2,0.4090,1.620915725,1,,,,,,,,,,,,,,,
BP17#2,7/13/2020,120,ACRU,1.76,7.0,6.1,5.0,2,6.0,3.016666667,5032,ACRU2,0.4090,2.057976909,2,,,,,,,,,,,,,,,
BP17#2,7/13/2020,120,BEPA,4.05,14.7,9.2,5.0,2,9.6,4.816666667,29519,BEPA2,0.3462,10.21939402,1,,,,,,,,,,,,,,,
BP17#2,7/13/2020,120,BEPA,2.24,9.5,13.4,12.0,2,11.6,5.816666667,23809,BEPA2,0.3462,8.24277239,1,,,,,,,,,,,,,,,
BP17#2,7/13/2020,120,PIRE,0.47,10.7,16.4,23.4,2,16.8,8.416666667,10460,PIRE2,0.3780,3.953846329,1,,,,,,,,,,,,,,,
BP17#2,7/13/2020,120,PIRE,0.35,29.6,23.6,23.5,2,25.6,12.78333333,17968,PIRE2,0.3780,6.792004172,1,,,,,,,,,,,,,,,
BP17#2,7/13/2020,120,PIRE,0.21,27.2,20.3,16.7,2,21.4,10.7,7553,PIRE2,0.3780,2.855147325,0,,,,,,,,,,,,,,,
BP17#2,7/13/2020,120,PIRE,1.21,10.0,9.1,9.2,2,9.4,4.716666667,8457,PIRE2,0.3780,3.196667113,2,,,,,,,,,,,,,,,
BP17#2,7/13/2020,120,PIRE,0.37,32.7,32.7,32.7,2,32.7,16.35,31073,PIRE2,0.3780,11.74570017,0,,,,,,,,,,,,,,,
BP17#2,7/13/2020,120,PIRE,0.37,20.7,34.4,35.0,2,30.0,15.01666667,26212,PIRE2,0.3780,9.908102204,1,,,,,,,,,,,,,,,
BP17#2,7/13/2020,120,PIRE,0.48,16.5,17.0,17.1,2,16.9,8.433333333,10725,PIRE2,0.3780,4.053978516,2,,,,,,,,,,,,,,,
BP17#2,7/13/2020,120,PIRE,1.16,12.4,11.4,14.2,2,12.7,6.333333333,14617,PIRE2,0.3780,5.525408026,0,,,,,,,,,,,,,,,
BP17#2,7/13/2020,120,PIRE,1.18,7.4,7.2,6.5,2,7.0,3.516666667,4585,PIRE2,0.3780,1.732950229,1,,,,,,,,,,,,,,,
BP17#2,7/13/2020,120,PIRE,1.20,8.3,7.7,5.0,2,7.0,3.5,4618,PIRE2,0.3780,1.745657374,2,,,,,,,,,,,,,,,
BP17#2,7/13/2020,120,PIRE,1.00,5.4,5.0,6.6,2,5.7,2.833333333,2522,PIRE2,0.3780,0.953316291,1,,,,,,,,,,,,,,,
BP17#2,7/13/2020,120,PIST,1.08,13.3,11.9,12.7,2,12.6,6.316666667,13538,PIST2,0.3780,5.117305527,0,,,,,,,,,,,,,,,
BP17#2,7/13/2020,120,PIST,4.33,12.2,12.1,15.0,2,13.1,6.55,58361,PIST2,0.3780,22.06033834,2,,,,,,,,,,,,,,,
BP17#2,7/13/2020,120,PIST,1.55,8.4,9.2,8.9,2,8.8,4.416666667,9499,PIST2,0.3780,3.59056355,0,,,,,,,,,,,,,,,
BP17#2,7/13/2020,120,Stump- PIRE,0.77,11.0,10.8,5.0,2,8.9,4.466666667,4826,Stump- PIRE2,0.3780,1.824313555,2,,,,,,,,,,,,,,,
BP17#2,7/13/2020,240,ACRU,0.23,5.0,5.4,5.5,2,5.3,2.65,507,ACRU2,0.4090,0.207535676,0,,,,,,,,,,,,,,,
BP17#2,7/13/2020,240,ACRU,0.40,5.0,5.3,5.7,2,5.3,2.666666667,894,ACRU2,0.4090,0.365485908,0,,,,,,,,,,,,,,,
BP17#2,7/13/2020,240,ACRU,0.49,5.3,6.3,7.4,2,6.3,3.166666667,1544,ACRU2,0.4090,0.631355491,0,,,,,,,,,,,,,,,
BP17#2,7/13/2020,240,ACRU,2.52,8.6,9.7,8.2,2,8.8,4.416666667,15443,ACRU2,0.4090,6.316303192,0,,,,,,,,,,,,,,,
BP17#2,7/13/2020,240,ACRU,0.40,5.2,5.1,5.4,2,5.2,2.616666667,860,ACRU2,0.4090,0.351908678,0,,,,,,,,,,,,,,,
BP17#2,7/13/2020,240,ACRU,0.62,5.3,5.1,5.5,2,5.3,2.65,1368,ACRU2,0.4090,0.559443997,0,,,,,,,,,,,,,,,
BP17#2,7/13/2020,240,ACRU,2.25,7.0,6.5,7.5,2,7.0,3.5,8659,ACRU2,0.4090,3.541537033,0,,,,,,,,,,,,,,,
BP17#2,7/13/2020,240,ACRU,1.15,5.6,5.4,5.5,2,5.5,2.75,2732,ACRU2,0.4090,1.117471379,0,,,,,,,,,,,,,,,
BP17#2,7/13/2020,240,ACRU,0.34,5.8,6.2,6.5,2,6.2,3.083333333,1015,ACRU2,0.4090,0.415329763,0,,,,,,,,,,,,,,,
BP17#2,7/13/2020,240,ACRU,2.75,7.1,7.2,9.0,2,7.8,3.883333333,13028,ACRU2,0.4090,5.328625709,0,,,,,,,,,,,,,,,
BP17#2,7/13/2020,240,ACRU,0.68,5.3,5.2,5.1,2,5.2,2.6,1444,ACRU2,0.4090,0.59064807,1,,,,,,,,,,,,,,,
BP17#2,7/13/2020,240,ACRU,1.52,5.5,5.6,8.2,2,6.4,3.216666667,4941,ACRU2,0.4090,2.020825837,0,,,,,,,,,,,,,,,
BP17#2,7/13/2020,240,ACRU,0.32,14.4,13.1,12.6,2,13.4,6.683333333,4490,ACRU2,0.4090,1.836578109,0,,,,,,,,,,,,,,,
BP17#2,7/13/2020,240,ACRU,0.37,5.3,5.0,5.3,2,5.2,2.6,786,ACRU2,0.4090,0.321382038,0,,,,,,,,,,,,,,,
BP17#2,7/13/2020,240,ACRU,2.07,6.5,8.7,8.1,2,7.8,3.883333333,9807,ACRU2,0.4090,4.011001898,0,,,,,,,,,,,,,,,
BP17#2,7/13/2020,240,ACRU,0.63,6.5,6.5,6.1,2,6.4,3.183333333,2006,ACRU2,0.4090,0.820309921,0,,,,,,,,,,,,,,,
BP17#2,7/13/2020,240,ACRU,0.38,8.0,6.9,6.1,2,7.0,3.5,1462,ACRU2,0.4090,0.598126255,0,,,,,,,,,,,,,,,
BP17#2,7/13/2020,240,ACRU,0.64,6.3,6.1,6.1,2,6.2,3.083333333,1911,ACRU2,0.4090,0.7817972,0,,,,,,,,,,,,,,,
BP17#2,7/13/2020,240,ACRU,0.96,7.5,5.8,5.4,2,6.2,3.116666667,2930,ACRU2,0.4090,1.198188442,0,,,,,,,,,,,,,,,
BP17#2,7/13/2020,240,ACRU,0.39,6.2,8.5,9.4,2,8.0,4.016666667,1977,ACRU2,0.4090,0.80848017,0,,,,,,,,,,,,,,,
BP17#2,7/13/2020,240,ACRU,0.28,8.1,6.2,7.2,2,7.2,3.583333333,1129,ACRU2,0.4090,0.461961339,0,,,,,,,,,,,,,,,
BP17#2,7/13/2020,240,ACRU,3.30,14.6,8.3,7.9,2,10.3,5.133333333,27319,ACRU2,0.4090,11.17341817,0,,,,,,,,,,,,,,,
BP17#2,7/13/2020,240,PIRE,2.04,6.2,6.0,5.6,2,5.9,2.966666667,5640,PIRE2,0.3780,2.132108707,0,,,,,,,,,,,,,,,
BP17#2,7/13/2020,240,PIRE,0.59,7.6,6.3,5.3,2,6.4,3.2,1898,PIRE2,0.3780,0.717453305,0,,,,,,,,,,,,,,,
BP17#2,7/13/2020,240,PIRE,3.50,13.9,10.6,8.1,2,10.9,5.433333333,32460,PIRE2,0.3780,12.26993936,0,,,,,,,,,,,,,,,
BP17#2,7/13/2020,240,PIRE,0.52,8.7,8.1,8.1,2,8.3,4.15,2814,PIRE2,0.3780,1.063509098,0,,,,,,,,,,,,,,,
BP17#2,7/13/2020,240,PIRE,0.74,8.2,7.6,7.1,2,7.6,3.816666667,3386,PIRE2,0.3780,1.280093983,0,,,,,,,,,,,,,,,
BP17#2,7/13/2020,240,PIRE,0.48,6.6,8.2,8.5,2,7.8,3.883333333,2274,PIRE2,0.3780,0.859591775,0,,,,,,,,,,,,,,,
BP17#2,7/13/2020,240,PIRE,1.11,10.2,9.6,7.7,2,9.2,4.583333333,7325,PIRE2,0.3780,2.769029217,0,,,,,,,,,,,,,,,
BP17#2,7/13/2020,240,PIST,0.96,8.1,8.3,7.5,2,8.0,3.983333333,4785,PIST2,0.3780,1.808865213,0,,,,,,,,,,,,,,,
BP17#2,7/13/2020,240,PIST,1.48,7.2,6.4,5.0,2,6.2,3.1,4468,PIST2,0.3780,1.688988823,0,,,,,,,,,,,,,,,
BP17#2,7/13/2020,240,PIST,0.50,5.4,5.7,5.9,2,5.7,2.833333333,1261,PIST2,0.3780,0.476658145,0,,,,,,,,,,,,,,,
BP17#2,7/13/2020,240,PIST,0.39,5.0,5.4,5.8,2,5.4,2.7,893,PIST2,0.3780,0.337624386,0,,,,,,,,,,,,,,,
BP17#2,7/13/2020,240,PIST,0.52,9.4,9.3,8.4,2,9.0,4.516666667,3333,PIST2,0.3780,1.259740515,0,,,,,,,,,,,,,,,
BP17#2,7/13/2020,240,PIST,0.75,22.4,16.2,13.0,2,17.2,8.6,17426,PIST2,0.3780,6.587184662,0,,,,,,,,,,,,,,,
BP17#2,7/13/2020,240,PIST,3.50,17.7,18.0,18.1,3,17.9,8.966666667,88406,PIST3,0.2843,25.13372317,0,,,,,,,,,,,,,,,
BP17#2,7/13/2020,240,Stump- ACRU,0.21,25.1,19.5,15.4,2,20.0,10,6597,Stump- ACRU2,0.4090,2.69831393,1,,,,,,,,,,,,,,,
BP17#3,7/13/2020,0,ACRU,1.24,14.1,13.7,8.0,2,11.9,5.966666667,13869,ACRU2,0.4090,5.672289896,0,,,,,,,,,,,,,,,
BP17#3,7/13/2020,0,ACRU,5.20,9.0,6.7,5.0,2,6.9,3.45,19444,ACRU2,0.4090,7.952702099,2,,,,,,,,,,,,,,,
BP17#3,7/13/2020,0,ACRU,1.00,8.2,8.3,6.9,2,7.8,3.9,4778,ACRU2,0.4090,1.954350232,1,,,,,,,,,,,,,,,
BP17#3,7/13/2020,0,ACRU,0.35,7.4,6.9,6.7,2,7.0,3.5,1347,ACRU2,0.4090,0.550905761,1,,,,,,,,,,,,,,,
BP17#3,7/13/2020,0,ACRU,0.57,5.7,5.6,5.4,2,5.6,2.783333333,1387,ACRU2,0.4090,0.56738582,1,,,,,,,,,,,,,,,
BP17#3,7/13/2020,0,ACRU,2.40,6.0,5.5,5.0,2,5.5,2.75,5702,ACRU2,0.4090,2.332114182,0,,,,,,,,,,,,,,,
BP17#3,7/13/2020,0,PIRE,0.44,30.9,29.8,28.0,2,29.6,14.78333333,30210,PIRE2,0.3780,11.41928962,2,,,,,,,,,,,,,,,
BP17#3,7/13/2020,0,PIRE,2.39,7.2,5.4,8.9,2,7.2,3.583333333,9641,PIRE2,0.3780,3.644298922,2,,,,,,,,,,,,,,,
BP17#3,7/13/2020,0,PIST,1.28,13.6,12.7,9.5,2,11.9,5.966666667,14316,PIST2,0.3780,5.411469247,1,,,,,,,,,,,,,,,
BP17#3,7/13/2020,0,PIST,0.50,9.9,11.2,12.8,2,11.3,5.65,5014,PIST2,0.3780,1.895433589,0,,,,,,,,,,,,,,,
BP17#3,7/13/2020,0,PIST,1.55,8.5,6.6,7.0,2,7.4,3.683333333,6606,PIST2,0.3780,2.497212024,1,,,,,,,,,,,,,,,
BP17#3,7/13/2020,0,POGR,1.85,18.8,21.7,21.2,2,20.6,10.28333333,61460,POGR2,0.3780,23.2317127,1,,,,,,,,,,,,,,,
BP17#3,7/13/2020,0,Stump- POGR,0.31,44.4,34.2,30.0,2,36.2,18.1,31906,Stump- POGR2,0.3780,12.06036679,1,,,,,,,,,,,,,,,
BP17#3,7/13/2020,0,Unknown,1.21,6.7,7.3,7.4,2,7.1,3.566666667,4836,Unknown2,0.4314,2.08612549,2,,,,,,,,,,,,,,,
BP17#3,7/13/2020,0,Unknown,0.50,7.6,7.4,7.6,2,7.5,3.766666667,2229,Unknown2,0.4314,0.961422752,2,,,,,,,,,,,,,,,
BP17#3,7/13/2020,120,ACRU,1.22,8.1,7.8,8.2,2,8.0,4.016666667,6184,ACRU2,0.4090,2.529091813,0,,,,,,,,,,,,,,,
BP17#3,7/13/2020,120,ACRU,3.67,8.4,6.6,5.0,2,6.7,3.333333333,12811,ACRU2,0.4090,5.239583134,0,,,,,,,,,,,,,,,
BP17#3,7/13/2020,120,ACRU,2.75,6.6,6.8,8.6,2,7.3,3.666666667,11615,ACRU2,0.4090,4.750602964,0,,,,,,,,,,,,,,,
BP17#3,7/13/2020,120,ACRU,0.32,5.0,6.5,5.6,2,5.7,2.85,817,ACRU2,0.4090,0.33397417,0,,,,,,,,,,,,,,,
BP17#3,7/13/2020,120,ACRU,3.65,5.0,6.0,6.8,2,5.9,2.966666667,10092,ACRU2,0.4090,4.127656505,0,,,,,,,,,,,,,,,
BP17#3,7/13/2020,120,ACRU,3.28,5.2,7.5,7.9,2,6.9,3.433333333,12147,ACRU2,0.4090,4.967969997,0,,,,,,,,,,,,,,,
BP17#3,7/13/2020,120,ACRU,2.75,5.7,7.0,8.0,2,6.9,3.45,10283,ACRU2,0.4090,4.205755918,0,,,,,,,,,,,,,,,
BP17#3,7/13/2020,120,ACRU,0.31,11.4,10.4,10.1,2,10.6,5.316666667,2753,ACRU2,0.4090,1.12593609,0,,,,,,,,,,,,,,,
BP17#3,7/13/2020,120,ACRU,2.45,12.0,11.2,12.2,2,11.8,5.9,26793,ACRU2,0.4090,10.95830259,0,,,,,,,,,,,,,,,
BP17#3,7/13/2020,120,PIST,0.86,5.5,5.2,5.7,2,5.5,2.733333333,2019,PIST2,0.3780,0.763001372,0,,,,,,,,,,,,,,,
BP17#3,7/13/2020,120,PIST,1.93,8.7,5.0,6.2,2,6.6,3.316666667,6670,PIST2,0.3780,2.521172919,0,,,,,,,,,,,,,,,
BP17#3,7/13/2020,120,PIST,1.00,5.0,5.2,7.0,2,5.7,2.866666667,2582,PIST2,0.3780,0.975879209,0,,,,,,,,,,,,,,,
BP17#3,7/13/2020,120,PIST,0.54,5.0,5.4,6.9,3,5.8,2.883333333,1410,PIST3,0.2843,0.400968446,0,,,,,,,,,,,,,,,
BP17#3,7/13/2020,120,PIST,0.95,11.5,10.7,10.6,3,10.9,5.466666667,8919,PIST3,0.2843,2.535686301,0,,,,,,,,,,,,,,,
BP17#3,7/13/2020,120,Stump- ACRU,0.22,27.9,31.2,35.7,2,31.6,15.8,17254,Stump- ACRU2,0.4090,7.056836176,0,,,,,,,,,,,,,,,
BP17#3,7/13/2020,120,Stump- ACRU,0.31,33.4,34.5,42.0,2,36.6,18.31666667,32674,Stump- ACRU2,0.4090,13.36373203,0,,,,,,,,,,,,,,,
BP17#3,7/13/2020,120,Stump- ACRU,0.30,42.3,43.2,41.0,2,42.2,21.08333333,41894,Stump- ACRU2,0.4090,17.13456115,0,,,,,,,,,,,,,,,
BP17#3,7/13/2020,240,ACRU,0.65,6.3,6.0,7.3,2,6.5,3.266666667,2179,ACRU2,0.4090,0.891243097,0,,,,,,,,,,,,,,,
BP17#3,7/13/2020,240,ACRU,1.32,5.2,5.0,6.0,2,5.4,2.7,3023,ACRU2,0.4090,1.236444537,0,,,,,,,,,,,,,,,
BP17#3,7/13/2020,240,ACRU,2.16,6.0,5.6,5.3,2,5.6,2.816666667,5384,ACRU2,0.4090,2.201901262,0,,,,,,,,,,,,,,,
BP17#3,7/13/2020,240,BEPA,1.05,5.1,13.3,11.4,4,9.9,4.966666667,8137,BEPA4,0.2016,1.640437645,0,,,,,,,,,,,,,,,
BP17#3,7/13/2020,240,BEPA,0.76,14.7,14.9,14.6,5,14.7,7.366666667,12957,BEPA5,0.1684,2.181964046,0,,,,,,,,,,,,,,,
BP17#3,7/13/2020,240,BEPA,0.67,9.7,9.8,10.2,5,9.9,4.95,5157,BEPA5,0.1684,0.868514674,0,,,,,,,,,,,,,,,
BP17#3,7/13/2020,240,PIRE,1.05,5.1,5.5,5.7,1,5.4,2.716666667,2435,PIRE1,0.5987,1.457542201,0,,,,,,,,,,,,,,,
BP17#3,7/13/2020,240,PIST,0.60,5.0,6.4,5.0,5,5.5,2.733333333,1408,PIST5,0.0680,0.095762446,0,,,,,,,,,,,,,,,
BP17#3,7/13/2020,240,QURU,1.32,6.0,5.4,6.4,2,5.9,2.966666667,3650,QURU2,0.5925,2.162467865,0,,,,,,,,,,,,,,,
BP17#3,7/13/2020,240,Stump- QURU,0.29,34.0,34.5,38.2,1,35.6,17.78333333,28812,Stump- QURU1,0.8034,23.14760358,0,,,,,,,,,,,,,,,
BP36#1,7/14/2020,0,PIST,0.35,6.5,5.4,5.1,1,5.7,2.833333333,883,PIST1,0.5987,0.528472651,,,,,,,,,,,,,,,,
BP36#1,7/14/2020,0,POGR,0.20,5.0,5.0,5.2,2,5.1,2.533333333,403,POGR2,0.3780,0.152425049,,,,,,,,,,,,,,,,
BP36#1,7/14/2020,0,POGR,0.50,12.1,15.2,16.3,5,14.5,7.266666667,8295,POGR5,0.0680,0.564026186,,,,,,,,,,,,,,,,
BP36#1,7/14/2020,120,POGR,0.87,6.5,5.0,5.0,3,5.5,2.75,2067,POGR3,0.2843,0.587640031,,,,,,,,,,,,,,,,
BP36#1,7/14/2020,120,POGR,0.81,9.6,8.7,8.0,3,8.8,4.383333333,4889,POGR3,0.2843,1.390019035,,,,,,,,,,,,,,,,
BP36#1,7/14/2020,120,POGR,1.16,6.4,5.5,6.5,3,6.1,3.066666667,3427,POGR3,0.2843,0.974356455,,,,,,,,,,,,,,,,
BP36#1,7/14/2020,120,POGR,0.95,8.2,10.0,8.2,5,8.8,4.4,5778,POGR5,0.0680,0.39290517,,,,,,,,,,,,,,,,
BP36#1,7/14/2020,120,POGR,2.05,14.5,13.6,10.0,5,12.7,6.35,25969,POGR5,0.0680,1.765875565,,,,,,,,,,,,,,,,
BP36#1,7/14/2020,240,POGR,2.51,7.4,8.3,5.7,5,7.1,3.566666667,10031,POGR5,0.0680,0.682114926,,,,,,,,,,,,,,,,
BP36#1,7/14/2020,240,Stump- POGR,0.70,14.0,12.0,9.0,4,11.7,5.833333333,7483,Stump- POGR4,0.2673,2.000232408,,,,,,,,,,,,,,,,
BP36#2,7/14/2020,0,POGR,2.57,7.9,11.2,10.8,4,10.0,4.983333333,20050,POGR4,0.2673,5.359469832,,,,,,,,,,,,,,,,
BP36#2,7/14/2020,0,POGR,2.32,10.9,11.9,9.3,5,10.7,5.35,20861,POGR5,0.0680,1.418581639,,,,,,,,,,,,,,,,
BP36#2,7/14/2020,0,Stump- POGR,0.77,13.7,12.2,10.0,4,12.0,5.983333333,8660,Stump- POGR4,0.2673,2.314866516,,,,,,,,,,,,,,,,
BP36#2,7/14/2020,0,Stump- POGR,0.67,15.3,11.2,10.3,5,12.3,6.133333333,7918,Stump- POGR5,0.0680,0.53842687,,,,,,,,,,,,,,,,
BP36#2,7/14/2020,120,PIST,0.54,9.1,7.2,5.8,2,7.4,3.683333333,2302,PIST2,0.3780,0.869996447,,,,,,,,,,,,,,,,
BP36#2,7/14/2020,120,POGR,3.13,12.2,11.3,10.5,2,11.3,5.666666667,31575,POGR2,0.3780,11.93551996,,,,,,,,,,,,,,,,
BP36#2,7/14/2020,120,POGR,2.07,8.5,8.1,10.6,3,9.1,4.533333333,13365,POGR3,0.2843,3.799551935,,,,,,,,,,,,,,,,
BP36#2,7/14/2020,120,POGR,0.98,5.5,6.5,7.3,3,6.4,3.216666667,3186,POGR3,0.2843,0.905659455,,,,,,,,,,,,,,,,
BP36#2,7/14/2020,120,Unknown,0.93,9.4,9.5,10.2,3,9.7,4.85,6873,Unknown3,0.3356,2.306419231,,,,,,,,,,,,,,,,
BP36#2,7/14/2020,240,POGR,0.70,5.0,5.1,5.0,2,5.0,2.516666667,1393,POGR2,0.3780,0.526491188,,,,,,,,,,,,,,,,
BP36#2,7/14/2020,240,POGR,0.68,7.0,7.3,8.3,2,7.5,3.766666667,3031,POGR2,0.3780,1.145684303,,,,,,,,,,,,,,,,
BP36#2,7/14/2020,240,POGR,1.30,6.7,6.8,6.0,3,6.5,3.25,4314,POGR3,0.2843,1.226413173,,,,,,,,,,,,,,,,
BP36#2,7/14/2020,240,POGR,1.55,5.1,5.5,6.4,3,5.7,2.833333333,3909,POGR3,0.2843,1.111357469,,,,,,,,,,,,,,,,
BP54#1,7/7/2020,0,POGR,0.81,5.5,5.2,5.0,1,5.2,2.616666667,1742,POGR1,0.5987,1.043136048,,,,,,,,,,,,,,,,
BP54#1,7/7/2020,0,POGR,4.67,5.0,6.5,8.4,1,6.6,3.316666667,16139,POGR1,0.5987,9.662280998,,,,,,,,,,,,,,,,
BP54#1,7/7/2020,0,POGR,0.72,5.4,6.0,6.2,1,5.9,2.933333333,1946,POGR1,0.5987,1.165237525,,,,,,,,,,,,,,,,
BP54#1,7/7/2020,0,POGR,2.11,6.9,6.8,6.3,2,6.7,3.333333333,7365,POGR2,0.3780,2.78407941,,,,,,,,,,,,,,,,
BP54#1,7/7/2020,0,POGR,0.63,6.5,5.3,5.3,2,5.7,2.85,1608,POGR2,0.3780,0.607675801,,,,,,,,,,,,,,,,
BP54#1,7/7/2020,0,POGR,1.09,6.6,6.5,7.3,2,6.8,3.4,3959,POGR2,0.3780,1.49632525,,,,,,,,,,,,,,,,
BP54#1,7/7/2020,0,POGR,1.96,6.1,5.8,5.0,2,5.6,2.816666667,4885,POGR2,0.3780,1.846582232,,,,,,,,,,,,,,,,
BP54#1,7/7/2020,0,POGR,1.19,5.2,5.0,5.3,3,5.2,2.583333333,2495,POGR3,0.2843,0.709307561,,,,,,,,,,,,,,,,
BP54#1,7/7/2020,0,POGR,1.93,5.0,5.3,5.0,3,5.1,2.55,3943,POGR3,0.2843,1.120893633,,,,,,,,,,,,,,,,
BP54#1,7/7/2020,0,POGR,2.20,7.0,7.1,5.6,3,6.6,3.283333333,7451,POGR3,0.2843,2.118260485,,,,,,,,,,,,,,,,
BP54#1,7/7/2020,0,POGR,1.06,5.4,6.4,6.7,4,6.2,3.083333333,3166,POGR4,0.2673,0.846244098,,,,,,,,,,,,,,,,
BP54#1,7/7/2020,0,POGR,1.59,6.1,5.0,5.0,4,5.4,2.683333333,3597,POGR4,0.2673,0.961380274,,,,,,,,,,,,,,,,
BP54#1,7/7/2020,0,Stump- POGR,0.20,7.0,7.2,7.9,3,7.4,3.683333333,852,Stump- POGR3,0.2843,0.242347629,,,,,,,,,,,,,,,,
BP54#1,7/7/2020,120,ACRU,0.80,10.5,9.5,9.2,1,9.7,4.866666667,5953,ACRU1,0.5564,3.311998894,,,,,,,,,,,,,,,,
BP54#1,7/7/2020,120,ACRU,1.33,7.3,7.2,6.7,2,7.1,3.533333333,5216,ACRU2,0.4090,2.133506856,,,,,,,,,,,,,,,,
BP54#1,7/7/2020,120,ACRU,2.06,8.4,8.0,7.8,2,8.1,4.033333333,10528,ACRU2,0.4090,4.305946527,,,,,,,,,,,,,,,,
BP54#1,7/7/2020,120,POGR,0.65,5.1,5.0,5.9,2,5.3,2.666666667,1452,POGR2,0.3780,0.548899068,,,,,,,,,,,,,,,,
BP54#1,7/7/2020,120,POGR,2.65,5.0,6.0,7.2,2,6.1,3.033333333,7660,POGR2,0.3780,2.895528351,,,,,,,,,,,,,,,,
BP54#1,7/7/2020,120,POGR,0.63,5.4,5.0,5.2,3,5.2,2.6,1338,POGR3,0.2843,0.380376763,,,,,,,,,,,,,,,,
BP54#1,7/7/2020,240,POGR,0.33,7.5,6.5,5.2,2,6.4,3.2,1062,POGR2,0.3780,0.401287442,,,,,,,,,,,,,,,,
BP54#1,7/7/2020,240,POGR,0.87,5.0,5.6,6.9,2,5.8,2.916666667,2325,POGR2,0.3780,0.878889997,,,,,,,,,,,,,,,,
BP54#1,7/7/2020,240,POGR,1.06,8.5,9.3,8.9,2,8.9,4.45,6594,POGR2,0.3780,2.492685915,,,,,,,,,,,,,,,,
BP54#1,7/7/2020,240,POGR,1.48,10.3,9.8,10.5,2,10.2,5.1,12093,POGR2,0.3780,4.571342277,,,,,,,,,,,,,,,,
BP54#1,7/7/2020,240,POGR,1.24,12.0,11.1,10.9,2,11.3,5.666666667,12509,POGR2,0.3780,4.728448802,,,,,,,,,,,,,,,,
BP54#1,7/7/2020,240,POGR,2.90,10.4,7.9,7.7,2,8.7,4.333333333,17108,POGR2,0.3780,6.46671715,,,,,,,,,,,,,,,,
BP54#1,7/7/2020,240,POGR,0.85,10.6,10.7,12.0,2,11.1,5.55,8225,POGR2,0.3780,3.109185005,,,,,,,,,,,,,,,,
BP54#1,7/7/2020,240,POGR,0.33,6.4,6.7,6.8,2,6.6,3.316666667,1140,POGR2,0.3780,0.43108138,,,,,,,,,,,,,,,,
BP54#1,7/7/2020,240,POGR,1.21,9.7,8.4,8.3,3,8.8,4.4,7359,POGR3,0.2843,2.092268688,,,,,,,,,,,,,,,,
BP54#1,7/7/2020,240,POGR,2.05,9.5,10.5,11.2,3,10.4,5.2,17414,POGR3,0.2843,4.95093564,,,,,,,,,,,,,,,,
BP54#1,7/7/2020,240,POGR,1.97,16.9,14.0,15.4,3,15.4,7.716666667,36853,POGR3,0.2843,10.47737383,,,,,,,,,,,,,,,,
BP54#1,7/7/2020,240,POGR,1.50,11.8,10.8,10.4,3,11.0,5.5,14255,POGR3,0.2843,4.052689866,,,,,,,,,,,,,,,,
BP54#1,7/7/2020,240,Stump- POGR,0.50,11.6,10.9,10.9,3,11.1,5.566666667,4868,Stump- POGR3,0.2843,1.38384411,,,,,,,,,,,,,,,,
BP54#1,7/7/2020,240,Stump- POGR,0.27,9.0,5.3,5.3,3,6.5,3.266666667,905,Stump- POGR3,0.2843,0.257335759,,,,,,,,,,,,,,,,
BP54#1,7/7/2020,240,Stump- POGR,0.35,16.8,13.8,13.7,3,14.8,7.383333333,5994,Stump- POGR3,0.2843,1.704118254,,,,,,,,,,,,,,,,
BP54#2,7/8/2020,0,POGR,1.28,6.2,6.5,7.0,1,6.6,3.283333333,4335,POGR1,0.5987,2.595368636,,,,,,,,,,,,,,,,
BP54#2,7/8/2020,0,POGR,1.41,7.3,7.6,6.1,2,7.0,3.5,5426,POGR2,0.3780,2.051147414,,,,,,,,,,,,,,,,
BP54#2,7/8/2020,0,POGR,0.30,5.3,5.5,6.2,4,5.7,2.833333333,757,POGR4,0.2673,0.202239242,,,,,,,,,,,,,,,,
BP54#2,7/8/2020,120,POGR,1.32,6.7,7.1,6.4,3,6.7,3.366666667,4700,POGR3,0.2843,1.336290564,,,,,,,,,,,,,,,,
BP54#2,7/8/2020,120,POGR,2.95,11.1,6.4,5.1,3,7.5,3.766666667,13149,POGR3,0.2843,3.738205102,,,,,,,,,,,,,,,,
BP54#2,7/8/2020,120,POGR,3.17,7.5,10.6,10.1,3,9.4,4.7,21999,POGR3,0.2843,6.254343222,,,,,,,,,,,,,,,,
BP54#2,7/8/2020,120,POGR,2.81,8.9,8.2,6.1,4,7.7,3.866666667,13199,POGR4,0.2673,3.528000357,,,,,,,,,,,,,,,,
BP54#2,7/8/2020,120,POGR,1.54,8.1,6.7,7.5,4,7.4,3.716666667,6683,POGR4,0.2673,1.786392051,,,,,,,,,,,,,,,,
BP54#2,7/8/2020,120,Stump- POGR,0.22,8.1,6.5,5.0,3,6.5,3.266666667,738,Stump- POGR3,0.2843,0.209680988,,,,,,,,,,,,,,,,
BP54#2,7/8/2020,240,POGR,1.10,13.0,13.0,12.2,5,12.7,6.366666667,14008,POGR5,0.0680,0.952523492,,,,,,,,,,,,,,,,
BP54#2,7/8/2020,240,QURU,0.66,5.0,5.0,5.0,2,5.0,2.5,1296,QURU2,0.5925,0.767824879,,,,,,,,,,,,,,,,
BP54#2,7/8/2020,240,QURU,0.52,5.2,5.0,5.0,2,5.1,2.533333333,1048,QURU2,0.5925,0.621192561,,,,,,,,,,,,,,,,
BP54#2,7/8/2020,240,Stump- PIST,0.31,9.8,21.2,26.9,4,19.3,9.65,9069,Stump- PIST4,0.2673,2.424181608,,,,,,,,,,,,,,,,
BP54#2,7/8/2020,240,Stump- POGR,0.75,10.3,9.5,7.6,3,9.1,4.566666667,4914,Stump- POGR3,0.2843,1.396968523,,,,,,,,,,,,,,,,
BP80#1,7/8/2020,0,POGR,1.44,5.5,5.2,5.1,1,5.3,2.633333333,3137,POGR1,0.5987,1.878163067,,,,,,,,,,,,,,,,
BP80#1,7/8/2020,0,POGR,1.76,5.1,5.5,6.9,2,5.8,2.916666667,4704,POGR2,0.3780,1.777984362,,,,,,,,,,,,,,,,
BP80#1,7/8/2020,0,Stump- POGR,1.07,7.2,5.9,5.7,1,6.3,3.133333333,3300,Stump- POGR1,0.5987,1.975859713,,,,,,,,,,,,,,,,
BP80#1,7/8/2020,120,PIST,0.26,7.6,9.0,8.3,3,8.3,4.15,1407,PIST3,0.2843,0.399941318,,,,,,,,,,,,,,,,
BP80#1,7/8/2020,240,Unknown,0.31,5.0,5.2,5.6,4,5.3,2.633333333,675,Unknown4,0.2517,0.169983378,,,,,,,,,,,,,,,,
BP80#2,7/8/2020,0,POGR,2.17,5.8,6.3,6.4,4,6.2,3.083333333,6481,POGR4,0.2673,1.73240537,,,,,,,,,,,,,,,,
BP80#2,7/8/2020,0,POGR,4.07,7.8,8.3,7.6,5,7.9,3.95,19950,POGR5,0.0680,1.356586172,,,,,,,,,,,,,,,,
BP80#2,7/8/2020,0,Stump- PIST,0.28,49.5,28.7,16.0,4,31.4,15.7,21682,Stump- PIST4,0.2673,5.795703609,,,,,,,,,,,,,,,,
BP80#2,7/8/2020,0,Stump- POGR,1.05,9.5,8.0,7.6,3,8.4,4.183333333,5773,Stump- POGR3,0.2843,1.64119798,,,,,,,,,,,,,,,,
BP80#2,7/8/2020,0,Unknown,0.43,5.7,5.6,5.8,3,5.7,2.85,1097,Unknown3,0.3356,0.368239185,,,,,,,,,,,,,,,,
BP80#2,7/8/2020,120,POGR,0.25,5.0,5.0,5.3,2,5.1,2.55,511,POGR2,0.3780,0.193046549,,,,,,,,,,,,,,,,
BP80#2,7/8/2020,120,POGR,0.27,6.0,5.8,5.2,2,5.7,2.833333333,681,POGR2,0.3780,0.257395398,,,,,,,,,,,,,,,,
BP80#2,7/8/2020,120,POGR,4.05,7.4,7.4,8.7,2,7.8,3.916666667,19518,POGR2,0.3780,7.377851669,,,,,,,,,,,,,,,,
BP80#2,7/8/2020,120,POGR,1.07,5.0,5.3,5.0,3,5.1,2.55,2186,POGR3,0.2843,0.621428076,,,,,,,,,,,,,,,,
BP80#2,7/8/2020,120,POGR,1.50,5.1,5.3,7.7,3,6.0,3.016666667,4288,POGR3,0.2843,1.219193505,,,,,,,,,,,,,,,,
BP80#2,7/8/2020,120,POGR,0.81,6.4,7.8,9.4,5,7.9,3.933333333,3937,POGR5,0.0680,0.267710441,,,,,,,,,,,,,,,,
BP80#2,7/8/2020,240,Stump- PIST,0.23,11.1,14.9,21.4,4,15.8,7.9,4510,Stump- PIST4,0.2673,1.205399064,,,,,,,,,,,,,,,,
BP80#3,7/8/2020,0,POGR,0.40,5.7,5.7,5.8,2,5.7,2.866666667,1033,POGR2,0.3780,0.390351684,,,,,,,,,,,,,,,,
BP80#3,7/8/2020,0,POGR,2.20,10.0,9.2,8.2,2,9.1,4.566666667,14414,POGR2,0.3780,5.448324652,,,,,,,,,,,,,,,,
BP80#3,7/8/2020,0,POGR,1.80,6.7,7.2,7.2,3,7.0,3.516666667,6993,POGR3,0.2843,1.988207223,,,,,,,,,,,,,,,,
BP80#3,7/8/2020,0,QURU,1.34,5.0,5.5,5.9,2,5.5,2.733333333,3145,QURU2,0.5925,1.863494954,,,,,,,,,,,,,,,,
BP80#3,7/8/2020,0,Stump- POGR,0.76,7.1,6.9,6.3,3,6.8,3.383333333,2733,Stump- POGR3,0.2843,0.777015889,,,,,,,,,,,,,,,,
BP80#3,7/8/2020,120,PIST,0.82,17.2,13.7,12.9,4,14.6,7.3,13728,PIST4,0.2673,3.669512776,,,,,,,,,,,,,,,,
BP80#3,7/8/2020,120,PIST,2.03,10.9,13.2,13.4,4,12.5,6.25,24912,PIST4,0.2673,6.658936969,,,,,,,,,,,,,,,,
BP80#3,7/8/2020,120,POGR,1.16,5.0,5.2,5.6,2,5.3,2.633333333,2527,POGR2,0.3780,0.955237437,,,,,,,,,,,,,,,,
BP80#3,7/8/2020,120,POGR,0.77,7.1,5.9,5.3,3,6.1,3.05,2250,POGR3,0.2843,0.639760078,,,,,,,,,,,,,,,,
BP80#3,7/8/2020,120,POGR,0.68,5.6,7.1,5.0,3,5.9,2.95,1859,POGR3,0.2843,0.528542211,,,,,,,,,,,,,,,,
BP80#3,7/8/2020,120,POGR,0.52,8.0,8.2,8.1,3,8.1,4.05,2680,POGR3,0.2843,0.761798516,,,,,,,,,,,,,,,,
BP80#3,7/8/2020,120,POGR,0.47,9.0,8.2,8.1,4,8.4,4.216666667,2625,POGR4,0.2673,0.70175454,,,,,,,,,,,,,,,,
BP80#3,7/8/2020,120,POGR,0.27,5.4,5.8,7.2,4,6.1,3.066666667,798,POGR4,0.2673,0.21322874,,,,,,,,,,,,,,,,
BP80#3,7/8/2020,120,POGR,0.27,7.2,7.2,7.9,5,7.4,3.716666667,1172,POGR5,0.0680,0.079676413,,,,,,,,,,,,,,,,
BP80#3,7/8/2020,120,Stump- POGR,0.32,6.4,5.3,5.4,3,5.7,2.85,817,Stump- POGR3,0.2843,0.232148793,,,,,,,,,,,,,,,,
BP80#3,7/8/2020,240,POGR,0.37,5.2,5.6,5.3,3,5.4,2.683333333,837,POGR3,0.2843,0.237945616,,,,,,,,,,,,,,,,
BP80#3,7/8/2020,240,POGR,2.21,6.5,7.3,7.0,3,6.9,3.466666667,8344,POGR3,0.2843,2.372155613,,,,,,,,,,,,,,,,
BP80#3,7/8/2020,240,POGR,2.21,7.2,7.0,5.7,4,6.6,3.316666667,7637,POGR4,0.2673,2.04147825,,,,,,,,,,,,,,,,
BP98#1,7/14/2020,1,PIST,0.47,5.0,6.4,5.1,3,5.5,2.75,1117,PIST3,0.2843,0.317460706,,,,,,,,,,,,,,,,
BP98#1,7/14/2020,1,PIST,0.49,5.0,5.4,5.1,4,5.2,2.583333333,1027,PIST4,0.2673,0.274603335,,,,,,,,,,,,,,,,
BP98#1,7/14/2020,1,Stump- PIST,0.21,7.3,5.7,6.7,3,6.6,3.283333333,711,Stump- PIST3,0.3780,0.268838163,,,,,,,,,,,,,,,,
BP98#1,7/14/2020,2,BEPA,1.63,13.8,13.5,11.8,3,13.0,6.516666667,21746,BEPA3,0.3178,6.911023727,,,,,,,,,,,,,,,,
BP98#1,7/14/2020,2,PIST,0.22,8.4,8.2,5.0,4,7.2,3.6,896,PIST4,0.2673,0.239428869,,,,,,,,,,,,,,,,
BP98#1,7/14/2020,2,Stump- PIST,0.27,6.4,8.4,10.1,3,8.3,4.15,1461,Stump- PIST3,0.3780,0.552206647,,,,,,,,,,,,,,,,
BP98#1,7/14/2020,2,Unknown,0.87,10.1,9.8,10.7,5,10.2,5.1,7109,Unknown5,0.1607,1.142418834,,,,,,,,,,,,,,,,
BP98#2,7/14/2020,1,POGR,2.01,5.1,5.3,5.9,1,5.4,2.716666667,4660,POGR1,0.5987,2.790152213,,,,,,,,,,,,,,,,
BP98#2,7/14/2020,1,QURU,0.28,5.6,6.2,8.3,2,6.7,3.35,987,QURU2,0.5925,0.584905726,,,,,,,,,,,,,,,,
BP98#2,7/14/2020,1,QURU,1.02,9.5,5.8,6.2,4,7.2,3.583333333,4115,QURU4,0.3074,1.264818842,,,,,,,,,,,,,,,,
BP98#2,7/14/2020,1,QURU,1.21,9.7,8.4,10.8,5,9.6,4.816666667,8819,QURU5,0.2341,2.064571089,,,,,,,,,,,,,,,,
BP98#2,7/14/2020,2,PIST,2.97,8.2,7.4,6.6,5,7.4,3.7,12773,PIST5,0.0680,0.868597716,,,,,,,,,,,,,,,,
BP98#2,7/14/2020,2,PIST,2.00,5.2,5.4,5.3,5,5.3,2.65,4412,PIST5,0.0680,0.300040948,,,,,,,,,,,,,,,,
BP98#2,7/14/2020,2,QURU,1.14,9.2,8.9,6.2,4,8.1,4.05,5874,QURU4,0.3074,1.805795779,,,,,,,,,,,,,,,,
BP98#2,7/14/2020,2,Stump- PIRE,0.31,10.4,9.1,11.7,4,10.4,5.2,2633,Stump- PIRE4,0.2673,0.703910126,,,,,,,,,,,,,,,,
BP98#2,7/14/2020,2,Unknown,0.37,7.8,18.8,13.9,4,13.5,6.75,5296,Unknown4,0.2517,1.333037473,,,,,,,,,,,,,,,,
BP98#2,7/14/2020,3,ACRU,2.37,12.0,10.9,9.3,3,10.7,5.366666667,21444,ACRU3,0.3100,6.647665452,,,,,,,,,,,,,,,,
BP98#2,7/14/2020,3,ACRU,0.78,6.4,7.3,6.2,3,6.6,3.316666667,2696,ACRU3,0.3100,0.835621915,,,,,,,,,,,,,,,,
BP98#2,7/14/2020,3,ACRU,1.20,13.5,10.5,10.4,3,11.5,5.733333333,12392,ACRU3,0.3100,3.841556252,,,,,,,,,,,,,,,,
BP98#2,7/14/2020,3,ACRU,1.85,5.9,6.4,7.1,3,6.5,3.233333333,6076,ACRU3,0.3100,1.883580796,,,,,,,,,,,,,,,,
BP98#2,7/14/2020,3,ACRU,1.71,5.0,6.7,7.3,3,6.3,3.166666667,5387,ACRU3,0.3100,1.669984261,,,,,,,,,,,,,,,,
BP98#2,7/14/2020,3,ACRU,0.83,6.5,6.4,6.8,3,6.6,3.283333333,2811,ACRU3,0.3100,0.871404123,,,,,,,,,,,,,,,,
BP98#2,7/14/2020,3,ACRU,0.33,10.5,9.8,9.1,4,9.8,4.9,2489,ACRU4,0.2306,0.574004472,,,,,,,,,,,,,,,,
BP98#2,7/14/2020,3,ACRU,1.29,9.3,12.5,11.3,4,11.0,5.516666667,12334,ACRU4,0.2306,2.844149184,,,,,,,,,,,,,,,,
BP98#2,7/14/2020,3,Stump- PIRE,0.24,21.3,18.2,20.7,3,20.1,10.03333333,7590,Stump- PIRE3,0.2843,2.157885794,,,,,,,,,,,,,,,,
BP98#2,7/14/2020,3,Stump- PIRE,0.28,6.5,5.7,6.4,3,6.2,3.1,845,Stump- PIRE3,0.2843,0.240330091,,,,,,,,,,,,,,,,
BP98#2,7/14/2020,3,Stump- QURU,0.32,29.0,25.5,25.2,4,26.6,13.28333333,17738,Stump- QURU4,0.3074,5.452778498,,,,,,,,,,,,,,,,
BP98#2,7/14/2020,4,PIRE,0.38,25.9,34.0,31.7,3,30.5,15.26666667,27824,PIRE3,0.2843,7.910406026,,,,,,,,,,,,,,,,
BP98#2,7/14/2020,4,PIRE,0.21,7.0,8.6,10.5,3,8.7,4.35,1248,PIRE3,0.2843,0.354915152,,,,,,,,,,,,,,,,
BS40E,5/26/2020,0,BEPA,1.25,14.4,13.8,13.7,2,14.0,6.983333333,19151,BEPA2,0.3462,6.629984215,,,,,,,,,,,,,,,,
BS40E,5/26/2020,0,PIRE,0.37,7.2,8.2,10.1,3,8.5,4.25,2100,PIRE3,0.2843,0.596906512,,,,,,,,,,,,,,,,
BS40E,5/26/2020,0,POGR,0.24,6.7,7.0,7.4,4,7.0,3.516666667,932,POGR4,0.2673,0.249242721,,,,,,,,,,,,,,,,
BS40E,5/26/2020,0,Unknown,1.05,12.3,12.4,14.4,5,13.0,6.516666667,14008,Unknown5,0.1607,2.251158441,,,,,,,,,,,,,,,,
BS40E,5/26/2020,120,POGR,0.89,5.1,5.2,5.3,2,5.2,2.6,1890,POGR2,0.3780,0.71446075,,,,,,,,,,,,,,,,
BS40E,5/26/2020,120,POGR,0.28,11.8,10.3,8.3,4,10.1,5.066666667,2258,POGR4,0.2673,0.603603194,,,,,,,,,,,,,,,,
BS40E,5/26/2020,120,POGR,1.09,11.4,12.5,13.2,5,12.4,6.183333333,13092,POGR5,0.0680,0.890288168,,,,,,,,,,,,,,,,
BS40E,5/26/2020,120,POGR,0.45,15,17.6,22.6,5,18.4,9.2,11966,POGR5,0.0680,0.813667471,,,,,,,,,,,,,,,,
BS40E,5/26/2020,240,PIST,0.49,5.0,5.3,5.6,3,5.3,2.65,1081,PIST3,0.2843,0.307336797,,,,,,,,,,,,,,,,
BS40E,5/26/2020,240,PIST,2.04,6.2,6.1,6.7,3,6.3,3.166666667,6427,PIST3,0.2843,1.827096985,,,,,,,,,,,,,,,,
BS40F,5/15/2020,0,PIST,6.00,10.7,8.1,5.0,3,7.9,3.966666667,29659,PIST3,0.2843,8.431976667,,,,,,,,,,,,,,,,
BS40F,5/15/2020,0,PIST,0.68,5.6,5.3,5.2,5,5.4,2.683333333,1538,PIST5,0.0680,0.104596451,,,,,,,,,,,,,,,,
BS40F,5/15/2020,120,BEPA,4.00,31.1,30.6,25.8,2,29.2,14.58333333,267254,BEPA2,0.3462,92.52317614,,,,,,,,,,,,,,,,
BS40F,5/15/2020,120,BEPA,1.70,18.6,16.4,16.8,5,17.3,8.633333333,39807,BEPA5,0.1684,6.703442677,,,,,,,,,,,,,,,,
BS40F,5/15/2020,120,BEPA,0.69,17.7,18.9,18.9,5,18.5,9.25,18547,BEPA5,0.1684,3.123377778,,,,,,,,,,,,,,,,
BS40F,5/15/2020,120,PIST,1.61,5.9,5.6,5.2,3,5.6,2.783333333,3918,PIST3,0.2843,1.113994508,,,,,,,,,,,,,,,,
BS40F,5/15/2020,240,PIST,1.17,5.7,5.6,5.1,2,5.5,2.733333333,2746,PIST2,0.3780,1.038036751,,,,,,,,,,,,,,,,
BS40F,5/15/2020,240,PIST,0.72,7.6,8.1,7.8,2,7.8,3.916666667,3470,PIST2,0.3780,1.311618074,,,,,,,,,,,,,,,,
BS40F,5/15/2020,240,POGR,5.90,17.3,15.9,15.1,1,16.1,8.05,120114,POGR1,0.5987,71.9122543,,,,,,,,,,,,,,,,
BS40F,5/15/2020,240,POGR,1.07,6.4,6.2,8.1,2,6.9,3.45,4001,POGR2,0.3780,1.512389454,,,,,,,,,,,,,,,,
BS40F,5/15/2020,240,POGR,0.51,5.4,5.2,5.1,2,5.2,2.616666667,1097,POGR2,0.3780,0.414675763,,,,,,,,,,,,,,,,
BS40F,5/15/2020,240,POGR,1.80,10.4,10.6,7.6,5,9.5,4.766666667,12848,POGR5,0.0680,0.873697023,,,,,,,,,,,,,,,,
BS40F,5/15/2020,240,POGR,0.45,7.7,7.6,7.9,5,7.7,3.866666667,2114,POGR5,0.0680,0.143729121,,,,,,,,,,,,,,,,
BS40X,5/26/2020,0,PIST,0.79,7.4,5.9,5.6,3,6.3,3.15,2463,PIST3,0.2843,0.700123945,,,,,,,,,,,,,,,,
BS40X,5/26/2020,120,POGR,1.61,5.2,5.7,6.1,1,5.7,2.833333333,4060,POGR1,0.5987,2.430974195,,,,,,,,,,,,,,,,
BS40X,5/26/2020,120,POGR,0.26,15.9,17.9,16.8,1,16.9,8.433333333,5809,POGR1,0.5987,3.478011484,,,,,,,,,,,,,,,,
BS40X,5/26/2020,240,PIRE,0.89,5.1,6.5,5.9,4,5.8,2.916666667,2379,PIRE4,0.2673,0.635788158,,,,,,,,,,,,,,,,
BS40X,5/26/2020,240,PIRE,0.40,35.7,31.0,26.4,5,31.0,15.51666667,30256,PIRE5,0.0697,2.108819959,,,,,,,,,,,,,,,,
BS40X,5/26/2020,240,PIST,0.29,5.0,5.2,5.1,4,5.1,2.55,592,PIST4,0.2673,0.158353326,,,,,,,,,,,,,,,,
BS40X,5/26/2020,240,POGR,0.26,5.9,5.6,5.5,5,5.7,2.833333333,656,POGR5,0.0680,0.044588974,,,,,,,,,,,,,,,,
BS40X,5/26/2020,240,Unknown,0.31,11.2,12.1,13.1,5,12.1,6.066666667,3584,Unknown5,0.1607,0.576006932,,,,,,,,,,,,,,,,
BS42A,6/29/2020,0,PIRE,2.21,9.3,9.2,5.0,2,7.8,3.916666667,10651,PIRE2,0.3780,4.025938812,,,,,,,,,,,,,,,,
BS42A,6/29/2020,0,PIRE,0.57,7.6,5.8,5.0,2,6.1,3.066666667,1684,PIRE2,0.3780,0.636575139,,,,,,,,,,,,,,,,
BS42A,6/29/2020,0,POGR,4.30,27.5,21.8,31.0,3,26.8,13.38333333,241962,POGR3,0.2843,68.78975739,,,,,,,,,,,,,,,,
BS42A,6/29/2020,120,BEPA,1.31,7.0,10.9,11.1,5,9.7,4.833333333,9614,BEPA5,0.1684,1.619036913,,,,,,,,,,,,,,,,
BS42A,6/29/2020,120,Unknown,1.27,6.5,9.6,9.8,4,8.6,4.316666667,7434,Unknown4,0.2517,1.871258718,,,,,,,,,,,,,,,,
BS42B,6/29/2020,0,Unknown,0.64,5.0,6.1,5.3,5,5.5,2.733333333,1502,Unknown5,0.1607,0.241396472,,,,,,,,,,,,,,,,
BS42B,6/29/2020,240,PIRE,1.67,12.5,11.6,11.0,2,11.7,5.85,17955,PIRE2,0.3780,6.786875396,,,,,,,,,,,,,,,,
BS42B,6/29/2020,240,PIRE,4.46,6.5,8.8,10.5,2,8.6,4.3,25907,PIRE2,0.3780,9.792947864,,,,,,,,,,,,,,,,
BS42B,6/29/2020,240,PIRE,0.55,6.1,5.5,5.4,4,5.7,2.833333333,1387,PIRE4,0.2673,0.370771943,,,,,,,,,,,,,,,,
BS42B,6/29/2020,240,PIRE,2.10,14.6,13.4,13.1,4,13.7,6.85,30956,PIRE4,0.2673,8.274643066,,,,,,,,,,,,,,,,
BS42B,6/29/2020,240,PIRE,0.95,9.1,9.0,8.3,5,8.8,4.4,5778,PIRE5,0.0697,0.402727799,,,,,,,,,,,,,,,,
BS42B,6/29/2020,240,Stump- PIRE,0.68,12.7,14.2,15.0,2,14.0,6.983333333,10418,Stump- PIRE2,0.3780,3.938003796,,,,,,,,,,,,,,,,
BS42C,6/29/2020,240,BEPA,0.56,23.0,23.0,21.0,5,22.3,11.16666667,21937,BEPA5,0.1684,3.694256886,,,,,,,,,,,,,,,,
DNR87#1,6/15/2020,0,POGR,3.64,5.0,5.8,6.6,1,5.8,2.9,9617,POGR1,0.5987,5.757799137,,,,,,,,,,,,,,,,
DNR87#1,6/15/2020,0,POGR,0.31,5.6,5.5,5.5,1,5.5,2.766666667,745,POGR1,0.5987,0.446307824,,,,,,,,,,,,,,,,
DNR87#1,6/15/2020,0,POGR,0.28,5.2,5.3,5.8,2,5.4,2.716666667,649,POGR2,0.3780,0.245398787,,,,,,,,,,,,,,,,
DNR87#1,6/15/2020,0,POGR,0.76,7.0,7.4,9.0,2,7.8,3.9,3632,POGR2,0.3780,1.372727958,,,,,,,,,,,,,,,,
DNR87#1,6/15/2020,0,POGR,2.70,5.6,6.3,6.2,3,6.0,3.016666667,7719,POGR3,0.2843,2.194548309,,,,,,,,,,,,,,,,
DNR87#1,6/15/2020,0,POGR,1.21,5.3,5.6,5.7,3,5.5,2.766666667,2910,POGR3,0.2843,0.827229051,,,,,,,,,,,,,,,,
DNR87#1,6/15/2020,0,POGR,0.37,5.0,5.0,5.1,4,5.0,2.516666667,736,POGR4,0.2673,0.196789512,,,,,,,,,,,,,,,,
DNR87#1,6/15/2020,0,POGR,0.36,5.0,5.0,5.7,4,5.2,2.616666667,774,POGR4,0.2673,0.206989415,,,,,,,,,,,,,,,,
DNR87#1,6/15/2020,0,POGR,0.30,5.8,5.1,6.7,5,5.9,2.933333333,811,POGR5,0.0680,0.055144585,,,,,,,,,,,,,,,,
DNR87#1,6/15/2020,0,QURU,0.49,5.8,5.2,5.0,2,5.3,2.666666667,1095,QURU2,0.5925,0.648592275,,,,,,,,,,,,,,,,
DNR87#1,6/15/2020,120,POGR,1.04,5.0,5.4,5.1,1,5.2,2.583333333,2180,POGR1,0.5987,1.305429329,,,,,,,,,,,,,,,,
DNR87#1,6/15/2020,120,POGR,1.05,6.4,6.2,5.0,4,5.9,2.933333333,2838,POGR4,0.2673,0.75868407,,,,,,,,,,,,,,,,
DNR87#1,6/15/2020,120,POGR,1.00,6.7,7.3,5.7,5,6.6,3.283333333,3387,POGR5,0.0680,0.230297242,,,,,,,,,,,,,,,,
DNR87#1,6/15/2020,120,POGR,0.47,7.0,5.6,5.2,5,5.9,2.966666667,1300,POGR5,0.0680,0.088367821,,,,,,,,,,,,,,,,
DNR87#1,6/15/2020,240,POGR,0.73,9.6,8.9,7.9,1,8.8,4.4,4440,POGR1,0.5987,2.658198104,,,,,,,,,,,,,,,,
DNR87#1,6/15/2020,240,POGR,2.28,8.8,8.2,7.0,1,8.0,4,11461,POGR1,0.5987,6.861419311,,,,,,,,,,,,,,,,
DNR87#1,6/15/2020,240,POGR,0.53,5.0,5.0,5.3,1,5.1,2.55,1083,POGR1,0.5987,0.648209455,,,,,,,,,,,,,,,,
DNR87#1,6/15/2020,240,POGR,0.24,5.0,5.6,5.0,2,5.2,2.6,510,POGR2,0.3780,0.192663573,,,,,,,,,,,,,,,,
DNR87#1,6/15/2020,240,POGR,0.22,5.0,5.1,5.3,2,5.1,2.566666667,455,POGR2,0.3780,0.172108886,,,,,,,,,,,,,,,,
DNR87#1,6/15/2020,240,POGR,1.85,9.5,9.2,8.6,2,9.1,4.55,12032,POGR2,0.3780,4.548164816,,,,,,,,,,,,,,,,
DNR87#1,6/15/2020,240,POGR,0.83,5.9,5.6,6.3,2,5.9,2.966666667,2295,POGR2,0.3780,0.867475602,,,,,,,,,,,,,,,,
DNR87#1,6/15/2020,240,POGR,1.04,7.2,6.0,5.2,3,6.1,3.066666667,3073,POGR3,0.2843,0.87356096,,,,,,,,,,,,,,,,
DNR87#1,6/15/2020,240,Stump- POGR,0.51,10.2,9.8,9.5,3,9.8,4.916666667,3873,Stump- POGR3,0.2843,1.101129606,,,,,,,,,,,,,,,,
DNR87#2,6/15/2020,0,POGR,0.51,5.0,5.6,5.8,2,5.5,2.733333333,1197,POGR2,0.3780,0.452477558,,,,,,,,,,,,,,,,
DNR87#2,6/15/2020,0,POGR,1.18,5.1,5.1,5.3,2,5.2,2.583333333,2474,POGR2,0.3780,0.9351571,,,,,,,,,,,,,,,,
DNR87#2,6/15/2020,0,Stump- POGR,0.95,7.2,5.2,5.0,2,5.8,2.9,2510,Stump- POGR2,0.3780,0.94877072,,,,,,,,,,,,,,,,
DNR87#2,6/15/2020,120,BEPA,0.91,5.8,5.9,7.8,2,6.5,3.25,3020,BEPA2,0.3462,1.04540615,,,,,,,,,,,,,,,,
DNR87#2,6/15/2020,120,POGR,0.95,5.0,5.5,5.0,3,5.2,2.583333333,1992,POGR3,0.2843,0.566253935,,,,,,,,,,,,,,,,
DNR87#2,6/15/2020,120,POGR,0.70,5.2,6.9,6.2,4,6.1,3.05,2046,POGR4,0.2673,0.546822719,,,,,,,,,,,,,,,,
DNR87#2,6/15/2020,120,POGR,0.23,7.2,7.1,6.2,5,6.8,3.416666667,843,POGR5,0.0680,0.057357715,,,,,,,,,,,,,,,,
DNR87#2,6/15/2020,120,Stump- POGR,0.36,7.0,6.4,6.9,3,6.8,3.383333333,1295,Stump- POGR3,0.2843,0.368060158,,,,,,,,,,,,,,,,
DNR87#2,6/15/2020,120,Stump- POGR,0.20,5.4,6.4,5.1,4,5.6,2.816666667,498,Stump- POGR4,0.2673,0.133244636,,,,,,,,,,,,,,,,
DNR87#2,6/15/2020,240,POGR,0.76,7.0,6.9,6.4,2,6.8,3.383333333,2733,POGR2,0.3780,1.033105895,,,,,,,,,,,,,,,,
DNR87#2,6/15/2020,240,POGR,1.20,5.0,5.1,6.1,2,5.4,2.7,2748,POGR2,0.3780,1.038844266,,,,,,,,,,,,,,,,
DNR87#2,6/15/2020,240,POGR,0.54,5.2,5.0,5.0,2,5.1,2.533333333,1089,POGR2,0.3780,0.411547632,,,,,,,,,,,,,,,,
DNR87#2,6/15/2020,240,POGR,0.26,5.0,5.0,5.0,2,5.0,2.5,511,POGR2,0.3780,0.192972329,,,,,,,,,,,,,,,,
DNR87#2,6/15/2020,240,POGR,1.30,6.4,7.5,7.3,2,7.1,3.533333333,5099,POGR2,0.3780,1.927321854,,,,,,,,,,,,,,,,
DNR87#2,6/15/2020,240,POGR,0.42,5.1,5.3,5.5,3,5.3,2.65,927,POGR3,0.2843,0.26343154,,,,,,,,,,,,,,,,
DNR87#2,6/15/2020,240,POGR,2.35,6.8,8.1,7.2,3,7.4,3.683333333,10016,POGR3,0.2843,2.847584637,,,,,,,,,,,,,,,,
DNR87#2,6/15/2020,240,POGR,0.39,9.0,8.7,8.1,3,8.6,4.3,2265,POGR3,0.2843,0.644062852,,,,,,,,,,,,,,,,
DNR87#2,6/15/2020,240,POGR,2.68,5.6,7.6,5.0,3,6.1,3.033333333,7747,POGR3,0.2843,2.202428415,,,,,,,,,,,,,,,,
DNR87#2,6/15/2020,240,POGR,0.52,5.1,6.0,5.4,3,5.5,2.75,1235,POGR3,0.2843,0.351233122,,,,,,,,,,,,,,,,
DNR87#2,6/15/2020,240,POGR,0.47,7.2,7.5,7.6,4,7.4,3.716666667,2040,POGR4,0.2673,0.545197574,,,,,,,,,,,,,,,,
DNR87#3,6/15/2020,0,POGR,1.08,6.1,5.5,5.1,1,5.6,2.783333333,2628,POGR1,0.5987,1.573668776,,,,,,,,,,,,,,,,
DNR87#3,6/15/2020,0,POGR,0.38,6.6,7.0,6.6,3,6.7,3.366666667,1353,POGR3,0.2843,0.384689708,,,,,,,,,,,,,,,,
DNR87#3,6/15/2020,0,POGR,0.60,6.1,5.7,6.6,3,6.1,3.066666667,1773,POGR3,0.2843,0.503977477,,,,,,,,,,,,,,,,
DNR87#3,6/15/2020,0,Stump- PIST,0.28,7.6,9.3,12.4,3,9.8,4.883333333,2098,Stump- PIST3,0.3780,0.792925608,,,,,,,,,,,,,,,,
DNR87#3,6/15/2020,120,BEPA,1.85,5.7,6.7,5.7,2,6.0,3.016666667,5289,BEPA2,0.3462,1.831063112,,,,,,,,,,,,,,,,
DNR87#3,6/15/2020,120,BEPA,1.45,5.0,7.0,7.2,2,6.4,3.2,4665,BEPA2,0.3462,1.61489725,,,,,,,,,,,,,,,,
DNR87#3,6/15/2020,120,BEPA,1.33,5.8,5.8,5.5,2,5.7,2.85,3394,BEPA2,0.3462,1.174947055,,,,,,,,,,,,,,,,
DNR87#3,6/15/2020,120,BEPA,0.62,10.5,10.1,10.0,2,10.2,5.1,5066,BEPA2,0.3462,1.753916759,,,,,,,,,,,,,,,,
DNR87#3,6/15/2020,120,BEPA,0.73,5.0,5.3,5.0,3,5.1,2.55,1491,BEPA3,0.3178,0.473922128,,,,,,,,,,,,,,,,
DNR87#3,6/15/2020,120,BEPA,1.76,6.9,5.7,5.8,3,6.1,3.066666667,5200,BEPA3,0.3178,1.652530861,,,,,,,,,,,,,,,,
DNR87#3,6/15/2020,120,BEPA,0.44,5.8,5.5,5.1,3,5.5,2.733333333,1033,BEPA3,0.3178,0.328202313,,,,,,,,,,,,,,,,
DNR87#3,6/15/2020,120,BEPA,0.51,10.9,10.2,9.0,5,10.0,5.016666667,4032,BEPA5,0.1684,0.679035729,,,,,,,,,,,,,,,,
DNR87#3,6/15/2020,120,PIST,0.55,6.3,6.2,6.8,3,6.4,3.216666667,1788,PIST3,0.2843,0.508278265,,,,,,,,,,,,,,,,
DNR87#3,6/15/2020,120,PIST,1.38,5.0,5.4,8.0,5,6.1,3.066666667,4077,PIST5,0.0680,0.277249657,,,,,,,,,,,,,,,,
DNR87#3,6/15/2020,120,PIST,0.70,10.0,8.5,8.0,5,8.8,4.416666667,4290,PIST5,0.0680,0.291706477,,,,,,,,,,,,,,,,
DNR87#3,6/15/2020,120,POGR,1.13,5.3,5.0,5.0,1,5.1,2.55,2308,POGR1,0.5987,1.382031479,,,,,,,,,,,,,,,,
DNR87#3,6/15/2020,120,POGR,1.25,5.0,5.0,5.6,2,5.2,2.6,2655,POGR2,0.3780,1.003456109,,,,,,,,,,,,,,,,
DNR87#3,6/15/2020,120,POGR,0.59,5.5,5.9,6.0,3,5.8,2.9,1559,POGR3,0.2843,0.443174476,,,,,,,,,,,,,,,,
DNR87#3,6/15/2020,120,POGR,0.87,6.3,8.2,6.2,3,6.9,3.45,3253,POGR3,0.2843,0.924877417,,,,,,,,,,,,,,,,
DNR87#3,6/15/2020,120,POGR,0.45,5.3,5.3,5.0,3,5.2,2.6,956,POGR3,0.2843,0.271697688,,,,,,,,,,,,,,,,
DNR87#3,6/15/2020,120,POGR,0.34,5.2,5.2,5.0,4,5.1,2.566666667,704,POGR4,0.2673,0.188090426,,,,,,,,,,,,,,,,
DNR87#3,6/15/2020,120,POGR,0.38,5.5,6.0,6.0,4,5.8,2.916666667,1016,POGR4,0.2673,0.271460112,,,,,,,,,,,,,,,,
DNR87#3,6/15/2020,120,POGR,0.85,28.0,26.0,24,5,26.0,13,45129,POGR5,0.0680,3.068770536,,,,,,,,,,,,,,,,
DNR87#3,6/15/2020,120,Stump- BEPA,0.85,13.0,10.2,8.9,3,10.7,5.35,7643,Stump- BEPA3,0.3178,2.429015328,,,,,,,,,,,,,,,,
DNR87#3,6/15/2020,120,Stump- BEPA,0.22,7.7,6.9,5.3,3,6.6,3.316666667,760,Stump- BEPA3,0.3178,0.241618452,,,,,,,,,,,,,,,,
DNR87#3,6/15/2020,120,Stump- BEPA,1.20,9.5,7.2,7.3,4,8.0,4,6032,Stump- BEPA4,0.2016,1.216022552,,,,,,,,,,,,,,,,
DNR87#3,6/15/2020,120,Stump- BEPA,1.10,9.1,7.4,6.5,4,7.7,3.833333333,5078,Stump- BEPA4,0.2016,1.023731948,,,,,,,,,,,,,,,,
DNR87#3,6/15/2020,120,Stump- BEPA,0.34,6.4,6.4,8.5,5,7.1,3.55,1346,Stump- BEPA5,0.1684,0.226687505,,,,,,,,,,,,,,,,
DNR87#3,6/15/2020,120,Stump- POGR,0.52,7.5,6.2,6.6,2,6.8,3.383333333,1870,Stump- POGR2,0.3780,0.706861928,,,,,,,,,,,,,,,,
IP#1,6/17/2020,0,ACSA,2.01,13.7,13.0,14.1,1,13.6,6.8,29199,ACSA1,0.8034,23.45824852,,,,,,,,,,,,,,,,
IP#1,6/17/2020,0,ACSA,2.76,15.9,14.6,14.1,1,14.9,7.433333333,47910,ACSA1,0.8034,38.49089405,,,,,,,,,,,,,,,,
IP#1,6/17/2020,0,ACSA,3.07,12.4,15.7,13.7,1,13.9,6.966666667,46810,ACSA1,0.8034,37.60712541,,,,,,,,,,,,,,,,
IP#1,6/17/2020,0,ACSA,0.73,10.4,9.0,12.8,1,10.7,5.366666667,6605,ACSA1,0.8034,5.306568844,,,,,,,,,,,,,,,,
IP#1,6/17/2020,0,ACSA,0.92,7.1,6.9,7.8,1,7.3,3.633333333,3815,ACSA1,0.8034,3.06534961,,,,,,,,,,,,,,,,
IP#1,6/17/2020,0,ACSA,1.46,27.7,23.9,29.5,1,27.0,13.51666667,83800,ACSA1,0.8034,67.32459717,,,,,,,,,,,,,,,,
IP#1,6/17/2020,0,ACSA,0.89,7.8,6.1,6.1,1,6.7,3.333333333,3107,ACSA1,0.8034,2.495911587,,,,,,,,,,,,,,,,
IP#1,6/17/2020,0,ACSA,0.71,17.1,15.6,14.9,1,15.9,7.933333333,14038,ACSA1,0.8034,11.27850285,,,,,,,,,,,,,,,,
IP#1,6/17/2020,0,ACSA,2.01,7.8,7.2,5.5,2,6.8,3.416666667,7371,ACSA2,0.5925,4.367566298,,,,,,,,,,,,,,,,
IP#1,6/17/2020,0,ACSA,0.87,6.9,7.2,6.0,2,6.7,3.35,3067,ACSA2,0.5925,1.817385648,,,,,,,,,,,,,,,,
IP#1,6/17/2020,0,ACSA,2.12,7.7,7.8,8.5,2,8.0,4,10656,ACSA2,0.5925,6.313847251,,,,,,,,,,,,,,,,
IP#1,6/17/2020,0,FAGR,0.31,8.4,9.9,9.9,1,9.4,4.7,2151,FAGR1,0.8034,1.728379513,,,,,,,,,,,,,,,,
IP#1,6/17/2020,0,FAGR,1.46,20.4,16.4,16.8,1,17.9,8.933333333,36604,FAGR1,0.8034,29.40773895,,,,,,,,,,,,,,,,
IP#1,6/17/2020,0,FAGR,0.21,12.0,11.2,10.9,1,11.4,5.683333333,2131,FAGR1,0.8034,1.712013764,,,,,,,,,,,,,,,,
IP#1,6/17/2020,0,FAGR,0.21,10.4,10.6,11.6,1,10.9,5.433333333,1948,FAGR1,0.8034,1.564709409,,,,,,,,,,,,,,,,
IP#1,6/17/2020,0,FAGR,5.44,23.0,15.4,18.2,1,18.9,9.433333333,152082,FAGR1,0.8034,122.1830498,,,,,,,,,,,,,,,,
IP#1,6/17/2020,0,FAGR,0.84,11.0,11.1,10.9,2,11.0,5.5,7983,FAGR2,0.5925,4.729801258,,,,,,,,,,,,,,,,
IP#1,6/17/2020,0,FAGR,1.13,10.8,10.3,10.0,2,10.4,5.183333333,9538,FAGR2,0.5925,5.651125447,,,,,,,,,,,,,,,,
IP#1,6/17/2020,0,FAGR,0.68,5.9,6.5,7.3,2,6.6,3.283333333,2303,FAGR2,0.5925,1.364511159,,,,,,,,,,,,,,,,
IP#1,6/17/2020,0,FAGR,0.29,7.2,8.2,10.3,2,8.6,4.283333333,1672,FAGR2,0.5925,0.990375689,,,,,,,,,,,,,,,,
IP#1,6/17/2020,0,Unknown,0.53,5.0,5.4,5.6,2,5.3,2.666666667,1184,Unknown2,0.4314,0.510791131,,,,,,,,,,,,,,,,
IP#1,6/17/2020,0,Unknown,0.82,5.1,5.3,5.0,2,5.1,2.566666667,1697,Unknown2,0.4314,0.732120903,,,,,,,,,,,,,,,,
IP#1,6/17/2020,0,Unknown,1.06,5.9,6.2,6.1,2,6.1,3.033333333,3064,Unknown2,0.4314,1.321831673,,,,,,,,,,,,,,,,
IP#1,6/17/2020,0,Unknown,1.00,5.6,5.4,5.0,2,5.3,2.666666667,2234,Unknown2,0.4314,0.96375685,,,,,,,,,,,,,,,,
IP#1,6/17/2020,0,Unknown,1.21,6.4,7.1,7.8,3,7.1,3.55,4791,Unknown3,0.3356,1.607732908,,,,,,,,,,,,,,,,
IP#1,6/17/2020,0,Unknown,6.05,29.7,31.2,29.6,3,30.2,15.08333333,432414,Unknown3,0.3356,145.1181914,,,,,,,,,,,,,,,,
IP#1,6/17/2020,0,Unknown,0.53,5.0,5.6,6.0,4,5.5,2.766666667,1274,Unknown4,0.2517,0.320791338,,,,,,,,,,,,,,,,
IP#1,6/17/2020,0,Unknown,0.33,6.8,7.0,6.7,4,6.8,3.416666667,1210,Unknown4,0.2517,0.304615676,,,,,,,,,,,,,,,,
IP#1,6/17/2020,0,Unknown,0.72,8.2,9.3,9.4,5,9.0,4.483333333,4547,Unknown5,0.1607,0.730634718,,,,,,,,,,,,,,,,
IP#1,6/17/2020,0,Unknown,0.32,6.6,6.6,6.5,5,6.6,3.283333333,1084,Unknown5,0.1607,0.174158903,,,,,,,,,,,,,,,,
IP#1,6/17/2020,0,Unknown,0.96,7.7,6.8,6.8,5,7.1,3.55,3801,Unknown5,0.1607,0.61079249,,,,,,,,,,,,,,,,
IP#1,6/17/2020,120,Unknown,3.91,5.0,5.5,6.6,2,5.7,2.85,9977,Unknown2,0.4314,4.304240116,,,,,,,,,,,,,,,,
IP#1,6/17/2020,120,Unknown,0.44,5.0,5.0,5.0,2,5.0,2.5,864,Unknown2,0.4314,0.372702844,,,,,,,,,,,,,,,,
IP#1,6/17/2020,120,Unknown,0.61,6.5,6.0,8.8,2,7.1,3.55,2415,Unknown2,0.4314,1.041877249,,,,,,,,,,,,,,,,
IP#1,6/17/2020,120,Unknown,1.31,10.8,7.8,8.3,2,9.0,4.483333333,8272,Unknown2,0.4314,3.568645171,,,,,,,,,,,,,,,,
IP#1,6/17/2020,120,Unknown,0.58,5.5,5.0,5.0,2,5.2,2.583333333,1216,Unknown2,0.4314,0.524588665,,,,,,,,,,,,,,,,
IP#1,6/17/2020,120,Unknown,1.20,5.9,5.0,5.0,2,5.3,2.65,2647,Unknown2,0.4314,1.142097044,,,,,,,,,,,,,,,,
IP#1,6/17/2020,120,Unknown,2.27,8.8,7.8,5.0,2,7.2,3.6,9242,Unknown2,0.4314,3.987134372,,,,,,,,,,,,,,,,
IP#1,6/17/2020,120,Unknown,0.30,6.8,5.4,5.0,2,5.7,2.866666667,775,Unknown2,0.4314,0.334122453,,,,,,,,,,,,,,,,
IP#1,6/17/2020,120,Unknown,1.44,5.0,6.2,8.4,2,6.5,3.266666667,4827,Unknown2,0.4314,2.082582178,,,,,,,,,,,,,,,,
IP#1,6/17/2020,120,Unknown,1.92,10.0,11.1,10.5,3,10.5,5.266666667,16731,Unknown3,0.3356,5.614934805,,,,,,,,,,,,,,,,
IP#1,6/17/2020,120,Unknown,0.20,5.1,5.0,5.0,3,5.0,2.516666667,398,Unknown3,0.3356,0.133552867,,,,,,,,,,,,,,,,
IP#1,6/17/2020,120,Unknown,0.59,6.9,6.5,6.2,3,6.5,3.266666667,1978,Unknown3,0.3356,0.663794238,,,,,,,,,,,,,,,,
IP#1,6/17/2020,120,Unknown,0.21,6.0,6.3,5.2,4,5.8,2.916666667,561,Unknown4,0.2517,0.141262205,,,,,,,,,,,,,,,,
IP#1,6/17/2020,120,Unknown,0.23,7.2,6.8,5.0,4,6.3,3.166666667,725,Unknown4,0.2517,0.182375135,,,,,,,,,,,,,,,,
IP#1,6/17/2020,120,Unknown,0.37,11.3,11.6,11.2,5,11.4,5.683333333,3755,Unknown5,0.1607,0.603356132,,,,,,,,,,,,,,,,
IP#1,6/17/2020,240,FAGR,0.94,9.2,6.8,8.9,2,8.3,4.15,5086,FAGR2,0.5925,3.013438096,,,,,,,,,,,,,,,,
IP#1,6/17/2020,240,FAGR,1.16,8.6,9.6,10.6,2,9.6,4.8,8396,FAGR2,0.5925,4.974835117,,,,,,,,,,,,,,,,
IP#1,6/17/2020,240,FAGR,2.07,5.2,7.4,7.0,2,6.5,3.266666667,6940,FAGR2,0.5925,4.111669655,,,,,,,,,,,,,,,,
IP#1,6/17/2020,240,FAGR,2.33,10.2,13.7,12.7,2,12.2,6.1,27237,FAGR2,0.5925,16.13815262,,,,,,,,,,,,,,,,
IP#1,6/17/2020,240,FAGR,0.44,8.5,8.0,8.5,2,8.3,4.166666667,2400,FAGR2,0.5925,1.421897925,,,,,,,,,,,,,,,,
IP#1,6/17/2020,240,FAGR,1.10,5.0,5.3,5.5,2,5.3,2.633333333,2396,FAGR2,0.5925,1.419850392,,,,,,,,,,,,,,,,
IP#1,6/17/2020,240,FAGR,1.63,5.8,6.8,8.4,2,7.0,3.5,6273,FAGR2,0.5925,3.716737765,,,,,,,,,,,,,,,,
IP#1,6/17/2020,240,FAGR,1.48,5.0,5.5,5.8,2,5.4,2.716666667,3432,FAGR2,0.5925,2.033165121,,,,,,,,,,,,,,,,
IP#1,6/17/2020,240,FAGR,0.38,9.3,9.7,11.7,2,10.2,5.116666667,3125,FAGR2,0.5925,1.851808504,,,,,,,,,,,,,,,,
IP#1,6/17/2020,240,FAGR,0.81,12.8,13.2,13.2,2,13.1,6.533333333,10862,FAGR2,0.5925,6.435656852,,,,,,,,,,,,,,,,
IP#1,6/17/2020,240,FAGR,1.32,8.9,8.4,7.6,2,8.3,4.15,7142,FAGR2,0.5925,4.231636476,,,,,,,,,,,,,,,,
IP#1,6/17/2020,240,FAGR,2.57,11.6,8.9,7.0,2,9.2,4.583333333,16961,FAGR2,0.5925,10.04926358,,,,,,,,,,,,,,,,
IP#1,6/17/2020,240,FAGR,0.64,8.3,8.5,10.5,2,9.1,4.55,4162,FAGR2,0.5925,2.466272127,,,,,,,,,,,,,,,,
IP#1,6/17/2020,240,FAGR,1.28,8.7,8.7,8.4,2,8.6,4.3,7435,FAGR2,0.5925,4.405397573,,,,,,,,,,,,,,,,
IP#1,6/17/2020,240,FAGR,2.97,5.0,5.3,7.3,2,5.9,2.933333333,8028,FAGR2,0.5925,4.756828693,,,,,,,,,,,,,,,,
IP#1,6/17/2020,240,FAGR,2.22,5.0,8.4,9.3,2,7.6,3.783333333,9983,FAGR2,0.5925,5.914804784,,,,,,,,,,,,,,,,
IP#1,6/17/2020,240,FAGR,1.12,5.5,5.0,6.5,2,5.7,2.833333333,2825,FAGR2,0.5925,1.67359971,,,,,,,,,,,,,,,,
IP#1,6/17/2020,240,FAGR,0.32,8.0,6.9,7.5,2,7.5,3.733333333,1401,FAGR2,0.5925,0.830198112,,,,,,,,,,,,,,,,
IP#1,6/17/2020,240,FAGR,0.99,5.3,5.2,5.8,2,5.4,2.716666667,2295,FAGR2,0.5925,1.360022615,,,,,,,,,,,,,,,,
IP#1,6/17/2020,240,FAGR,1.77,7.8,6.9,5.0,2,6.6,3.283333333,5995,FAGR2,0.5925,3.551742281,,,,,,,,,,,,,,,,
IP#1,6/17/2020,240,FAGR,0.44,5.7,5.0,5.0,2,5.2,2.616666667,946,FAGR2,0.5925,0.560773791,,,,,,,,,,,,,,,,
IP#1,6/17/2020,240,FAGR,1.50,6.8,6.4,7.8,2,7.0,3.5,5773,FAGR2,0.5925,3.420310827,,,,,,,,,,,,,,,,
IP#1,6/17/2020,240,FAGR,1.93,14.1,9.8,8.9,2,10.9,5.466666667,18120,FAGR2,0.5925,10.735956,,,,,,,,,,,,,,,,
IP#1,6/17/2020,240,FAGR,0.20,11.3,9.8,9.1,2,10.1,5.033333333,1592,FAGR2,0.5925,0.943147479,,,,,,,,,,,,,,,,
IP#1,6/17/2020,240,FAGR,1.02,6.5,7.2,7.3,2,7.0,3.5,3925,FAGR2,0.5925,2.325811362,,,,,,,,,,,,,,,,
IP#1,6/17/2020,240,FAGR,0.74,7.5,7.1,7.8,2,7.5,3.733333333,3240,FAGR2,0.5925,1.919833135,,,,,,,,,,,,,,,,
IP#1,6/17/2020,240,FAGR,0.77,5.6,5.1,5.5,2,5.4,2.7,1763,FAGR2,0.5925,1.044856096,,,,,,,,,,,,,,,,
IP#1,6/17/2020,240,FAGR,0.80,10.3,10.2,10.3,2,10.3,5.133333333,6623,FAGR2,0.5925,3.923983266,,,,,,,,,,,,,,,,
IP#1,6/17/2020,240,FAGR,0.20,19.4,19.3,19.0,2,19.2,9.616666667,5811,FAGR2,0.5925,3.442844031,,,,,,,,,,,,,,,,
IP#1,6/17/2020,240,FAGR,1.52,12.1,21.1,14.4,3,15.9,7.933333333,30054,FAGR3,0.4304,12.93531854,,,,,,,,,,,,,,,,
IP#1,6/17/2020,240,FAGR,0.28,12.2,13.1,14.1,3,13.1,6.566666667,3793,FAGR3,0.4304,1.632563602,,,,,,,,,,,,,,,,
IP#1,6/17/2020,240,FAGR,0.35,5.0,5.0,6.5,3,5.5,2.75,832,FAGR3,0.4304,0.357894947,,,,,,,,,,,,,,,,
IP#1,6/17/2020,240,FAGR,0.52,5.6,5.5,5.0,3,5.4,2.683333333,1176,FAGR3,0.4304,0.5062613,,,,,,,,,,,,,,,,
IP#1,6/17/2020,240,FAGR,1.01,5.0,5.4,5.4,3,5.3,2.633333333,2200,FAGR3,0.4304,0.947011346,,,,,,,,,,,,,,,,
IP#1,6/17/2020,240,FAGR,0.52,5.6,5.4,5.0,4,5.3,2.666666667,1162,FAGR4,0.3074,0.35710386,,,,,,,,,,,,,,,,
IP#1,6/17/2020,240,Unknown,0.25,5.4,5.3,5.0,3,5.2,2.616666667,538,Unknown3,0.3356,0.180471504,,,,,,,,,,,,,,,,
IP#1,6/17/2020,240,Unknown,0.32,6.0,5.1,5.3,3,5.5,2.733333333,751,Unknown3,0.3356,0.25206178,,,,,,,,,,,,,,,,
IP#1,6/17/2020,240,Unknown,0.72,9.1,7.8,5.8,3,7.6,3.783333333,3238,Unknown3,0.3356,1.086559554,,,,,,,,,,,,,,,,
IP#1,6/17/2020,240,Unknown,1.10,6.0,6.5,7.8,3,6.8,3.383333333,3956,Unknown3,0.3356,1.327559776,,,,,,,,,,,,,,,,
IP#2,6/17/2020,0,ACSA,0.67,6.4,6.5,6.9,1,6.6,3.3,2292,ACSA1,0.8034,1.841553679,,,,,,,,,,,,,,,,
IP#2,6/17/2020,0,TSCA,0.57,5.0,5.4,6.1,1,5.5,2.75,1354,TSCA1,0.5987,0.81077318,,,,,,,,,,,,,,,,
IP#2,6/17/2020,0,TSCA,0.93,7.1,7.0,5.6,1,6.6,3.283333333,3150,TSCA1,0.5987,1.885697525,,,,,,,,,,,,,,,,
IP#2,6/17/2020,0,TSCA,0.34,5.0,5.0,5.0,1,5.0,2.5,668,TSCA1,0.5987,0.399685198,,,,,,,,,,,,,,,,
IP#2,6/17/2020,0,TSCA,0.42,5.6,5.8,5.2,2,5.5,2.766666667,1010,TSCA2,0.3780,0.381772497,,,,,,,,,,,,,,,,
IP#2,6/17/2020,0,TSCA,0.67,6.9,7.0,7.4,3,7.1,3.55,2653,TSCA3,0.2843,0.754150878,,,,,,,,,,,,,,,,
IP#2,6/17/2020,0,TSCA,0.80,6.1,5.2,5.2,4,5.5,2.75,1901,TSCA4,0.2673,0.508047368,,,,,,,,,,,,,,,,
IP#2,6/17/2020,0,TSCA,0.60,6.0,7.0,5.4,4,6.1,3.066666667,1773,TSCA4,0.2673,0.473841645,,,,,,,,,,,,,,,,
IP#2,6/17/2020,0,Unknown,1.90,7.2,7.0,6.4,2,6.9,3.433333333,7036,Unknown2,0.4314,3.035397376,,,,,,,,,,,,,,,,
IP#2,6/17/2020,0,Unknown,0.95,5.0,6.0,7.4,2,6.1,3.066666667,2807,Unknown2,0.4314,1.210840013,,,,,,,,,,,,,,,,
IP#2,6/18/2020,120,ACSA,0.43,15.0,13.6,14.8,4,14.5,7.233333333,7068,ACSA4,0.3074,2.172696925,,,,,,,,,,,,,,,,
IP#2,6/18/2020,120,FAGR,1.12,6.1,6.4,7.2,1,6.6,3.283333333,3793,FAGR1,0.8034,3.047401481,,,,,,,,,,,,,,,,
IP#2,6/18/2020,120,FAGR,1.11,8.7,10.2,11.0,1,10.0,4.983333333,8660,FAGR1,0.8034,6.957361262,,,,,,,,,,,,,,,,
IP#2,6/18/2020,120,FAGR,0.20,5.0,5.0,5.7,1,5.2,2.616666667,430,FAGR1,0.8034,0.345627667,,,,,,,,,,,,,,,,
IP#2,6/18/2020,120,FAGR,2.12,25.2,18.6,18.1,1,20.6,10.31666667,70887,FAGR1,0.8034,56.95034486,,,,,,,,,,,,,,,,
IP#2,6/18/2020,120,FAGR,3.43,18.3,17.5,15.7,1,17.2,8.583333333,79388,FAGR1,0.8034,63.78047913,,,,,,,,,,,,,,,,
IP#2,6/18/2020,120,FAGR,0.32,7.2,6.2,6.4,1,6.6,3.3,1095,FAGR1,0.8034,0.879548026,,,,,,,,,,,,,,,,
IP#2,6/18/2020,120,FAGR,1.44,5.7,5.1,5.0,1,5.3,2.633333333,3137,FAGR1,0.8034,2.520321042,,,,,,,,,,,,,,,,
IP#2,6/18/2020,120,FAGR,0.72,10.5,11.0,12.0,1,11.2,5.583333333,7051,FAGR1,0.8034,5.665018205,,,,,,,,,,,,,,,,
IP#2,6/18/2020,120,FAGR,1.36,5.0,6.1,5.8,2,5.6,2.816666667,3390,FAGR2,0.5925,2.008389972,,,,,,,,,,,,,,,,
IP#2,6/18/2020,120,FAGR,1.31,5.0,5.6,5.1,2,5.2,2.616666667,2818,FAGR2,0.5925,1.669576515,,,,,,,,,,,,,,,,
IP#2,6/18/2020,120,FAGR,2.13,7.8,6.6,5.6,2,6.7,3.333333333,7435,FAGR2,0.5925,4.405298298,,,,,,,,,,,,,,,,
IP#2,6/18/2020,120,FAGR,2.00,6.2,7.3,8.2,2,7.2,3.616666667,8219,FAGR2,0.5925,4.869509192,,,,,,,,,,,,,,,,
IP#2,6/18/2020,120,FAGR,1.54,6.2,5.7,5.4,2,5.8,2.883333333,4022,FAGR2,0.5925,2.383135048,,,,,,,,,,,,,,,,
IP#2,6/18/2020,120,FAGR,0.29,5.0,5.1,5.4,2,5.2,2.583333333,608,FAGR2,0.5925,0.360244302,,,,,,,,,,,,,,,,
IP#2,6/18/2020,120,FAGR,0.42,5.1,5.5,6.5,2,5.7,2.85,1072,FAGR2,0.5925,0.635005136,,,,,,,,,,,,,,,,
IP#2,6/18/2020,120,FAGR,0.56,6.2,6.2,6.0,2,6.1,3.066666667,1655,FAGR2,0.5925,0.980300896,,,,,,,,,,,,,,,,
IP#2,6/18/2020,120,FAGR,0.37,5.6,6.6,7.1,2,6.4,3.216666667,1203,FAGR2,0.5925,0.712610256,,,,,,,,,,,,,,,,
IP#2,6/18/2020,120,FAGR,2.37,5.9,8.3,9.1,2,7.8,3.883333333,11228,FAGR2,0.5925,6.652668981,,,,,,,,,,,,,,,,
IP#2,6/18/2020,120,FAGR,1.01,5.1,7.5,7.2,2,6.6,3.3,3455,FAGR2,0.5925,2.047328259,,,,,,,,,,,,,,,,
IP#2,6/18/2020,120,FAGR,1.10,8.8,8.7,8.5,2,8.7,4.333333333,6489,FAGR2,0.5925,3.844811989,,,,,,,,,,,,,,,,
IP#2,6/18/2020,120,FAGR,0.58,6.7,6.6,6.9,2,6.7,3.366666667,2065,FAGR2,0.5925,1.223676047,,,,,,,,,,,,,,,,
IP#2,6/18/2020,120,FAGR,0.40,6.4,6.1,5.7,2,6.1,3.033333333,1156,FAGR2,0.5925,0.685075591,,,,,,,,,,,,,,,,
IP#2,6/18/2020,120,FAGR,0.72,5.0,5.2,5.8,2,5.3,2.666666667,1608,FAGR2,0.5925,0.953033547,,,,,,,,,,,,,,,,
IP#2,6/18/2020,120,FAGR,0.59,5.0,5.3,7.0,2,5.8,2.883333333,1541,FAGR2,0.5925,0.913019272,,,,,,,,,,,,,,,,
IP#2,6/18/2020,120,FAGR,0.35,5.2,5.4,5.6,2,5.4,2.7,802,FAGR2,0.5925,0.474934589,,,,,,,,,,,,,,,,
IP#2,6/18/2020,120,FAGR,0.57,5.0,5.9,5.2,2,5.4,2.683333333,1289,FAGR2,0.5925,0.763945425,,,,,,,,,,,,,,,,
IP#2,6/18/2020,120,FAGR,2.57,7.2,5.1,5.0,2,5.8,2.883333333,6712,FAGR2,0.5925,3.977050047,,,,,,,,,,,,,,,,
IP#2,6/18/2020,120,FAGR,0.26,5.0,5.4,5.7,2,5.4,2.683333333,588,FAGR2,0.5925,0.348466334,,,,,,,,,,,,,,,,
IP#2,6/18/2020,120,FAGR,0.65,5.5,5.7,5.6,3,5.6,2.8,1601,FAGR3,0.4304,0.689051297,,,,,,,,,,,,,,,,
IP#2,6/18/2020,120,Unknown,0.21,5.0,6.4,6.5,2,6.0,2.983333333,587,Unknown2,0.4314,0.253310312,,,,,,,,,,,,,,,,
IP#2,6/18/2020,120,Unknown,0.23,5.0,6.5,6.8,2,6.1,3.05,672,Unknown2,0.4314,0.289972978,,,,,,,,,,,,,,,,
IP#2,6/18/2020,120,Unknown,0.23,5.0,6.0,6.3,2,5.8,2.883333333,601,Unknown2,0.4314,0.259147817,,,,,,,,,,,,,,,,
IP#2,6/18/2020,120,Unknown,0.29,6.0,6.3,7.1,2,6.5,3.233333333,952,Unknown2,0.4314,0.410893216,,,,,,,,,,,,,,,,
IP#2,6/18/2020,120,Unknown,1.03,6.3,6.4,5.6,2,6.1,3.05,3010,Unknown2,0.4314,1.298574639,,,,,,,,,,,,,,,,
IP#2,6/18/2020,120,Unknown,0.38,7.0,6.5,6.3,2,6.6,3.3,1300,Unknown2,0.4314,0.56084324,,,,,,,,,,,,,,,,
IP#2,6/18/2020,120,Unknown,0.66,7.3,6.5,5.8,3,6.5,3.266666667,2213,Unknown3,0.3356,0.742549487,,,,,,,,,,,,,,,,
IP#2,6/18/2020,120,Unknown,0.43,5.7,5.5,5.2,4,5.5,2.733333333,1009,Unknown4,0.2517,0.254031012,,,,,,,,,,,,,,,,
IP#2,6/18/2020,240,FAGR,1.39,7.1,6.9,7.1,1,7.0,3.516666667,5400,FAGR1,0.8034,4.338692891,,,,,,,,,,,,,,,,
IP#2,6/18/2020,240,FAGR,0.48,15.5,16.3,18.0,1,16.6,8.3,10388,FAGR1,0.8034,8.346014256,,,,,,,,,,,,,,,,
IP#2,6/18/2020,240,FAGR,0.29,12.0,11.1,10.4,1,11.2,5.583333333,2840,FAGR1,0.8034,2.281743444,,,,,,,,,,,,,,,,
IP#2,6/18/2020,240,FAGR,1.17,14.5,11.0,9.2,1,11.6,5.783333333,12294,FAGR1,0.8034,9.876976277,,,,,,,,,,,,,,,,
IP#2,6/18/2020,240,FAGR,1.35,5.0,6.2,7.5,1,6.2,3.116666667,4120,FAGR1,0.8034,3.309757545,,,,,,,,,,,,,,,,
IP#2,6/18/2020,240,FAGR,1.57,44.5,43.1,42.5,2,43.4,21.68333333,231900,FAGR2,0.5925,137.4010249,,,,,,,,,,,,,,,,
IP#2,6/18/2020,240,FAGR,0.23,18.3,17.5,17.4,2,17.7,8.866666667,5681,FAGR2,0.5925,3.365788539,,,,,,,,,,,,,,,,
IP#2,6/18/2020,240,FAGR,1.31,6.0,5.2,5.1,2,5.4,2.716666667,3037,FAGR2,0.5925,1.799625884,,,,,,,,,,,,,,,,
IP#2,6/18/2020,240,FAGR,0.94,5.0,5.4,5.6,2,5.3,2.666666667,2100,FAGR2,0.5925,1.244238242,,,,,,,,,,,,,,,,
IP#2,6/18/2020,240,FAGR,1.89,7.8,8.3,7.2,2,7.8,3.883333333,8954,FAGR2,0.5925,5.305292985,,,,,,,,,,,,,,,,
IP#2,6/18/2020,240,FAGR,1.37,12.1,9.3,9.5,2,10.3,5.15,11415,FAGR2,0.5925,6.763527382,,,,,,,,,,,,,,,,
IP#2,6/18/2020,240,FAGR,0.56,7.7,5.5,5.6,2,6.3,3.133333333,1727,FAGR2,0.5925,1.023385954,,,,,,,,,,,,,,,,
IP#2,6/18/2020,240,FAGR,0.27,11.5,10.6,9.8,2,10.6,5.316666667,2398,FAGR2,0.5925,1.420629592,,,,,,,,,,,,,,,,
IP#2,6/18/2020,240,FAGR,0.73,7.6,7.9,7.8,2,7.8,3.883333333,3458,FAGR2,0.5925,2.049134328,,,,,,,,,,,,,,,,
IP#2,6/18/2020,240,FAGR,0.96,6.8,5.3,5.6,2,5.9,2.95,2625,FAGR2,0.5925,1.555082709,,,,,,,,,,,,,,,,
IP#2,6/18/2020,240,FAGR,1.41,7.3,7.3,6.4,2,7.0,3.5,5426,FAGR2,0.5925,3.215092177,,,,,,,,,,,,,,,,
IP#2,6/18/2020,240,FAGR,1.25,5.0,5.4,5.5,2,5.3,2.65,2758,FAGR2,0.5925,1.633954611,,,,,,,,,,,,,,,,
IP#2,6/18/2020,240,FAGR,3.53,7.0,8.3,9.4,2,8.2,4.116666667,18794,FAGR2,0.5925,11.13536196,,,,,,,,,,,,,,,,
IP#2,6/18/2020,240,FAGR,4.10,6.0,10.7,15.1,2,10.6,5.3,36181,FAGR2,0.5925,21.4374845,,,,,,,,,,,,,,,,
IP#2,6/18/2020,240,FAGR,0.68,6.3,7.9,7.6,2,7.3,3.633333333,2820,FAGR2,0.5925,1.670927576,,,,,,,,,,,,,,,,
IP#2,6/18/2020,240,FAGR,2.75,5.0,6.7,8.5,2,6.7,3.366666667,9792,FAGR2,0.5925,5.801912293,,,,,,,,,,,,,,,,
IP#2,6/18/2020,240,FAGR,2.00,5.9,6.8,8.4,2,7.0,3.516666667,7770,FAGR2,0.5925,4.603950365,,,,,,,,,,,,,,,,
IP#2,6/18/2020,240,FAGR,0.30,6.7,6.4,5.4,2,6.2,3.083333333,896,FAGR2,0.5925,0.53088498,,,,,,,,,,,,,,,,
IP#2,6/18/2020,240,FAGR,0.75,7.1,9.2,9.4,2,8.6,4.283333333,4323,FAGR2,0.5925,2.561316438,,,,,,,,,,,,,,,,
IP#2,6/18/2020,240,FAGR,2.26,12.3,16.4,16.4,2,15.0,7.516666667,40115,FAGR2,0.5925,23.76825234,,,,,,,,,,,,,,,,
IP#2,6/18/2020,240,FAGR,0.62,18.0,18.8,20.0,2,18.9,9.466666667,17456,FAGR2,0.5925,10.34246566,,,,,,,,,,,,,,,,
IP#2,6/18/2020,240,FAGR,0.58,6.0,5.6,7.0,2,6.2,3.1,1751,FAGR2,0.5925,1.037503591,,,,,,,,,,,,,,,,
IP#2,6/18/2020,240,FAGR,0.95,6.0,5.6,5.8,2,5.8,2.9,2510,FAGR2,0.5925,1.487160454,,,,,,,,,,,,,,,,
IP#2,6/18/2020,240,FAGR,0.47,12.0,12.3,12.2,2,12.2,6.083333333,5464,FAGR2,0.5925,3.237571091,,,,,,,,,,,,,,,,
IP#2,6/18/2020,240,FAGR,0.68,8.7,8.0,8.6,2,8.4,4.216666667,3798,FAGR2,0.5925,2.250534535,,,,,,,,,,,,,,,,
IP#2,6/18/2020,240,FAGR,0.91,7.9,8.2,7.0,2,7.7,3.85,4238,FAGR2,0.5925,2.510736168,,,,,,,,,,,,,,,,
IP#2,6/18/2020,240,Unknown,0.57,6.3,6.3,6.6,2,6.4,3.2,1834,Unknown2,0.4314,0.791051623,,,,,,,,,,,,,,,,
IP#2,6/18/2020,240,Unknown,0.44,5.4,5.4,5.0,3,5.3,2.633333333,959,Unknown3,0.3356,0.321688973,,,,,,,,,,,,,,,,
IP#2,6/18/2020,240,Unknown,0.34,10.7,9.6,9.0,4,9.8,4.883333333,2547,Unknown4,0.2517,0.641128001,,,,,,,,,,,,,,,,
IP#3,6/18/2020,0,FAGR,1.05,5.9,5.3,5.0,1,5.4,2.7,2405,FAGR1,0.8034,1.931961766,,,,,,,,,,,,,,,,
IP#3,6/18/2020,0,FAGR,1.01,10.9,11.4,12.1,1,11.5,5.733333333,10430,FAGR1,0.8034,8.379487515,,,,,,,,,,,,,,,,
IP#3,6/18/2020,0,FAGR,0.67,10.6,10.4,10.3,1,10.4,5.216666667,5728,FAGR1,0.8034,4.601958279,,,,,,,,,,,,,,,,
IP#3,6/18/2020,0,FAGR,1.92,23.9,19.3,17.6,1,20.3,10.13333333,61938,FAGR1,0.8034,49.76082666,,,,,,,,,,,,,,,,
IP#3,6/18/2020,0,FAGR,0.71,18.3,17.5,17.6,1,17.8,8.9,17668,FAGR1,0.8034,14.19449879,,,,,,,,,,,,,,,,
IP#3,6/18/2020,0,FAGR,2.60,9.5,9.2,8.0,2,8.9,4.45,16175,FAGR2,0.5925,9.583664402,,,,,,,,,,,,,,,,
IP#3,6/18/2020,0,FAGR,2.17,7.6,6.1,5.7,2,6.5,3.233333333,7127,FAGR2,0.5925,4.222784515,,,,,,,,,,,,,,,,
IP#3,6/18/2020,0,FAGR,1.46,5.0,5.8,5.6,2,5.5,2.733333333,3427,FAGR2,0.5925,2.030375099,,,,,,,,,,,,,,,,
IP#3,6/18/2020,0,FAGR,0.70,6.5,6.4,6.8,2,6.6,3.283333333,2371,FAGR2,0.5925,1.40464384,,,,,,,,,,,,,,,,
IP#3,6/18/2020,0,FAGR,0.55,6.7,6.7,6.8,2,6.7,3.366666667,1958,FAGR2,0.5925,1.160382459,,,,,,,,,,,,,,,,
IP#3,6/18/2020,0,FAGR,1.39,6.8,6.4,5.8,2,6.3,3.166666667,4379,FAGR2,0.5925,2.594524217,,,,,,,,,,,,,,,,
IP#3,6/18/2020,0,FAGR,2.70,11.5,10.4,10.2,2,10.7,5.35,24278,FAGR2,0.5925,14.38498971,,,,,,,,,,,,,,,,
IP#3,6/18/2020,0,FAGR,1.33,7.4,6.5,6.4,2,6.8,3.383333333,4783,FAGR2,0.5925,2.833866866,,,,,,,,,,,,,,,,
IP#3,6/18/2020,0,FAGR,0.98,5.0,5.0,5.0,2,5.0,2.5,1924,FAGR2,0.5925,1.140103609,,,,,,,,,,,,,,,,
IP#3,6/18/2020,0,FAGR,1.79,5.2,8.0,9.1,2,7.4,3.716666667,7768,FAGR2,0.5925,4.602549666,,,,,,,,,,,,,,,,
IP#3,6/18/2020,0,FAGR,2.22,10.6,9.5,5.5,2,8.5,4.266666667,12696,FAGR2,0.5925,7.522611467,,,,,,,,,,,,,,,,
IP#3,6/18/2020,0,FAGR,0.38,5.0,6.3,7.0,2,6.1,3.05,1111,FAGR2,0.5925,0.657993347,,,,,,,,,,,,,,,,
IP#3,6/18/2020,0,FAGR,0.22,5.0,5.2,5.2,2,5.1,2.566666667,455,FAGR2,0.5925,0.26977385,,,,,,,,,,,,,,,,
IP#3,6/18/2020,0,FAGR,0.67,6.2,5.1,5.0,2,5.4,2.716666667,1553,FAGR2,0.5925,0.920419345,,,,,,,,,,,,,,,,
IP#3,6/18/2020,0,FAGR,1.03,5.4,5.6,6.5,2,5.8,2.916666667,2753,FAGR2,0.5925,1.630981552,,,,,,,,,,,,,,,,
IP#3,6/18/2020,0,FAGR,0.69,5.5,5.0,5.0,2,5.2,2.583333333,1447,FAGR2,0.5925,0.857132996,,,,,,,,,,,,,,,,
IP#3,6/18/2020,0,FAGR,0.65,8.4,8.9,8.7,2,8.7,4.333333333,3834,FAGR2,0.5925,2.271934357,,,,,,,,,,,,,,,,
IP#3,6/18/2020,0,FAGR,0.41,6.4,6.5,6.4,2,6.4,3.216666667,1333,FAGR2,0.5925,0.789649203,,,,,,,,,,,,,,,,
IP#3,6/18/2020,0,FAGR,0.70,5.0,6.8,6.3,2,6.0,3.016666667,2001,FAGR2,0.5925,1.185743947,,,,,,,,,,,,,,,,
IP#3,6/18/2020,0,FAGR,2.25,7.0,8.7,9.5,3,8.4,4.2,12469,FAGR3,0.4304,5.366649527,,,,,,,,,,,,,,,,
IP#3,6/18/2020,0,Unknown,0.23,5.1,5.8,5.6,3,5.5,2.75,546,Unknown3,0.3356,0.183385523,,,,,,,,,,,,,,,,
IP#3,6/18/2020,0,Unknown,1.80,15.2,13.0,11.9,4,13.4,6.683333333,25259,Unknown4,0.2517,6.357580059,,,,,,,,,,,,,,,,
IP#3,6/18/2020,0,Unknown,0.75,13.8,17.0,18.8,5,16.5,8.266666667,16102,Unknown5,0.1607,2.587544724,,,,,,,,,,,,,,,,
IP#3,6/19/2020,120,FAGR,4.42,23.0,25.3,26.0,1,24.8,12.38333333,212935,FAGR1,0.8034,171.0720644,,,,,,,,,,,,,,,,
IP#3,6/19/2020,120,FAGR,0.42,5.0,5.0,6.1,1,5.4,2.683333333,950,FAGR1,0.8034,0.763273601,,,,,,,,,,,,,,,,
IP#3,6/19/2020,120,FAGR,1.17,9.2,6.1,8.1,1,7.8,3.9,5591,FAGR1,0.8034,4.491555557,,,,,,,,,,,,,,,,
IP#3,6/19/2020,120,FAGR,0.49,5.0,5.2,5.6,1,5.3,2.633333333,1067,FAGR1,0.8034,0.857609243,,,,,,,,,,,,,,,,
IP#3,6/19/2020,120,FAGR,1.93,5.9,5.3,6.1,1,5.8,2.883333333,5041,FAGR1,0.8034,4.049754667,,,,,,,,,,,,,,,,
IP#3,6/19/2020,120,FAGR,1.74,7.7,6.4,6.0,1,6.7,3.35,6135,FAGR1,0.8034,4.928565838,,,,,,,,,,,,,,,,
IP#3,6/19/2020,120,FAGR,1.09,10.3,8.8,10.1,1,9.7,4.866666667,8110,FAGR1,0.8034,6.515854834,,,,,,,,,,,,,,,,
IP#3,6/19/2020,120,FAGR,2.62,11.3,13.1,17.0,1,13.8,6.9,39188,FAGR1,0.8034,31.48336707,,,,,,,,,,,,,,,,
IP#3,6/19/2020,120,FAGR,0.22,5.4,5.5,6.0,1,5.6,2.816666667,548,FAGR1,0.8034,0.440529797,,,,,,,,,,,,,,,,
IP#3,6/19/2020,120,FAGR,0.70,5.8,6.0,7.7,1,6.5,3.25,2323,FAGR1,0.8034,1.866149626,,,,,,,,,,,,,,,,
IP#3,6/19/2020,120,FAGR,0.33,8.5,10.9,9.8,2,9.7,4.866666667,2455,FAGR2,0.5925,1.454840456,,,,,,,,,,,,,,,,
IP#3,6/19/2020,120,FAGR,0.26,11.2,11.4,12.1,2,11.6,5.783333333,2732,FAGR2,0.5925,1.618706178,,,,,,,,,,,,,,,,
IP#3,6/19/2020,120,FAGR,0.85,5.1,6.2,6.5,2,5.9,2.966666667,2350,FAGR2,0.5925,1.392498246,,,,,,,,,,,,,,,,
IP#3,6/19/2020,120,FAGR,2.48,5.0,5.6,8.9,2,6.5,3.25,8229,FAGR2,0.5925,4.875920659,,,,,,,,,,,,,,,,
IP#3,6/19/2020,120,FAGR,1.69,9.6,6.0,5.2,2,6.9,3.466666667,6381,FAGR2,0.5925,3.78049877,,,,,,,,,,,,,,,,
IP#3,6/19/2020,120,FAGR,0.97,17.2,20.9,22.8,2,20.3,10.15,31395,FAGR2,0.5925,18.60124642,,,,,,,,,,,,,,,,
IP#3,6/19/2020,120,FAGR,1.07,19.3,16.4,13.7,2,16.5,8.233333333,22787,FAGR2,0.5925,13.50123206,,,,,,,,,,,,,,,,
IP#3,6/19/2020,120,FAGR,1.20,5.0,5.0,5.0,2,5.0,2.5,2356,FAGR2,0.5925,1.396045235,,,,,,,,,,,,,,,,
IP#3,6/19/2020,120,FAGR,0.23,11.7,12.7,8.1,3,10.8,5.416666667,2120,FAGR3,0.4304,0.912460751,,,,,,,,,,,,,,,,
IP#3,6/19/2020,120,FAGR,0.29,6.0,5.8,5.5,3,5.8,2.883333333,757,FAGR3,0.4304,0.325994174,,,,,,,,,,,,,,,,
IP#3,6/19/2020,120,TSCA,1.30,5.0,6.2,6.9,1,6.0,3.016666667,3717,TSCA1,0.5987,2.225138931,,,,,,,,,,,,,,,,
IP#3,6/19/2020,120,TSCA,1.38,12.4,11.2,9.6,1,11.1,5.533333333,13274,TSCA1,0.5987,7.947158667,,,,,,,,,,,,,,,,
IP#3,6/19/2020,120,TSCA,0.92,5.5,5.0,5.0,1,5.2,2.583333333,1929,TSCA1,0.5987,1.154802868,,,,,,,,,,,,,,,,
IP#3,6/19/2020,120,TSCA,1.57,7.6,7.0,5.0,1,6.5,3.266666667,5263,TSCA1,0.5987,3.151145272,,,,,,,,,,,,,,,,
IP#3,6/19/2020,120,TSCA,0.34,6.4,6.4,6.3,1,6.4,3.183333333,1082,TSCA1,0.5987,0.648040699,,,,,,,,,,,,,,,,
IP#3,6/19/2020,120,TSCA,0.60,5.2,5.0,5.0,1,5.1,2.533333333,1210,TSCA1,0.5987,0.724260927,,,,,,,,,,,,,,,,
IP#3,6/19/2020,120,TSCA,0.67,5.3,5.0,5.0,1,5.1,2.55,1369,TSCA1,0.5987,0.819434594,,,,,,,,,,,,,,,,
IP#3,6/19/2020,120,Unknown,1.02,8.4,6.8,7.0,2,7.4,3.7,4387,Unknown2,0.4314,1.892490174,,,,,,,,,,,,,,,,
IP#3,6/19/2020,120,Unknown,0.36,5.0,5.3,6.2,2,5.5,2.75,855,Unknown2,0.4314,0.368975816,,,,,,,,,,,,,,,,
IP#3,6/19/2020,120,Unknown,0.53,5.5,5.2,6.4,2,5.7,2.85,1352,Unknown2,0.4314,0.583439197,,,,,,,,,,,,,,,,
IP#3,6/19/2020,120,Unknown,0.36,7.9,6.6,5.0,3,6.5,3.25,1195,Unknown3,0.3356,0.400904608,,,,,,,,,,,,,,,,
IP#3,6/19/2020,120,Unknown,3.31,19.4,20.0,16.4,3,18.6,9.3,89938,Unknown3,0.3356,30.18323018,,,,,,,,,,,,,,,,
IP#3,6/19/2020,120,Unknown,0.60,12.0,14.6,15.0,5,13.9,6.933333333,9061,Unknown5,0.1607,1.456133389,,,,,,,,,,,,,,,,
IP#3,6/18/2020,240,FAGR,0.65,5.0,5.0,5.3,2,5.1,2.55,1328,FAGR2,0.5925,0.786741292,,,,,,,,,,,,,,,,
IP#3,6/18/2020,240,FAGR,0.63,5.3,5.2,5.5,2,5.3,2.666666667,1407,FAGR2,0.5925,0.833904354,,,,,,,,,,,,,,,,
IP#3,6/18/2020,240,FAGR,0.35,5.8,7.0,5.3,2,6.0,3.016666667,1001,FAGR2,0.5925,0.592871974,,,,,,,,,,,,,,,,
IP#3,6/18/2020,240,FAGR,0.20,5.1,5.6,5.0,2,5.2,2.616666667,430,FAGR2,0.5925,0.254897178,,,,,,,,,,,,,,,,
IP#3,6/18/2020,240,FAGR,0.68,5.0,5.2,5.1,2,5.1,2.55,1389,FAGR2,0.5925,0.823052429,,,,,,,,,,,,,,,,
IP#3,6/18/2020,240,Unknown,0.25,5.1,5.0,5.6,2,5.2,2.616666667,538,Unknown2,0.4314,0.231988697,,,,,,,,,,,,,,,,
IP#3,6/18/2020,240,Unknown,0.31,5.0,5.0,5.0,3,5.0,2.5,609,Unknown3,0.3356,0.204274208,,,,,,,,,,,,,,,,
IP#3,6/18/2020,240,Unknown,2.36,5.0,7.6,6.5,3,6.4,3.183333333,7513,Unknown3,0.3356,2.521436652,,,,,,,,,,,,,,,,
IP#3,6/18/2020,240,Unknown,0.25,5.0,5.0,5.0,3,5.0,2.5,491,Unknown3,0.3356,0.164737265,,,,,,,,,,,,,,,,
IP#3,6/18/2020,240,Unknown,0.62,5.0,5.3,5.0,3,5.1,2.55,1267,Unknown3,0.3356,0.425053773,,,,,,,,,,,,,,,,
PSA72#1,7/6/2020,0,POGR,2.85,10.1,10.4,11.3,1,10.6,5.3,25150,POGR1,0.5987,15.0575991,,,,,,,,,,,,,,,,
PSA72#1,7/6/2020,0,POGR,1.23,15.1,12.8,11.6,1,13.2,6.583333333,16747,POGR1,0.5987,10.02665179,,,,,,,,,,,,,,,,
PSA72#1,7/6/2020,0,POGR,1.24,7.3,6.6,5.6,2,6.5,3.25,4115,POGR2,0.3780,1.55535697,,,,,,,,,,,,,,,,
PSA72#1,7/6/2020,0,POGR,5.42,10.6,7.4,5.9,3,8.0,3.983333333,27017,POGR3,0.2843,7.681027501,,,,,,,,,,,,,,,,
PSA72#1,7/6/2020,0,POGR,0.89,12.4,8.9,7.9,4,9.7,4.866666667,6622,POGR4,0.2673,1.770117274,,,,,,,,,,,,,,,,
PSA72#1,7/6/2020,0,POGR,0.84,6.7,6.2,6.4,4,6.4,3.216666667,2730,POGR4,0.2673,0.729861129,,,,,,,,,,,,,,,,
PSA72#1,7/6/2020,120,ACRU,1.70,11.7,8.3,6.9,2,9.0,4.483333333,10735,ACRU2,0.4090,4.390602914,,,,,,,,,,,,,,,,
PSA72#1,7/6/2020,120,POGR,1.05,8.0,7.3,7.8,2,7.7,3.85,4889,POGR2,0.3780,1.848214745,,,,,,,,,,,,,,,,
PSA72#1,7/6/2020,120,POGR,1.84,6.4,8.0,8.8,2,7.7,3.866666667,8643,POGR2,0.3780,3.266878363,,,,,,,,,,,,,,,,
PSA72#1,7/6/2020,120,POGR,0.37,5.0,5.0,5.1,2,5.0,2.516666667,736,POGR2,0.3780,0.278288199,,,,,,,,,,,,,,,,
PSA72#1,7/6/2020,120,POGR,0.71,8.2,7.2,6.2,3,7.2,3.6,2891,POGR3,0.2843,0.821845313,,,,,,,,,,,,,,,,
PSA72#1,7/6/2020,120,POGR,3.68,5.1,7.5,8.4,3,7.0,3.5,14162,POGR3,0.2843,4.0263418,,,,,,,,,,,,,,,,
PSA72#1,7/6/2020,120,POGR,1.90,7.1,7.1,5.1,3,6.4,3.216666667,6176,POGR3,0.2843,1.755870371,,,,,,,,,,,,,,,,
PSA72#1,7/6/2020,120,POGR,0.29,8.2,7.9,7.3,4,7.8,3.9,1386,POGR4,0.2673,0.37040432,,,,,,,,,,,,,,,,
PSA72#1,7/6/2020,120,POGR,0.43,8.0,9.9,10.2,4,9.4,4.683333333,2963,POGR4,0.2673,0.792004093,,,,,,,,,,,,,,,,
PSA72#1,7/6/2020,120,POGR,1.22,8.7,6.1,5.6,4,6.8,3.4,4431,POGR4,0.2673,1.184312999,,,,,,,,,,,,,,,,
PSA72#1,7/6/2020,120,POGR,1.01,6.1,7.9,8.0,4,7.3,3.666666667,4266,POGR4,0.2673,1.140284093,,,,,,,,,,,,,,,,
PSA72#1,7/6/2020,120,POGR,0.55,7.6,8.5,9.7,5,8.6,4.3,3195,POGR5,0.0680,0.2172493,,,,,,,,,,,,,,,,
PSA72#1,7/6/2020,120,Stump- PIST,0.40,25.0,22.0,13.5,4,20.2,10.08333333,12777,Stump- PIST4,0.2673,3.41520731,,,,,,,,,,,,,,,,
PSA72#1,7/6/2020,120,Stump- POGR,0.21,8.4,7.7,6.4,3,7.5,3.75,928,Stump- POGR3,0.2843,0.263759774,,,,,,,,,,,,,,,,
PSA72#1,7/6/2020,120,Stump- POGR,0.91,11.9,8.2,7.1,3,9.1,4.533333333,5875,Stump- POGR3,0.2843,1.670334426,,,,,,,,,,,,,,,,
PSA72#1,7/6/2020,120,Stump- POGR,0.44,11.1,12.1,12.7,4,12.0,5.983333333,4949,Stump- POGR4,0.2673,1.322780866,,,,,,,,,,,,,,,,
PSA72#1,7/6/2020,240,POGR,0.25,5.0,5.0,5.0,1,5.0,2.5,491,POGR1,0.5987,0.293886175,,,,,,,,,,,,,,,,
PSA72#1,7/6/2020,240,POGR,3.55,6.0,6.4,7.6,2,6.7,3.333333333,12392,POGR2,0.3780,4.684114646,,,,,,,,,,,,,,,,
PSA72#1,7/6/2020,240,POGR,2.48,8.6,6.6,5.6,3,6.9,3.466666667,9363,POGR3,0.2843,2.661966479,,,,,,,,,,,,,,,,
PSA72#1,7/6/2020,240,POGR,1.34,8.2,10.5,10.5,3,9.7,4.866666667,9971,POGR3,0.2843,2.834619255,,,,,,,,,,,,,,,,
PSA72#1,7/6/2020,240,POGR,0.68,5.6,5.2,5.0,3,5.3,2.633333333,1481,POGR3,0.2843,0.421160195,,,,,,,,,,,,,,,,
PSA72#1,7/6/2020,240,Stump- POGR,0.57,8.3,7.0,7.2,2,7.5,3.75,2518,Stump- POGR2,0.3780,0.951873122,,,,,,,,,,,,,,,,
PSA72#2,7/7/2020,0,PIST,1.42,5.0,5.3,5.7,2,5.3,2.666666667,3172,PIST2,0.3780,1.19913335,,,,,,,,,,,,,,,,
PSA72#2,7/7/2020,0,POGR,3.84,9.3,10.1,11.0,2,10.1,5.066666667,30969,POGR2,0.3780,11.70624376,,,,,,,,,,,,,,,,
PSA72#2,7/7/2020,0,POGR,0.62,9.7,9.2,9.7,2,9.5,4.766666667,4426,POGR2,0.3780,1.67287283,,,,,,,,,,,,,,,,
PSA72#2,7/7/2020,0,POGR,1.19,8.3,8.7,8.9,2,8.6,4.316666667,6966,POGR2,0.3780,2.633211004,,,,,,,,,,,,,,,,
PSA72#2,7/7/2020,0,POGR,1.52,8.3,6.7,5.0,5,6.7,3.333333333,5306,POGR5,0.0680,0.360794463,,,,,,,,,,,,,,,,
PSA72#2,7/7/2020,0,Stump- PIST,0.90,5.8,5.8,7.1,2,6.2,3.116666667,2746,Stump- PIST2,0.3780,1.038161441,,,,,,,,,,,,,,,,
PSA72#2,7/7/2020,120,POGR,2.28,6.9,7.5,7.7,1,7.4,3.683333333,9718,POGR1,0.5987,5.818030913,,,,,,,,,,,,,,,,
PSA72#2,7/7/2020,120,POGR,0.93,6.0,7.7,8.4,2,7.4,3.683333333,3964,POGR2,0.3780,1.498327214,,,,,,,,,,,,,,,,
PSA72#2,7/7/2020,120,POGR,1.15,8.2,9.0,6.8,3,8.0,4,5781,POGR3,0.2843,1.643404816,,,,,,,,,,,,,,,,
PSA72#2,7/7/2020,120,POGR,0.90,5.1,5.0,5.0,3,5.0,2.516666667,1791,POGR3,0.2843,0.50912056,,,,,,,,,,,,,,,,
PSA72#2,7/7/2020,120,POGR,0.89,5.3,6.0,6.7,3,6.0,3,2516,POGR3,0.2843,0.715416988,,,,,,,,,,,,,,,,
PSA72#2,7/7/2020,240,ACRU,0.90,6.3,5.0,5.0,2,5.4,2.716666667,2087,ACRU2,0.4090,0.853470272,,,,,,,,,,,,,,,,
PSA72#2,7/7/2020,240,POGR,0.66,5.9,5.7,5.7,1,5.8,2.883333333,1724,POGR1,0.5987,1.032031069,,,,,,,,,,,,,,,,
PSA72#2,7/7/2020,240,POGR,0.96,5.4,5.8,5.9,1,5.7,2.85,2450,POGR1,0.5987,1.466628378,,,,,,,,,,,,,,,,
PSA72#2,7/7/2020,240,POGR,1.19,7.6,7.9,8.0,2,7.8,3.916666667,5735,POGR2,0.3780,2.167813206,,,,,,,,,,,,,,,,
PSA72#2,7/7/2020,240,POGR,1.44,6.2,7.2,6.6,4,6.7,3.333333333,5027,POGR4,0.2673,1.343596346,,,,,,,,,,,,,,,,
PSA72#2,7/7/2020,240,POGR,0.62,7.5,7.3,8.0,4,7.6,3.8,2813,POGR4,0.2673,0.751809335,,,,,,,,,,,,,,,,
PSA72#2,7/7/2020,240,POGR,1.00,10.4,11.6,10.0,5,10.7,5.333333333,8936,POGR5,0.0680,0.607653832,,,,,,,,,,,,,,,,
PSA72#3,7/7/2020,0,POGR,3.76,5.0,6.4,6.9,1,6.1,3.05,10988,POGR1,0.5987,6.578799556,,,,,,,,,,,,,,,,
PSA72#3,7/7/2020,0,POGR,0.95,6.3,6.5,6.8,1,6.5,3.266666667,3185,POGR1,0.5987,1.906743954,,,,,,,,,,,,,,,,
PSA72#3,7/7/2020,0,POGR,1.18,5.0,5.2,5.4,2,5.2,2.6,2506,POGR2,0.3780,0.947262567,,,,,,,,,,,,,,,,
PSA72#3,7/7/2020,0,POGR,1.28,6.7,5.9,6.0,2,6.2,3.1,3864,POGR2,0.3780,1.46074709,,,,,,,,,,,,,,,,
PSA72#3,7/7/2020,0,POGR,0.61,6.4,6.3,6.4,2,6.4,3.183333333,1942,POGR2,0.3780,0.734067068,,,,,,,,,,,,,,,,
PSA72#3,7/7/2020,0,POGR,1.73,6.0,6.0,5.0,2,5.7,2.833333333,4363,POGR2,0.3780,1.649237183,,,,,,,,,,,,,,,,
PSA72#3,7/7/2020,0,POGR,2.17,5.8,6.4,7.5,2,6.6,3.283333333,7349,POGR2,0.3780,2.777994349,,,,,,,,,,,,,,,,
PSA72#3,7/7/2020,0,POGR,0.50,5.9,5.6,5.6,2,5.7,2.85,1276,POGR2,0.3780,0.482282382,,,,,,,,,,,,,,,,
PSA72#3,7/7/2020,0,POGR,0.82,6.6,7.6,8.4,3,7.5,3.766666667,3655,POGR3,0.2843,1.0390943,,,,,,,,,,,,,,,,
PSA72#3,7/7/2020,0,POGR,0.51,7.6,7.9,8.4,3,8.0,3.983333333,2542,POGR3,0.2843,0.72275351,,,,,,,,,,,,,,,,
PSA72#3,7/7/2020,0,POGR,0.24,5.0,5.6,6.6,3,5.7,2.866666667,620,POGR3,0.2843,0.176153942,,,,,,,,,,,,,,,,
PSA72#3,7/7/2020,0,POGR,0.77,5.0,5.1,5.4,3,5.2,2.583333333,1614,POGR3,0.2843,0.458963716,,,,,,,,,,,,,,,,
PSA72#3,7/7/2020,0,POGR,0.42,6.6,6.1,5.0,3,5.9,2.95,1148,POGR3,0.2843,0.326452542,,,,,,,,,,,,,,,,
PSA72#3,7/7/2020,0,POGR,1.59,8.1,6.4,5.3,3,6.6,3.3,5440,POGR3,0.2843,1.546506453,,,,,,,,,,,,,,,,
PSA72#3,7/7/2020,0,POGR,0.61,5.1,6.0,7.2,4,6.1,3.05,1783,POGR4,0.2673,0.476516941,,,,,,,,,,,,,,,,
PSA72#3,7/7/2020,0,POGR,0.95,6.5,7.7,8.3,4,7.5,3.75,4197,POGR4,0.2673,1.121850465,,,,,,,,,,,,,,,,
PSA72#3,7/7/2020,120,POGR,1.33,5.2,5.0,5.0,2,5.1,2.533333333,2682,POGR2,0.3780,1.013626576,,,,,,,,,,,,,,,,
PSA72#3,7/7/2020,120,POGR,0.73,5.7,5.8,5.4,3,5.6,2.816666667,1819,POGR3,0.2843,0.517273823,,,,,,,,,,,,,,,,
PSA72#3,7/7/2020,120,POGR,1.98,8.8,9.5,9.6,3,9.3,4.65,13450,POGR3,0.2843,3.823823417,,,,,,,,,,,,,,,,
PSA72#3,7/7/2020,120,Stump- POGR,0.96,6.0,6.0,7.2,3,6.4,3.2,3088,Stump- POGR3,0.2843,0.878006886,,,,,,,,,,,,,,,,
PSA72#3,7/7/2020,240,POGR,1.00,5.3,5.5,5.8,1,5.5,2.766666667,2405,POGR1,0.5987,1.439702657,,,,,,,,,,,,,,,,
PSA72#3,7/7/2020,240,POGR,1.16,7.9,8.7,6.7,1,7.8,3.883333333,5496,POGR1,0.5987,3.290231541,,,,,,,,,,,,,,,,
PSA72#3,7/7/2020,240,POGR,1.05,8.9,10.0,9.8,1,9.6,4.783333333,7547,POGR1,0.5987,4.518660602,,,,,,,,,,,,,,,,
PSA72#3,7/7/2020,240,POGR,2.15,6.2,5.7,5.0,2,5.6,2.816666667,5359,POGR2,0.3780,2.025587652,,,,,,,,,,,,,,,,
PSA72#3,7/7/2020,240,POGR,0.49,8.4,8.6,10.1,3,9.0,4.516666667,3140,POGR3,0.2843,0.892809686,,,,,,,,,,,,,,,,
PSA72#3,7/7/2020,240,POGR,2.04,7.4,6.7,5.0,3,6.4,3.183333333,6494,POGR3,0.2843,1.846380197,,,,,,,,,,,,,,,,
PSA72#3,7/7/2020,240,POGR,1.70,5.0,7.5,5.9,4,6.1,3.066666667,5023,POGR4,0.2673,1.342551327,,,,,,,,,,,,,,,,
PSA72#3,7/7/2020,240,POGR,1.18,9.8,11.5,10.6,4,10.6,5.316666667,10479,POGR4,0.2673,2.800978041,,,,,,,,,,,,,,,,
PSA72#3,7/7/2020,240,POGR,1.22,8.1,7.1,5.6,4,6.9,3.466666667,4606,POGR4,0.2673,1.231211976,,,,,,,,,,,,,,,,
PSA72#3,7/7/2020,240,POGR,0.83,5.7,6.5,6.7,4,6.3,3.15,2587,POGR4,0.2673,0.691588927,,,,,,,,,,,,,,,,
PSA72#3,7/7/2020,240,POGR,2.85,10.2,8.7,8.9,5,9.3,4.633333333,19221,POGR5,0.0680,1.307045591,,,,,,,,,,,,,,,,
PSA72#3,7/7/2020,240,POGR,1.33,7.7,7.1,5.5,5,6.8,3.383333333,4783,POGR5,0.0680,0.325237041,,,,,,,,,,,,,,,,
PSA72#3,7/7/2020,240,POGR,0.99,9.5,6.7,5.4,5,7.2,3.6,4031,POGR5,0.0680,0.274093655,,,,,,,,,,,,,,,,
PSA72#3,7/7/2020,240,POGR,0.96,10.7,12.0,10.4,5,11.0,5.516666667,9179,POGR5,0.0680,0.624142139,,,,,,,,,,,,,,,,
PSA72#3,7/7/2020,240,Stump- POGR,1.32,6.7,6.5,7.8,3,7.0,3.5,5080,Stump- POGR3,0.2843,1.444231298,,,,,,,,,,,,,,,,
,,,,,,,,,,,,,,,,,,,,,,,,,,,,,,
,,,,,,,,,,,,,,,,,,,,,,,,,,,,,,
,,,,,,,,,,,,,,,,,,,,,,,,,,,,,,
,,,,,,,,,,,,,,,,,,,,,,,,,,,,,,
,,,,,,,,,,,,,,,,,,,,,,,,,,,,,,
,,,,,,,,,,,,,,,,,,,,,,,,,,,,,,
,,,,,,,,,,,,,,,,,,,,,,,,,,,,,,
,,,,,,,,,,,,,,,,,,,,,,,,,,,,,,
,,,,,,,,,,,,,,,,,,,,,,,,,,,,,,
,,,,,,,,,,,,,,,,,,,,,,,,,,,,,,
,,,,,,,,,,,,,,,,,,,,,,,,,,,,,,
,,,,,,,,,,,,,,,,,,,,,,,,,,,,,,
,,,,,,,,,,,,,,,,,,,,,,,,,,,,,,
,,,,,,,,,,,,,,,,,,,,,,,,,,,,,,
,,,,,,,,,,,,,,,,,,,,,,,,,,,,,,
,,,,,,,,,,,,,,,,,,,,,,,,,,,,,,
,,,,,,,,,,,,,,,,,,,,,,,,,,,,,,
,,,,,,,,,,,,,,,,,,,,,,,,,,,,,,
,,,,,,,,,,,,,,,,,,,,,,,,,,,,,,
,,,,,,,,,,,,,,,,,,,,,,,,,,,,,,
,,,,,,,,,,,,,,,,,,,,,,,,,,,,,,
,,,,,,,,,,,,,,,,,,,,,,,,,,,,,,
,,,,,,,,,,,,,,,,,,,,,,,,,,,,,,
,,,,,,,,,,,,,,,,,,,,,,,,,,,,,,
,,,,,,,,,,,,,,,,,,,,,,,,,,,,,,
,,,,,,,,,,,,,,,,,,,,,,,,,,,,,,
,,,,,,,,,,,,,,,,,,,,,,,,,,,,,,
,,,,,,,,,,,,,,,,,,,,,,,,,,,,,,
,,,,,,,,,,,,,,,,,,,,,,,,,,,,,,
,,,,,,,,,,,,,,,,,,,,,,,,,,,,,,
,,,,,,,,,,,,,,,,,,,,,,,,,,,,,,
,,,,,,,,,,,,,,,,,,,,,,,,,,,,,,
,,,,,,,,,,,,,,,,,,,,,,,,,,,,,,
,,,,,,,,,,,,,,,,,,,,,,,,,,,,,,
,,,,,,,,,,,,,,,,,,,,,,,,,,,,,,
,,,,,,,,,,,,,,,,,,,,,,,,,,,,,,
,,,,,,,,,,,,,,,,,,,,,,,,,,,,,,
,,,,,,,,,,,,,,,,,,,,,,,,,,,,,,
,,,,,,,,,,,,,,,,,,,,,,,,,,,,,,
,,,,,,,,,,,,,,,,,,,,,,,,,,,,,,
,,,,,,,,,,,,,,,,,,,,,,,,,,,,,,
,,,,,,,,,,,,,,,,,,,,,,,,,,,,,,
,,,,,,,,,,,,,,,,,,,,,,,,,,,,,,
,,,,,,,,,,,,,,,,,,,,,,,,,,,,,,
,,,,,,,,,,,,,,,,,,,,,,,,,,,,,,
,,,,,,,,,,,,,,,,,,,,,,,,,,,,,,
,,,,,,,,,,,,,,,,,,,,,,,,,,,,,,
,,,,,,,,,,,,,,,,,,,,,,,,,,,,,,
,,,,,,,,,,,,,,,,,,,,,,,,,,,,,,
,,,,,,,,,,,,,,,,,,,,,,,,,,,,,,
,,,,,,,,,,,,,,,,,,,,,,,,,,,,,,
,,,,,,,,,,,,,,,,,,,,,,,,,,,,,,
,,,,,,,,,,,,,,,,,,,,,,,,,,,,,,
,,,,,,,,,,,,,,,,,,,,,,,,,,,,,,
,,,,,,,,,,,,,,,,,,,,,,,,,,,,,,
,,,,,,,,,,,,,,,,,,,,,,,,,,,,,,
,,,,,,,,,,,,,,,,,,,,,,,,,,,,,,
,,,,,,,,,,,,,,,,,,,,,,,,,,,,,,
,,,,,,,,,,,,,,,,,,,,,,,,,,,,,,
,,,,,,,,,,,,,,,,,,,,,,,,,,,,,,
,,,,,,,,,,,,,,,,,,,,,,,,,,,,,,
,,,,,,,,,,,,,,,,,,,,,,,,,,,,,,
,,,,,,,,,,,,,,,,,,,,,,,,,,,,,,
,,,,,,,,,,,,,,,,,,,,,,,,,,,,,,
,,,,,,,,,,,,,,,,,,,,,,,,,,,,,,
,,,,,,,,,,,,,,,,,,,,,,,,,,,,,,
,,,,,,,,,,,,,,,,,,,,,,,,,,,,,,
,,,,,,,,,,,,,,,,,,,,,,,,,,,,,,
,,,,,,,,,,,,,,,,,,,,,,,,,,,,,,
,,,,,,,,,,,,,,,,,,,,,,,,,,,,,,
,,,,,,,,,,,,,,,,,,,,,,,,,,,,,,
,,,,,,,,,,,,,,,,,,,,,,,,,,,,,,
,,,,,,,,,,,,,,,,,,,,,,,,,,,,,,
,,,,,,,,,,,,,,,,,,,,,,,,,,,,,,
,,,,,,,,,,,,,,,,,,,,,,,,,,,,,,
,,,,,,,,,,,,,,,,,,,,,,,,,,,,,,
,,,,,,,,,,,,,,,,,,,,,,,,,,,,,,
,,,,,,,,,,,,,,,,,,,,,,,,,,,,,,
,,,,,,,,,,,,,,,,,,,,,,,,,,,,,,
,,,,,,,,,,,,,,,,,,,,,,,,,,,,,,
,,,,,,,,,,,,,,,,,,,,,,,,,,,,,,
,,,,,,,,,,,,,,,,,,,,,,,,,,,,,,
,,,,,,,,,,,,,,,,,,,,,,,,,,,,,,
,,,,,,,,,,,,,,,,,,,,,,,,,,,,,,
,,,,,,,,,,,,,,,,,,,,,,,,,,,,,,
,,,,,,,,,,,,,,,,,,,,,,,,,,,,,,
,,,,,,,,,,,,,,,,,,,,,,,,,,,,,,
,,,,,,,,,,,,,,,,,,,,,,,,,,,,,,
,,,,,,,,,,,,,,,,,,,,,,,,,,,,,,
,,,,,,,,,,,,,,,,,,,,,,,,,,,,,,
,,,,,,,,,,,,,,,,,,,,,,,,,,,,,,
,,,,,,,,,,,,,,,,,,,,,,,,,,,,,,
,,,,,,,,,,,,,,,,,,,,,,,,,,,,,,
,,,,,,,,,,,,,,,,,,,,,,,,,,,,,,
,,,,,,,,,,,,,,,,,,,,,,,,,,,,,,
,,,,,,,,,,,,,,,,,,,,,,,,,,,,,,
,,,,,,,,,,,,,,,,,,,,,,,,,,,,,,
,,,,,,,,,,,,,,,,,,,,,,,,,,,,,,
,,,,,,,,,,,,,,,,,,,,,,,,,,,,,,
,,,,,,,,,,,,,,,,,,,,,,,,,,,,,,
,,,,,,,,,,,,,,,,,,,,,,,,,,,,,,
,,,,,,,,,,,,,,,,,,,,,,,,,,,,,,
,,,,,,,,,,,,,,,,,,,,,,,,,,,,,,
,,,,,,,,,,,,,,,,,,,,,,,,,,,,,,
,,,,,,,,,,,,,,,,,,,,,,,,,,,,,,
,,,,,,,,,,,,,,,,,,,,,,,,,,,,,,
,,,,,,,,,,,,,,,,,,,,,,,,,,,,,,
,,,,,,,,,,,,,,,,,,,,,,,,,,,,,,
,,,,,,,,,,,,,,,,,,,,,,,,,,,,,,
,,,,,,,,,,,,,,,,,,,,,,,,,,,,,,
,,,,,,,,,,,,,,,,,,,,,,,,,,,,,,
,,,,,,,,,,,,,,,,,,,,,,,,,,,,,,
,,,,,,,,,,,,,,,,,,,,,,,,,,,,,,
,,,,,,,,,,,,,,,,,,,,,,,,,,,,,,
,,,,,,,,,,,,,,,,,,,,,,,,,,,,,,
,,,,,,,,,,,,,,,,,,,,,,,,,,,,,,
,,,,,,,,,,,,,,,,,,,,,,,,,,,,,,
,,,,,,,,,,,,,,,,,,,,,,,,,,,,,,
,,,,,,,,,,,,,,,,,,,,,,,,,,,,,,
,,,,,,,,,,,,,,,,,,,,,,,,,,,,,,
,,,,,,,,,,,,,,,,,,,,,,,,,,,,,,
,,,,,,,,,,,,,,,,,,,,,,,,,,,,,,
,,,,,,,,,,,,,,,,,,,,,,,,,,,,,,
,,,,,,,,,,,,,,,,,,,,,,,,,,,,,,
,,,,,,,,,,,,,,,,,,,,,,,,,,,,,,
,,,,,,,,,,,,,,,,,,,,,,,,,,,,,,
,,,,,,,,,,,,,,,,,,,,,,,,,,,,,,
,,,,,,,,,,,,,,,,,,,,,,,,,,,,,,
,,,,,,,,,,,,,,,,,,,,,,,,,,,,,,
,,,,,,,,,,,,,,,,,,,,,,,,,,,,,,
,,,,,,,,,,,,,,,,,,,,,,,,,,,,,,
,,,,,,,,,,,,,,,,,,,,,,,,,,,,,,
,,,,,,,,,,,,,,,,,,,,,,,,,,,,,,
,,,,,,,,,,,,,,,,,,,,,,,,,,,,,,
,,,,,,,,,,,,,,,,,,,,,,,,,,,,,,
,,,,,,,,,,,,,,,,,,,,,,,,,,,,,,
,,,,,,,,,,,,,,,,,,,,,,,,,,,,,,
,,,,,,,,,,,,,,,,,,,,,,,,,,,,,,
,,,,,,,,,,,,,,,,,,,,,,,,,,,,,,
,,,,,,,,,,,,,,,,,,,,,,,,,,,,,,
,,,,,,,,,,,,,,,,,,,,,,,,,,,,,,
,,,,,,,,,,,,,,,,,,,,,,,,,,,,,,
,,,,,,,,,,,,,,,,,,,,,,,,,,,,,,
,,,,,,,,,,,,,,,,,,,,,,,,,,,,,,
,,,,,,,,,,,,,,,,,,,,,,,,,,,,,,
,,,,,,,,,,,,,,,,,,,,,,,,,,,,,,
,,,,,,,,,,,,,,,,,,,,,,,,,,,,,,
,,,,,,,,,,,,,,,,,,,,,,,,,,,,,,
,,,,,,,,,,,,,,,,,,,,,,,,,,,,,,
,,,,,,,,,,,,,,,,,,,,,,,,,,,,,,
,,,,,,,,,,,,,,,,,,,,,,,,,,,,,,
,,,,,,,,,,,,,,,,,,,,,,,,,,,,,,
,,,,,,,,,,,,,,,,,,,,,,,,,,,,,,
,,,,,,,,,,,,,,,,,,,,,,,,,,,,,,
,,,,,,,,,,,,,,,,,,,,,,,,,,,,,,
,,,,,,,,,,,,,,,,,,,,,,,,,,,,,,
,,,,,,,,,,,,,,,,,,,,,,,,,,,,,,
,,,,,,,,,,,,,,,,,,,,,,,,,,,,,,
,,,,,,,,,,,,,,,,,,,,,,,,,,,,,,
,,,,,,,,,,,,,,,,,,,,,,,,,,,,,,
,,,,,,,,,,,,,,,,,,,,,,,,,,,,,,
,,,,,,,,,,,,,,,,,,,,,,,,,,,,,,
,,,,,,,,,,,,,,,,,,,,,,,,,,,,,,
,,,,,,,,,,,,,,,,,,,,,,,,,,,,,,
,,,,,,,,,,,,,,,,,,,,,,,,,,,,,,
,,,,,,,,,,,,,,,,,,,,,,,,,,,,,,
,,,,,,,,,,,,,,,,,,,,,,,,,,,,,,
,,,,,,,,,,,,,,,,,,,,,,,,,,,,,,
,,,,,,,,,,,,,,,,,,,,,,,,,,,,,,
,,,,,,,,,,,,,,,,,,,,,,,,,,,,,,
,,,,,,,,,,,,,,,,,,,,,,,,,,,,,,
,,,,,,,,,,,,,,,,,,,,,,,,,,,,,,
