Plot_ID,Species,DBH_Size_Class,Year,Date,Count,Biomass
AC103,PIRE,4_to_6,2014,6/10/2014,0,0
AC103,PIRE,6_to_8,2014,6/10/2014,0,0
AC103,PIST,4_to_6,2014,6/10/2014,0,0
AC103,QURU,2_to_4,2014,6/10/2014,0,0
AC103,QURU,4_to_6,2014,6/10/2014,0,0
AC103,QURU,6_to_8,2014,6/10/2014,0,0
AC103,QURU,2_to_4,2019,7/9/2019,0,0
AC103,QURU,4_to_6,2019,7/9/2019,0,0
AC103,QURU,6_to_8,2019,7/9/2019,0,0
AC104,ACRU,6_to_8,2019,7/9/2019,0,0
AC104,FAGR,0_to_2,2014,6/11/2014,0,0
AC104,FAGR,4_to_6,2014,6/11/2014,0,0
AC104,FAGR,6_to_8,2014,6/11/2014,0,0
AC104,FAGR,0_to_2,2019,7/9/2019,0,0
AC104,FAGR,4_to_6,2019,7/9/2019,0,0
AC104,FAGR,6_to_8,2019,7/9/2019,0,0
AC104,PIRE,2_to_4,2014,6/11/2014,0,0
AC104,PIRE,2_to_4,2019,7/9/2019,0,0
AC104,PIRE,6_to_8,2019,7/9/2019,0,0
AC104,PIST,2_to_4,2014,6/11/2014,0,0
AC104,POGR,6_to_8,2019,7/9/2019,0,0
AC104,QURU,4_to_6,2014,6/11/2014,0,0
AC104,QURU,6_to_8,2019,7/9/2019,0,0
AC107,ABBA,2_to_4,2014,6/12/2014,0,0
AC107,ABBA,4_to_6,2014,6/12/2014,0,0
AC107,ABBA,6_to_8,2014,6/12/2014,0,0
AC107,ABBA,0_to_2,2019,7/17/2019,0,0
AC107,ABBA,4_to_6,2019,7/17/2019,0,0
AC107,ABBA,6_to_8,2019,7/17/2019,0,0
AC107,ACRU,4_to_6,2014,6/12/2014,0,0
AC107,ACRU,6_to_8,2014,6/12/2014,0,0
AC107,ACRU,0_to_2,2019,7/17/2019,0,0
AC107,ACRU,6_to_8,2019,7/17/2019,0,0
AC107,FAGR,4_to_6,2014,6/12/2014,0,0
AC107,FAGR,6_to_8,2014,6/12/2014,0,0
AC107,FAGR,4_to_6,2019,7/17/2019,0,0
AC107,FAGR,6_to_8,2019,7/17/2019,0,0
AC107,OTHER,2_to_4,2014,6/12/2014,0,0
AC107,OTHER,4_to_6,2014,6/12/2014,0,0
AC107,OTHER,6_to_8,2014,6/12/2014,0,0
AC107,PIRE,4_to_6,2014,6/12/2014,0,0
BF7,FAGR,2_to_4,2014,NA,0,0
BF7,FAGR,4_to_6,2014,NA,0,0
BF7,FAGR,6_to_8,2014,NA,0,0
BF7,FAGR,2_to_4,2019,7/15/2019,0,0
BF7,FAGR,4_to_6,2019,7/15/2019,0,0
BF7,FAGR,6_to_8,2019,7/15/2019,0,0
BF7,PIRE,4_to_6,2014,NA,0,0
BF7,PIRE,4_to_6,2019,7/15/2019,0,0
BF7,QURU,0_to_2,2014,NA,0,0
BF7,QURU,0_to_2,2019,7/15/2019,0,0
BF7,QURU,2_to_4,2019,7/15/2019,0,0
BF7,QURU,6_to_8,2019,7/15/2019,0,0
BF8,ABBA,0_to_2,2014,6/19/2014,0,0
BF8,ABBA,0_to_2,2014,NA,0,0
BF8,ABBA,4_to_6,2014,6/19/2014,0,0
BF8,ABBA,4_to_6,2014,NA,0,0
BF8,ABBA,6_to_8,2014,6/19/2014,0,0
BF8,ABBA,6_to_8,2014,NA,0,0
BF8,ABBA,0_to_2,2019,7/15/2019,0,0
BF8,ABBA,4_to_6,2019,7/15/2019,0,0
BF8,ABBA,6_to_8,2019,7/15/2019,0,0
BF8,AMSP,2_to_4,2014,6/19/2014,0,0
BF8,AMSP,2_to_4,2014,NA,0,0
BF8,AMSP,4_to_6,2014,6/19/2014,0,0
BF8,AMSP,4_to_6,2014,NA,0,0
BF8,AMSP,6_to_8,2014,6/19/2014,0,0
BF8,AMSP,6_to_8,2014,NA,0,0
BF8,FAGR,4_to_6,2014,6/19/2014,0,0
BF8,FAGR,4_to_6,2014,NA,0,0
BF8,FAGR,6_to_8,2014,6/19/2014,0,0
BF8,FAGR,6_to_8,2014,NA,0,0
BF8,OTHER,2_to_4,2014,6/19/2014,0,0
BF8,OTHER,4_to_6,2014,6/19/2014,0,0
BF8,OTHER,6_to_8,2014,6/19/2014,0,0
BF8,PIRE,2_to_4,2019,7/15/2019,0,0
BF8,PIRE,4_to_6,2019,7/15/2019,0,0
BF8,PIRE,6_to_8,2019,7/15/2019,0,0
BF8,QURU,0_to_2,2014,6/19/2014,0,0
BF8,QURU,0_to_2,2014,NA,0,0
BF8,QURU,4_to_6,2014,6/19/2014,0,0
BF8,QURU,4_to_6,2014,NA,0,0
BF8,QURU,4_to_6,2019,7/15/2019,0,0
BP17#1,ACRU,0_to_2,2019,7/22/2019,0,0
BP17#1,ACRU,2_to_4,2019,7/22/2019,0,0
BP17#1,ACRU,4_to_6,2019,7/22/2019,0,0
BP17#1,AMSP,2_to_4,2019,7/22/2019,0,0
BP17#1,AMSP,4_to_6,2019,7/22/2019,0,0
BP17#1,AMSP,6_to_8,2019,7/22/2019,0,0
BP17#1,FAGR,2_to_4,2019,7/22/2019,0,0
BP17#1,FAGR,4_to_6,2019,7/22/2019,0,0
BP17#1,FAGR,6_to_8,2019,7/22/2019,0,0
BP17#1,QURU,2_to_4,2019,7/22/2019,0,0
BP17#1,QURU,4_to_6,2019,7/22/2019,0,0
BP17#1,QURU,6_to_8,2019,7/22/2019,0,0
BP17#2,ACRU,2_to_4,2019,7/22/2019,0,0
BP17#2,ACRU,4_to_6,2019,7/22/2019,0,0
BP17#2,ACRU,6_to_8,2019,7/22/2019,0,0
BP17#2,FAGR,0_to_2,2019,7/22/2019,0,0
BP17#2,FAGR,6_to_8,2019,7/22/2019,0,0
BP17#2,PIBA,2_to_4,2019,7/22/2019,0,0
BP17#2,PIBA,4_to_6,2019,7/22/2019,0,0
BP17#2,PIBA,6_to_8,2019,7/22/2019,0,0
BP17#2,PIRE,4_to_6,2019,7/22/2019,0,0
BP17#2,PIRE,6_to_8,2019,7/22/2019,0,0
BP17#3,PIRE,2_to_4,2019,7/22/2019,0,0
BP17#3,PIRE,4_to_6,2019,7/22/2019,0,0
BP17#3,PIRE,6_to_8,2019,7/22/2019,0,0
BP17#3,PIST,6_to_8,2019,7/22/2019,0,0
BP36#1,AMSP,0_to_2,2014,7/31/2014,0,0
BP36#1,AMSP,6_to_8,2014,7/31/2014,0,0
BP36#1,AMSP,0_to_2,2019,7/16/2019,0,0
BP36#1,AMSP,4_to_6,2019,7/16/2019,0,0
BP36#1,AMSP,6_to_8,2019,7/16/2019,0,0
BP36#1,FAGR,2_to_4,2014,7/31/2014,0,0
BP36#1,FAGR,4_to_6,2014,7/31/2014,0,0
BP36#1,FAGR,6_to_8,2014,7/31/2014,0,0
BP36#1,FAGR,4_to_6,2019,7/16/2019,0,0
BP36#1,FAGR,6_to_8,2019,7/16/2019,0,0
BP36#1,PIRE,4_to_6,2014,7/31/2014,0,0
BP36#1,PIRE,6_to_8,2014,7/31/2014,0,0
BP36#1,PIRE,4_to_6,2019,7/16/2019,0,0
BP36#1,PIRE,6_to_8,2019,7/16/2019,0,0
BP36#1,POGR,4_to_6,2014,7/31/2014,0,0
BP36#1,POGR,0_to_2,2019,7/16/2019,0,0
BP36#1,POGR,2_to_4,2019,7/16/2019,0,0
BP36#1,QURU,6_to_8,2014,7/31/2014,0,0
BP36#2,BEPA,0_to_2,2014,7/31/2014,0,0
BP36#2,BEPA,2_to_4,2014,7/31/2014,0,0
BP36#2,BEPA,6_to_8,2014,7/31/2014,0,0
BP36#2,FAGR,2_to_4,2014,7/31/2014,0,0
BP36#2,FAGR,4_to_6,2014,7/31/2014,0,0
BP36#2,FAGR,6_to_8,2014,7/31/2014,0,0
BP36#2,FAGR,2_to_4,2019,7/12/2019,0,0
BP36#2,FAGR,4_to_6,2019,7/12/2019,0,0
BP36#2,FAGR,6_to_8,2019,7/12/2019,0,0
BP36#2,PIRE,2_to_4,2014,7/31/2014,0,0
BP36#2,PIRE,4_to_6,2014,7/31/2014,0,0
BP36#2,PIRE,6_to_8,2014,7/31/2014,0,0
BP36#2,PIRE,4_to_6,2019,7/12/2019,0,0
BP36#2,PIRE,6_to_8,2019,7/12/2019,0,0
BP36#2,POGR,6_to_8,2014,7/31/2014,0,0
BP36#2,QURU,4_to_6,2014,7/31/2014,0,0
BP36#2,QURU,4_to_6,2019,7/12/2019,0,0
BP54#1,AMSP,6_to_8,2014,NA,0,0
BP54#1,AMSP,4_to_6,2019,7/11/2019,0,0
BP54#1,AMSP,6_to_8,2019,7/11/2019,0,0
BP54#1,FAGR,2_to_4,2019,7/11/2019,0,0
BP54#1,FAGR,4_to_6,2019,7/11/2019,0,0
BP54#1,FAGR,6_to_8,2019,7/11/2019,0,0
BP54#1,PIRE,4_to_6,2014,NA,0,0
BP54#1,PIRE,6_to_8,2014,NA,0,0
BP54#1,PIRE,6_to_8,2019,7/11/2019,0,0
BP54#1,POGR,0_to_2,2014,NA,0,0
BP54#1,POGR,0_to_2,2019,7/11/2019,0,0
BP54#1,POGR,2_to_4,2019,7/11/2019,0,0
BP54#1,QURU,0_to_2,2019,7/11/2019,0,0
BP54#1,QURU,2_to_4,2019,7/11/2019,0,0
BP54#2,ACSA,2_to_4,2014,NA,0,0
BP54#2,ACSA,4_to_6,2014,NA,0,0
BP54#2,ACSA,6_to_8,2014,NA,0,0
BP54#2,ACSA,0_to_2,2019,7/11/2019,0,0
BP54#2,ACSA,6_to_8,2019,7/11/2019,0,0
BP54#2,AMSP,2_to_4,2014,NA,0,0
BP54#2,AMSP,4_to_6,2014,NA,0,0
BP54#2,AMSP,6_to_8,2014,NA,0,0
BP54#2,BEPA,0_to_2,2014,NA,0,0
BP54#2,BEPA,2_to_4,2014,NA,0,0
BP54#2,BEPA,6_to_8,2014,NA,0,0
BP54#2,BEPA,0_to_2,2019,7/11/2019,0,0
BP54#2,BEPA,2_to_4,2019,7/11/2019,0,0
BP54#2,BEPA,6_to_8,2019,7/11/2019,0,0
BP54#2,COCO,0_to_2,2019,7/11/2019,0,0
BP54#2,COCO,4_to_6,2019,7/11/2019,0,0
BP54#2,COCO,6_to_8,2019,7/11/2019,0,0
BP54#2,FAGR,2_to_4,2014,NA,0,0
BP54#2,FAGR,4_to_6,2014,NA,0,0
BP54#2,FAGR,6_to_8,2014,NA,0,0
BP54#2,PIRE,4_to_6,2014,NA,0,0
BP54#2,PIRE,6_to_8,2014,NA,0,0
BP54#2,PIRE,4_to_6,2019,7/11/2019,0,0
BP54#2,PIRE,6_to_8,2019,7/11/2019,0,0
BP54#2,POGR,0_to_2,2014,NA,0,0
BP54#2,POGR,2_to_4,2014,NA,0,0
BP54#2,POGR,0_to_2,2019,7/11/2019,0,0
BP54#2,POGR,4_to_6,2019,7/11/2019,0,0
BP54#2,QURU,6_to_8,2014,NA,0,0
BP54#2,QURU,4_to_6,2019,7/11/2019,0,0
BP54#2,QURU,6_to_8,2019,7/11/2019,0,0
BP80#1,PIRE,6_to_8,2014,7/31/2014,0,0
BP80#1,PIST,6_to_8,2014,7/31/2014,0,0
BP80#1,QURU,0_to_2,2014,7/31/2014,0,0
BP80#1,QURU,0_to_2,2019,7/23/2019,0,0
BP80#2,BEPA,2_to_4,2019,7/22/2019,0,0
BP80#2,PIRE,6_to_8,2014,7/17/2014,0,0
BP80#2,PIRE,6_to_8,2019,7/22/2019,0,0
BP80#2,QURU,0_to_2,2014,7/17/2014,0,0
BP80#2,QURU,2_to_4,2014,7/17/2014,0,0
BP80#2,QURU,6_to_8,2014,7/17/2014,0,0
BP80#3,AMSP,0_to_2,2014,7/31/2014,0,0
BP80#3,AMSP,4_to_6,2014,7/31/2014,0,0
BP80#3,AMSP,6_to_8,2014,7/31/2014,0,0
BP80#3,PIRE,6_to_8,2014,7/31/2014,0,0
BP80#3,PIST,4_to_6,2014,7/31/2014,0,0
BP80#3,QURU,0_to_2,2019,7/17/2019,0,0
BP98#1,PIST,2_to_4,2014,7/30/2014,0,0
BP98#1,PIST,4_to_6,2014,7/30/2014,0,0
BP98#1,PIST,6_to_8,2014,7/30/2014,0,0
BP98#1,PIST,4_to_6,2019,7/19/2019,0,0
BP98#1,PIST,6_to_8,2019,7/19/2019,0,0
BP98#1,QURU,0_to_2,2014,7/30/2014,0,0
BP98#1,QURU,2_to_4,2014,7/30/2014,0,0
BP98#1,QURU,6_to_8,2014,7/30/2014,0,0
BP98#1,QURU,0_to_2,2019,7/19/2019,0,0
BP98#1,QURU,2_to_4,2019,7/19/2019,0,0
BP98#1,QURU,4_to_6,2019,7/19/2019,0,0
BP98#2,FAGR,2_to_4,2014,7/30/2014,0,0
BP98#2,FAGR,4_to_6,2014,7/30/2014,0,0
BP98#2,FAGR,6_to_8,2014,7/30/2014,0,0
BP98#2,FAGR,2_to_4,2019,7/19/2019,0,0
BP98#2,FAGR,4_to_6,2019,7/19/2019,0,0
BP98#2,FAGR,6_to_8,2019,7/19/2019,0,0
BP98#2,PIRE,2_to_4,2014,7/30/2014,0,0
BP98#2,PIRE,4_to_6,2014,7/30/2014,0,0
BP98#2,PIRE,6_to_8,2014,7/30/2014,0,0
BP98#2,PIRE,4_to_6,2019,7/19/2019,0,0
BP98#2,PIRE,6_to_8,2019,7/19/2019,0,0
BP98#2,PIST,2_to_4,2014,7/30/2014,0,0
BP98#2,PIST,4_to_6,2014,7/30/2014,0,0
BP98#2,PIST,6_to_8,2014,7/30/2014,0,0
BP98#2,PIST,4_to_6,2019,7/19/2019,0,0
BP98#2,PIST,6_to_8,2019,7/19/2019,0,0
BP98#2,POTR,2_to_4,2019,7/19/2019,0,0
BP98#2,POTR,4_to_6,2019,7/19/2019,0,0
BS40E,ABBA,2_to_4,2014,7/28/2014,0,0
BS40E,ABBA,0_to_2,2019,8/16/2019,0,0
BS40E,ABBA,4_to_6,2019,8/16/2019,0,0
BS40E,ACRU,2_to_4,2014,7/28/2014,0,0
BS40E,ACRU,4_to_6,2019,8/16/2019,0,0
BS40E,AMSP,2_to_4,2014,7/28/2014,0,0
BS40E,AMSP,4_to_6,2014,7/28/2014,0,0
BS40E,AMSP,6_to_8,2014,7/28/2014,0,0
BS40E,AMSP,2_to_4,2019,8/16/2019,0,0
BS40E,AMSP,4_to_6,2019,8/16/2019,0,0
BS40E,AMSP,6_to_8,2019,8/16/2019,0,0
BS40E,FAGR,0_to_2,2014,7/28/2014,0,0
BS40E,FAGR,2_to_4,2014,7/28/2014,0,0
BS40E,FAGR,4_to_6,2014,7/28/2014,0,0
BS40E,FAGR,0_to_2,2019,8/16/2019,0,0
BS40E,FAGR,2_to_4,2019,8/16/2019,0,0
BS40E,FAGR,4_to_6,2019,8/16/2019,0,0
BS40E,PIRE,0_to_2,2019,8/16/2019,0,0
BS40E,PIRE,6_to_8,2019,8/16/2019,0,0
BS40E,QURU,6_to_8,2014,7/28/2014,0,0
BS40E,QURU,6_to_8,2019,8/16/2019,0,0
BS40F,ABBA,0_to_2,2014,6/13/2014,0,0
BS40F,ABBA,2_to_4,2014,6/13/2014,0,0
BS40F,ABBA,4_to_6,2014,6/13/2014,0,0
BS40F,ABBA,0_to_2,2019,8/16/2019,0,0
BS40F,ABBA,2_to_4,2019,8/16/2019,0,0
BS40F,ABBA,4_to_6,2019,8/16/2019,0,0
BS40F,ACPE,4_to_6,2014,6/13/2014,0,0
BS40F,ACPE,6_to_8,2014,6/13/2014,0,0
BS40F,ACPE,4_to_6,2019,8/16/2019,0,0
BS40F,ACPE,6_to_8,2019,8/16/2019,0,0
BS40F,ACRU,0_to_2,2014,6/13/2014,0,0
BS40F,ACRU,4_to_6,2014,6/13/2014,0,0
BS40F,ACRU,0_to_2,2019,8/16/2019,0,0
BS40F,AMSP,0_to_2,2014,6/13/2014,0,0
BS40F,AMSP,6_to_8,2014,6/13/2014,0,0
BS40F,AMSP,2_to_4,2019,8/16/2019,0,0
BS40F,AMSP,6_to_8,2019,8/16/2019,0,0
BS40F,BEPA,0_to_2,2014,6/13/2014,0,0
BS40F,BEPA,2_to_4,2014,6/13/2014,0,0
BS40F,BEPA,4_to_6,2014,6/13/2014,0,0
BS40F,BEPA,0_to_2,2019,8/16/2019,0,0
BS40F,BEPA,2_to_4,2019,8/16/2019,0,0
BS40F,BEPA,4_to_6,2019,8/16/2019,0,0
BS40F,PIRE,0_to_2,2019,8/16/2019,0,0
BS40F,PIRE,4_to_6,2019,8/16/2019,0,0
BS40F,QURU,0_to_2,2014,6/13/2014,0,0
BS40X,ABBA,2_to_4,2019,8/16/2019,0,0
BS40X,ABBA,4_to_6,2019,8/16/2019,0,0
BS40X,ABBA,6_to_8,2019,8/16/2019,0,0
BS40X,ACRU,0_to_2,2014,7/28/2014,0,0
BS40X,ACRU,2_to_4,2014,7/28/2014,0,0
BS40X,ACRU,6_to_8,2014,7/28/2014,0,0
BS40X,ACRU,2_to_4,2019,8/16/2019,0,0
BS40X,ACRU,4_to_6,2019,8/16/2019,0,0
BS40X,ACRU,6_to_8,2019,8/16/2019,0,0
BS40X,AMSP,2_to_4,2014,7/28/2014,0,0
BS40X,AMSP,4_to_6,2014,7/28/2014,0,0
BS40X,AMSP,6_to_8,2014,7/28/2014,0,0
BS40X,AMSP,2_to_4,2019,8/16/2019,0,0
BS40X,AMSP,4_to_6,2019,8/16/2019,0,0
BS40X,AMSP,6_to_8,2019,8/16/2019,0,0
BS40X,QURU,0_to_2,2014,7/28/2014,0,0
BS40X,QURU,4_to_6,2014,7/28/2014,0,0
BS40X,QURU,0_to_2,2019,8/16/2019,0,0
BS42A,ABBA,0_to_2,2014,7/28/2014,0,0
BS42A,ABBA,4_to_6,2014,7/28/2014,0,0
BS42A,ABBA,0_to_2,2019,7/10/2019,0,0
BS42A,ABBA,2_to_4,2019,7/10/2019,0,0
BS42A,ACRU,6_to_8,2019,7/10/2019,0,0
BS42A,AMSP,2_to_4,2014,7/28/2014,0,0
BS42A,AMSP,4_to_6,2014,7/28/2014,0,0
BS42A,AMSP,6_to_8,2014,7/28/2014,0,0
BS42A,AMSP,2_to_4,2019,7/10/2019,0,0
BS42A,AMSP,4_to_6,2019,7/10/2019,0,0
BS42A,AMSP,6_to_8,2019,7/10/2019,0,0
BS42A,BEPA,2_to_4,2014,7/28/2014,0,0
BS42A,BEPA,4_to_6,2014,7/28/2014,0,0
BS42A,BEPA,6_to_8,2019,7/10/2019,0,0
BS42A,COCO,0_to_2,2019,7/10/2019,0,0
BS42A,COCO,4_to_6,2019,7/10/2019,0,0
BS42A,COCO,6_to_8,2019,7/10/2019,0,0
BS42A,FAGR,4_to_6,2014,7/28/2014,0,0
BS42A,FAGR,6_to_8,2014,7/28/2014,0,0
BS42A,FAGR,4_to_6,2019,7/10/2019,0,0
BS42A,FAGR,6_to_8,2019,7/10/2019,0,0
BS42A,PIRE,0_to_2,2014,7/28/2014,0,0
BS42A,PIRE,0_to_2,2019,7/10/2019,0,0
BS42A,PIRE,2_to_4,2019,7/10/2019,0,0
BS42A,PIRE,6_to_8,2019,7/10/2019,0,0
BS42A,POGR,0_to_2,2014,7/28/2014,0,0
BS42A,POGR,4_to_6,2014,7/28/2014,0,0
BS42A,POGR,6_to_8,2014,7/28/2014,0,0
BS42A,QURU,2_to_4,2019,7/10/2019,0,0
BS42A,QURU,4_to_6,2019,7/10/2019,0,0
BS42A,QURU,6_to_8,2019,7/10/2019,0,0
BS42B,ABBA,0_to_2,2014,7/28/2014,0,0
BS42B,ABBA,2_to_4,2014,7/28/2014,0,0
BS42B,ABBA,4_to_6,2014,7/28/2014,0,0
BS42B,ABBA,0_to_2,2019,7/10/2019,0,0
BS42B,ABBA,2_to_4,2019,7/10/2019,0,0
BS42B,ABBA,4_to_6,2019,7/10/2019,0,0
BS42B,ACRU,0_to_2,2014,7/28/2014,0,0
BS42B,ACRU,4_to_6,2014,7/28/2014,0,0
BS42B,ACRU,0_to_2,2019,7/10/2019,0,0
BS42B,ACRU,4_to_6,2019,7/10/2019,0,0
BS42B,AMSP,2_to_4,2014,7/28/2014,0,0
BS42B,AMSP,4_to_6,2014,7/28/2014,0,0
BS42B,AMSP,6_to_8,2014,7/28/2014,0,0
BS42B,AMSP,2_to_4,2019,7/10/2019,0,0
BS42B,AMSP,4_to_6,2019,7/10/2019,0,0
BS42B,AMSP,6_to_8,2019,7/10/2019,0,0
BS42B,BEPA,0_to_2,2014,7/28/2014,0,0
BS42B,BEPA,2_to_4,2014,7/28/2014,0,0
BS42B,BEPA,4_to_6,2014,7/28/2014,0,0
BS42B,COCO,2_to_4,2019,7/10/2019,0,0
BS42B,COCO,4_to_6,2019,7/10/2019,0,0
BS42B,COCO,6_to_8,2019,7/10/2019,0,0
BS42B,FAGR,6_to_8,2014,7/28/2014,0,0
BS42B,FAGR,6_to_8,2019,7/10/2019,0,0
BS42B,PIGL,0_to_2,2014,7/28/2014,0,0
BS42B,PIGL,4_to_6,2014,7/28/2014,0,0
BS42B,PIGL,6_to_8,2014,7/28/2014,0,0
BS42B,PIGL,2_to_4,2019,7/10/2019,0,0
BS42B,PIGL,6_to_8,2019,7/10/2019,0,0
BS42B,PIRE,0_to_2,2019,7/10/2019,0,0
BS42C,ABBA,0_to_2,2014,6/12/2014,0,0
BS42C,ABBA,2_to_4,2014,6/12/2014,0,0
BS42C,ABBA,4_to_6,2014,6/12/2014,0,0
BS42C,ABBA,0_to_2,2019,7/9/2019,0,0
BS42C,ABBA,2_to_4,2019,7/9/2019,0,0
BS42C,ABBA,4_to_6,2019,7/9/2019,0,0
BS42C,ACRU,6_to_8,2019,7/9/2019,0,0
BS42C,AMSP,4_to_6,2014,6/12/2014,0,0
BS42C,AMSP,6_to_8,2014,6/12/2014,0,0
BS42C,AMSP,4_to_6,2019,7/9/2019,0,0
BS42C,AMSP,6_to_8,2019,7/9/2019,0,0
BS42C,BEPA,0_to_2,2014,6/12/2014,0,0
BS42C,BEPA,2_to_4,2014,6/12/2014,0,0
BS42C,BEPA,4_to_6,2014,6/12/2014,0,0
BS42C,BEPA,0_to_2,2019,7/9/2019,0,0
BS42C,BEPA,4_to_6,2019,7/9/2019,0,0
BS42C,BEPA,6_to_8,2019,7/9/2019,0,0
BS42C,COCO,2_to_4,2019,7/9/2019,0,0
BS42C,COCO,4_to_6,2019,7/9/2019,0,0
BS42C,COCO,6_to_8,2019,7/9/2019,0,0
BS42C,FAGR,4_to_6,2014,6/12/2014,0,0
BS42C,FAGR,6_to_8,2014,6/12/2014,0,0
BS42C,FAGR,2_to_4,2019,7/9/2019,0,0
BS42C,FAGR,6_to_8,2019,7/9/2019,0,0
BS42C,PIRE,0_to_2,2014,6/12/2014,0,0
BS42C,PIRE,0_to_2,2019,7/9/2019,0,0
DNR1,BEPA,0_to_2,2019,7/8/2019,0,0
DNR1,BEPA,2_to_4,2019,7/8/2019,0,0
DNR1,BEPA,4_to_6,2019,7/8/2019,0,0
DNR1,FAGR,0_to_2,2014,7/29/2014,0,0
DNR1,FAGR,6_to_8,2014,7/29/2014,0,0
DNR1,FAGR,0_to_2,2019,7/8/2019,0,0
DNR1,PIRE,2_to_4,2019,7/8/2019,0,0
DNR1,PIRE,4_to_6,2019,7/8/2019,0,0
DNR1,PIRE,6_to_8,2019,7/8/2019,0,0
DNR1,PIST,2_to_4,2014,7/29/2014,0,0
DNR1,PIST,6_to_8,2014,7/29/2014,0,0
DNR2,AMSP,2_to_4,2014,7/29/2014,0,0
DNR2,AMSP,4_to_6,2014,7/29/2014,0,0
DNR2,AMSP,6_to_8,2014,7/29/2014,0,0
DNR2,BEPA,0_to_2,2014,7/29/2014,0,0
DNR2,BEPA,0_to_2,2019,7/8/2019,0,0
DNR2,BEPA,2_to_4,2019,7/8/2019,0,0
DNR2,FAGR,4_to_6,2014,7/29/2014,0,0
DNR2,FAGR,6_to_8,2014,7/29/2014,0,0
DNR3,AMSP,4_to_6,2014,7/29/2014,0,0
DNR3,AMSP,6_to_8,2014,7/29/2014,0,0
DNR3,AMSP,4_to_6,2019,7/8/2019,0,0
DNR3,AMSP,6_to_8,2019,7/8/2019,0,0
DNR3,FAGR,0_to_2,2014,7/29/2014,0,0
DNR3,FAGR,2_to_4,2014,7/29/2014,0,0
DNR3,FAGR,6_to_8,2014,7/29/2014,0,0
DNR3,FAGR,2_to_4,2019,7/8/2019,0,0
DNR3,FAGR,6_to_8,2019,7/8/2019,0,0
DNR3,PIST,0_to_2,2014,7/29/2014,0,0
DNR3,PIST,6_to_8,2014,7/29/2014,0,0
DNR3,PIST,4_to_6,2019,7/8/2019,0,0
DNR3,QURU,6_to_8,2019,7/8/2019,0,0
PSA1,AMSP,4_to_6,2014,7/17/2014,0,0
PSA1,AMSP,6_to_8,2014,7/17/2014,0,0
PSA1,PIRE,2_to_4,2014,7/17/2014,0,0
PSA1,PIRE,4_to_6,2014,7/17/2014,0,0
PSA1,PIRE,2_to_4,2019,7/16/2019,0,0
PSA1,PIRE,4_to_6,2019,7/16/2019,0,0
PSA1,POGR,0_to_2,2019,7/16/2019,0,0
PSA1,POGR,2_to_4,2019,7/16/2019,0,0
PSA2,AMSP,0_to_2,2014,NA,0,0
PSA2,AMSP,4_to_6,2014,NA,0,0
PSA2,AMSP,6_to_8,2014,NA,0,0
PSA2,BEPA,0_to_2,2019,7/16/2019,0,0
PSA2,BEPA,2_to_4,2019,7/16/2019,0,0
PSA2,BEPA,6_to_8,2019,7/16/2019,0,0
PSA2,FAGR,2_to_4,2019,7/16/2019,0,0
PSA2,FAGR,4_to_6,2019,7/16/2019,0,0
PSA2,FAGR,6_to_8,2019,7/16/2019,0,0
PSA2,PIRE,2_to_4,2014,NA,0,0
PSA2,PIRE,6_to_8,2014,NA,0,0
PSA2,PIRE,0_to_2,2019,7/16/2019,0,0
PSA2,PIRE,4_to_6,2019,7/16/2019,0,0
PSA2,PIRE,6_to_8,2019,7/16/2019,0,0
PSA2,POGR,0_to_2,2019,7/16/2019,0,0
PSA2,POGR,2_to_4,2019,7/16/2019,0,0
PSA2,POTR,0_to_2,2014,NA,0,0
PSA2,POTR,2_to_4,2014,NA,0,0
PSA2,QURU,0_to_2,2019,7/16/2019,0,0
PSA3,BEPA,0_to_2,2014,NA,0,0
PSA3,BEPA,0_to_2,2019,7/17/2019,0,0
PSA3,NA,2_to_4,2014,NA,0,0
PSA3,NA,4_to_6,2014,NA,0,0
PSA3,NA,6_to_8,2014,NA,0,0
PSA3,PIRE,4_to_6,2014,NA,0,0
PSA3,PIRE,6_to_8,2014,NA,0,0
PSA3,PIRE,4_to_6,2019,7/17/2019,0,0
PSA3,PIRE,6_to_8,2019,7/17/2019,0,0
PSA3,PIST,2_to_4,2014,NA,0,0
PSA3,PIST,4_to_6,2014,NA,0,0
PSA3,PIST,6_to_8,2014,NA,0,0
PSA3,PIST,4_to_6,2019,7/17/2019,0,0
PSA3,QURU,0_to_2,2014,NA,0,0
BP80#2,BEPA,0_to_2,2014,7/17/2014,1,0.0301
BS42A,BEPA,0_to_2,2014,7/28/2014,1,0.0301
DNR1,BEPA,0_to_2,2014,7/29/2014,1,0.0301
DNR3,BEPA,0_to_2,2014,7/29/2014,1,0.0301
AC107,ACRU,0_to_2,2014,6/12/2014,1,0.03117
BS40E,ACRU,0_to_2,2019,8/16/2019,1,0.03117
BS40F,ACPE,0_to_2,2014,6/13/2014,1,0.03117
BS40F,ACPE,0_to_2,2019,8/16/2019,1,0.03117
BS40X,ACRU,0_to_2,2019,8/16/2019,1,0.03117
BS42A,ACRU,0_to_2,2014,7/28/2014,1,0.03117
BS42C,ACRU,0_to_2,2014,6/12/2014,1,0.03117
AC103,QURU,0_to_2,2014,6/10/2014,1,0.0398
AC103,QURU,0_to_2,2019,7/9/2019,1,0.0398
BP17#1,QURU,0_to_2,2019,7/22/2019,1,0.0398
BP54#1,QURU,0_to_2,2014,NA,1,0.0398
BP54#2,QURU,0_to_2,2019,7/11/2019,1,0.0398
BP80#2,QURU,0_to_2,2019,7/22/2019,1,0.0398
BP80#3,QURU,0_to_2,2014,7/31/2014,1,0.0398
BS40F,QURU,0_to_2,2019,8/16/2019,1,0.0398
BS42A,QURU,0_to_2,2019,7/10/2019,1,0.0398
PSA2,QURU,0_to_2,2014,NA,1,0.0398
PSA3,QURU,0_to_2,2019,7/17/2019,1,0.0398
BP98#1,PIST,0_to_2,2014,7/30/2014,1,0.0408
DNR1,PIST,0_to_2,2014,7/29/2014,1,0.0408
BP17#1,PIRE,0_to_2,2019,7/22/2019,1,0.0526
BP98#2,PIRE,0_to_2,2014,7/30/2014,1,0.0526
BS40E,PIRE,0_to_2,2014,7/28/2014,1,0.0526
BS40F,PIRE,0_to_2,2014,6/13/2014,1,0.0526
BS40X,PIRE,0_to_2,2019,8/16/2019,1,0.0526
BS42B,PIRE,0_to_2,2014,7/28/2014,1,0.0526
DNR1,PIRE,0_to_2,2019,7/8/2019,1,0.0526
PSA1,PIRE,0_to_2,2014,7/17/2014,1,0.0526
PSA1,PIRE,0_to_2,2019,7/16/2019,1,0.0526
PSA2,PIRE,0_to_2,2014,NA,1,0.0526
PSA3,PIRE,0_to_2,2014,NA,1,0.0526
BP98#2,POTR,0_to_2,2014,7/30/2014,1,0.0589
BP98#2,POTR,0_to_2,2019,7/19/2019,1,0.0589
BP80#2,BEPA,0_to_2,2019,7/22/2019,2,0.0602
AC103,ACRU,0_to_2,2014,6/10/2014,2,0.06234
BP36#1,ACRU,0_to_2,2019,7/16/2019,2,0.06234
BP36#2,ACRU,0_to_2,2014,7/31/2014,2,0.06234
BP36#2,ACRU,0_to_2,2019,7/12/2019,2,0.06234
BS40X,ABBA,0_to_2,2019,8/16/2019,1,0.075
AC107,ABBA,0_to_2,2014,6/12/2014,1,0.0752
BS40E,ABBA,0_to_2,2014,7/28/2014,1,0.0752
BF8,QURU,0_to_2,2019,7/15/2019,2,0.0796
BP36#2,QURU,0_to_2,2019,7/12/2019,2,0.0796
DNR3,QURU,0_to_2,2014,7/29/2014,2,0.0796
DNR3,QURU,0_to_2,2019,7/8/2019,2,0.0796
AC104,ACRU,0_to_2,2019,7/9/2019,3,0.09351
BF8,PIRE,0_to_2,2019,7/15/2019,2,0.1052
BP36#2,PIRE,0_to_2,2014,7/31/2014,2,0.1052
BP36#2,PIRE,0_to_2,2019,7/12/2019,2,0.1052
BP98#2,PIRE,0_to_2,2019,7/19/2019,2,0.1052
BS40X,PIRE,0_to_2,2014,7/28/2014,2,0.1052
BP54#2,QURU,0_to_2,2014,NA,3,0.1194
BS40E,QURU,0_to_2,2019,8/16/2019,3,0.1194
DNR2,QURU,0_to_2,2019,7/8/2019,3,0.1194
BP98#2,PIST,0_to_2,2014,7/30/2014,3,0.1224
DNR3,PIST,0_to_2,2019,7/8/2019,3,0.1224
AC104,ACRU,0_to_2,2014,6/11/2014,4,0.12468
BP36#1,ACRU,0_to_2,2014,7/31/2014,4,0.12468
BS40E,ACRU,0_to_2,2014,7/28/2014,4,0.12468
BP36#1,POGR,0_to_2,2014,7/31/2014,1,0.1387
BP80#3,POGR,0_to_2,2019,7/17/2019,1,0.1387
PSA2,POGR,0_to_2,2014,NA,1,0.1387
PSA3,POGR,0_to_2,2019,7/17/2019,1,0.1387
BS42A,BEPA,0_to_2,2019,7/10/2019,5,0.1505
PSA3,ACRU,0_to_2,2019,7/17/2019,5,0.15585
AC104,PIRE,0_to_2,2014,6/11/2014,3,0.1578
PSA3,PIRE,0_to_2,2019,7/17/2019,3,0.1578
DNR1,QURU,0_to_2,2019,7/8/2019,4,0.1592
AC107,OTHER,0_to_2,2014,6/12/2014,1,0.163
BF8,OTHER,0_to_2,2014,6/19/2014,1,0.163
BP17#1,AMSP,0_to_2,2019,7/22/2019,1,0.163
BP54#1,AMSP,0_to_2,2019,7/11/2019,1,0.163
BP54#2,AMSP,0_to_2,2014,NA,1,0.163
BS40F,AMSP,0_to_2,2019,8/16/2019,1,0.163
BS40X,AMSP,0_to_2,2014,7/28/2014,1,0.163
BS40X,AMSP,0_to_2,2019,8/16/2019,1,0.163
PSA3,NA,0_to_2,2014,NA,1,0.163
AC103,PIST,0_to_2,2014,6/10/2014,4,0.1632
AC104,PIST,0_to_2,2014,6/11/2014,4,0.1632
AC104,PIST,0_to_2,2019,7/9/2019,4,0.1632
BS42B,PIGL,0_to_2,2019,7/10/2019,1,0.1643
BP17#2,PIBA,0_to_2,2019,7/22/2019,1,0.174681074
BP54#1,ACRU,0_to_2,2014,NA,6,0.18702
PSA2,ACRU,0_to_2,2019,7/16/2019,6,0.18702
BP36#2,FAGR,0_to_2,2019,7/12/2019,1,0.1892
BP54#1,FAGR,0_to_2,2019,7/11/2019,1,0.1892
BP54#2,FAGR,0_to_2,2014,NA,1,0.1892
DNR2,FAGR,0_to_2,2014,7/29/2014,1,0.1892
PSA2,FAGR,0_to_2,2019,7/16/2019,1,0.1892
BP98#2,QURU,0_to_2,2019,7/19/2019,5,0.199
BS40E,QURU,0_to_2,2014,7/28/2014,5,0.199
DNR2,QURU,0_to_2,2014,7/29/2014,5,0.199
PSA1,QURU,0_to_2,2014,7/17/2014,5,0.199
PSA1,QURU,0_to_2,2019,7/16/2019,5,0.199
BP17#2,PIRE,0_to_2,2019,7/22/2019,4,0.2104
BP36#1,PIRE,0_to_2,2014,7/31/2014,4,0.2104
BP54#1,ACRU,0_to_2,2019,7/11/2019,7,0.21819
BS42A,ACRU,0_to_2,2019,7/10/2019,7,0.21819
AC103,PIST,0_to_2,2019,7/9/2019,6,0.2448
BS42B,COCO,0_to_2,2019,7/10/2019,1,0.247077271
BP36#2,POGR,0_to_2,2014,7/31/2014,2,0.2774
PSA1,POGR,0_to_2,2014,7/17/2014,2,0.2774
AC104,QURU,0_to_2,2019,7/9/2019,7,0.2786
BF7,ACRU,0_to_2,2014,NA,10,0.3117
BF7,ACRU,0_to_2,2019,7/15/2019,10,0.3117
BS42C,ACRU,0_to_2,2019,7/9/2019,10,0.3117
AC104,QURU,0_to_2,2014,6/11/2014,8,0.3184
DNR1,QURU,0_to_2,2014,7/29/2014,8,0.3184
BF8,AMSP,0_to_2,2014,6/19/2014,2,0.326
BS40E,AMSP,0_to_2,2014,7/28/2014,2,0.326
BS40E,AMSP,0_to_2,2019,8/16/2019,2,0.326
DNR3,AMSP,0_to_2,2019,7/8/2019,2,0.326
PSA1,PIST,0_to_2,2014,7/17/2014,8,0.3264
BP54#2,ACSA,0_to_2,2014,NA,2,0.3386
BF7,PIRE,0_to_2,2014,NA,7,0.3682
BP54#2,ACRU,0_to_2,2019,7/11/2019,12,0.37404
DNR3,FAGR,0_to_2,2019,7/8/2019,2,0.3784
BP36#2,QURU,0_to_2,2014,7/31/2014,10,0.398
AC103,ACRU,0_to_2,2019,7/9/2019,13,0.40521
PSA3,ACRU,0_to_2,2014,NA,13,0.40521
AC104,POGR,0_to_2,2019,7/9/2019,3,0.4161
BP80#2,POGR,0_to_2,2019,7/22/2019,3,0.4161
BP36#1,PIRE,0_to_2,2019,7/16/2019,8,0.4208
BF8,ACRU,0_to_2,2019,7/15/2019,14,0.43638
BP17#2,ACRU,0_to_2,2019,7/22/2019,14,0.43638
BP98#2,QURU,0_to_2,2014,7/30/2014,11,0.4378
BP54#2,PIRE,0_to_2,2014,NA,9,0.4734
AC107,QURU,0_to_2,2014,6/12/2014,12,0.4776
BF8,AMSP,0_to_2,2014,NA,3,0.489
BP54#1,AMSP,0_to_2,2014,NA,3,0.489
DNR2,AMSP,0_to_2,2014,7/29/2014,3,0.489
BP98#1,PIST,0_to_2,2019,7/19/2019,12,0.4896
PSA1,PIST,0_to_2,2019,7/16/2019,12,0.4896
BF7,PIRE,0_to_2,2019,7/15/2019,10,0.526
BP80#3,PIRE,0_to_2,2014,7/31/2014,10,0.526
BP80#1,POGR,0_to_2,2019,7/23/2019,4,0.5548
DNR2,POGR,0_to_2,2019,7/8/2019,4,0.5548
PSA1,ACRU,0_to_2,2019,7/16/2019,18,0.56106
BF7,FAGR,0_to_2,2019,7/15/2019,3,0.5676
BP36#1,FAGR,0_to_2,2019,7/16/2019,3,0.5676
PSA3,PIST,0_to_2,2014,NA,14,0.5712
BP54#1,PIRE,0_to_2,2019,7/11/2019,11,0.5786
AC107,QURU,0_to_2,2019,7/17/2019,15,0.597
BP54#2,ACRU,0_to_2,2014,NA,20,0.6234
BP98#1,ACRU,0_to_2,2019,7/19/2019,20,0.6234
AC107,PIRE,0_to_2,2014,6/12/2014,12,0.6312
BP54#1,PIRE,0_to_2,2014,NA,12,0.6312
BP80#1,ACRU,0_to_2,2019,7/23/2019,21,0.65457
BS40F,ACPE,2_to_4,2014,6/13/2014,1,0.659446622
BS40F,ACPE,2_to_4,2019,8/16/2019,1,0.659446622
BS40F,ACRU,2_to_4,2019,8/16/2019,1,0.659446622
BS42A,ACRU,2_to_4,2014,7/28/2014,1,0.659446622
BS42A,ACRU,2_to_4,2019,7/10/2019,1,0.659446622
BS42B,ACRU,2_to_4,2019,7/10/2019,1,0.659446622
BS42C,ACRU,2_to_4,2014,6/12/2014,1,0.659446622
BS42C,ACRU,2_to_4,2019,7/9/2019,1,0.659446622
BP80#2,BEPA,2_to_4,2014,7/17/2014,1,0.680723277
BS42A,BEPA,2_to_4,2019,7/10/2019,1,0.680723277
BS42C,BEPA,2_to_4,2019,7/9/2019,1,0.680723277
PSA3,BEPA,2_to_4,2014,NA,1,0.680723277
PSA3,BEPA,2_to_4,2019,7/17/2019,1,0.680723277
AC107,PIRE,0_to_2,2019,7/17/2019,13,0.6838
BP54#2,PIRE,0_to_2,2019,7/11/2019,13,0.6838
DNR3,PIST,2_to_4,2014,7/29/2014,1,0.689495938
DNR1,POGR,0_to_2,2019,7/8/2019,5,0.6935
BF8,PIST,0_to_2,2014,6/19/2014,18,0.7344
BF8,PIST,0_to_2,2014,NA,18,0.7344
BP80#1,PIST,0_to_2,2019,7/23/2019,18,0.7344
BP98#2,PIST,0_to_2,2019,7/19/2019,18,0.7344
PSA3,PIST,0_to_2,2019,7/17/2019,18,0.7344
BP80#3,PIRE,0_to_2,2019,7/17/2019,14,0.7364
BF8,ACRU,0_to_2,2014,6/19/2014,24,0.74808
BF8,ACRU,0_to_2,2014,NA,24,0.74808
BF7,FAGR,0_to_2,2014,NA,4,0.7568
BF8,FAGR,0_to_2,2014,6/19/2014,4,0.7568
BF8,FAGR,0_to_2,2014,NA,4,0.7568
BP17#1,FAGR,0_to_2,2019,7/22/2019,4,0.7568
BP36#1,FAGR,0_to_2,2014,7/31/2014,4,0.7568
BP36#2,FAGR,0_to_2,2014,7/31/2014,4,0.7568
BS42C,FAGR,0_to_2,2014,6/12/2014,4,0.7568
BP17#3,PIRE,0_to_2,2019,7/22/2019,15,0.789
BS42A,AMSP,0_to_2,2014,7/28/2014,5,0.815
PSA1,AMSP,0_to_2,2014,7/17/2014,5,0.815
BF7,QURU,2_to_4,2014,NA,1,0.83778226
BP36#2,QURU,2_to_4,2014,7/31/2014,1,0.83778226
BP54#1,QURU,2_to_4,2014,NA,1,0.83778226
BP54#2,QURU,2_to_4,2019,7/11/2019,1,0.83778226
BS40E,QURU,2_to_4,2014,7/28/2014,1,0.83778226
BS40X,QURU,2_to_4,2014,7/28/2014,1,0.83778226
BS40X,QURU,2_to_4,2019,8/16/2019,1,0.83778226
DNR3,QURU,2_to_4,2019,7/8/2019,1,0.83778226
BP80#2,PIRE,0_to_2,2014,7/17/2014,16,0.8416
BP17#1,PIRE,2_to_4,2019,7/22/2019,1,0.843526264
BP17#2,PIRE,2_to_4,2019,7/22/2019,1,0.843526264
BP36#1,PIRE,2_to_4,2019,7/16/2019,1,0.843526264
BP36#2,PIRE,2_to_4,2019,7/12/2019,1,0.843526264
BP98#2,PIRE,2_to_4,2019,7/19/2019,1,0.843526264
BS40E,PIRE,2_to_4,2019,8/16/2019,1,0.843526264
BS40F,PIRE,2_to_4,2019,8/16/2019,1,0.843526264
BS42A,PIRE,2_to_4,2014,7/28/2014,1,0.843526264
BS42B,PIRE,2_to_4,2019,7/10/2019,1,0.843526264
BS42C,PIRE,2_to_4,2014,6/12/2014,1,0.843526264
PSA2,PIRE,2_to_4,2019,7/16/2019,1,0.843526264
PSA3,PIRE,2_to_4,2014,NA,1,0.843526264
PSA3,PIRE,2_to_4,2019,7/17/2019,1,0.843526264
BP80#3,PIST,0_to_2,2019,7/17/2019,21,0.8568
DNR1,ACRU,0_to_2,2019,7/8/2019,28,0.87276
AC104,PIRE,0_to_2,2019,7/9/2019,17,0.8942
BP80#1,PIRE,0_to_2,2014,7/31/2014,17,0.8942
BP80#2,PIST,0_to_2,2014,7/17/2014,22,0.8976
BS42B,FAGR,0_to_2,2014,7/28/2014,5,0.946
AC103,PIRE,0_to_2,2014,6/10/2014,18,0.9468
BP80#1,PIRE,0_to_2,2019,7/23/2019,18,0.9468
BP80#2,ACRU,0_to_2,2019,7/22/2019,31,0.96627
DNR2,ACRU,0_to_2,2019,7/8/2019,31,0.96627
BS42A,AMSP,0_to_2,2019,7/10/2019,6,0.978
BP98#1,ACRU,0_to_2,2014,7/30/2014,32,0.99744
BP17#1,PIST,0_to_2,2019,7/22/2019,25,1.02
BP80#1,PIST,0_to_2,2014,7/31/2014,25,1.02
PSA1,ACRU,0_to_2,2014,7/17/2014,33,1.02861
PSA2,ACRU,0_to_2,2014,NA,33,1.02861
AC107,PIST,0_to_2,2014,6/12/2014,26,1.0608
BP80#3,POGR,0_to_2,2014,7/31/2014,8,1.1096
PSA3,POGR,0_to_2,2014,NA,8,1.1096
DNR3,AMSP,0_to_2,2014,7/29/2014,7,1.141
BF8,PIST,0_to_2,2019,7/15/2019,28,1.1424
BP36#1,QURU,0_to_2,2019,7/16/2019,29,1.1542
AC107,ABBA,2_to_4,2019,7/17/2019,1,1.165287362
BF8,ABBA,2_to_4,2019,7/15/2019,1,1.165287362
BS40E,ABBA,2_to_4,2019,8/16/2019,1,1.165287362
BF8,ABBA,2_to_4,2014,6/19/2014,1,1.168394795
BF8,ABBA,2_to_4,2014,NA,1,1.168394795
BP54#2,PIST,0_to_2,2019,7/11/2019,29,1.1832
BP80#2,PIST,0_to_2,2019,7/22/2019,30,1.224
BP80#2,POGR,0_to_2,2014,7/17/2014,9,1.2483
BP17#2,PIST,0_to_2,2019,7/22/2019,31,1.2648
BS42B,AMSP,0_to_2,2019,7/10/2019,8,1.304
BP80#2,ACRU,0_to_2,2014,7/17/2014,42,1.30914
BP80#2,PIRE,0_to_2,2019,7/22/2019,25,1.315
BP36#1,ACRU,2_to_4,2019,7/16/2019,2,1.318893244
BS40E,ACRU,2_to_4,2019,8/16/2019,2,1.318893244
BF8,FAGR,0_to_2,2019,7/15/2019,7,1.3244
BS42A,FAGR,0_to_2,2014,7/28/2014,7,1.3244
PSA3,FAGR,0_to_2,2019,7/17/2019,7,1.3244
DNR1,BEPA,2_to_4,2014,7/29/2014,2,1.361446554
DNR2,BEPA,2_to_4,2014,7/29/2014,2,1.361446554
AC104,PIST,2_to_4,2019,7/9/2019,2,1.378991876
DNR3,PIST,2_to_4,2019,7/8/2019,2,1.378991876
BP80#3,PIST,0_to_2,2014,7/31/2014,34,1.3872
AC103,PIRE,0_to_2,2019,7/9/2019,27,1.4202
BP98#2,FAGR,0_to_2,2014,7/30/2014,8,1.5136
BS42A,FAGR,0_to_2,2019,7/10/2019,8,1.5136
PSA3,FAGR,0_to_2,2014,NA,8,1.5136
BP80#1,POGR,0_to_2,2014,7/31/2014,11,1.5257
DNR2,POGR,0_to_2,2014,7/29/2014,11,1.5257
BP80#1,ACRU,0_to_2,2014,7/31/2014,49,1.52733
PSA2,PIST,0_to_2,2014,NA,39,1.5912
DNR3,ACRU,0_to_2,2019,7/8/2019,52,1.62084
BP54#2,PIST,0_to_2,2014,NA,40,1.632
DNR3,POGR,0_to_2,2019,7/8/2019,12,1.6644
BF8,QURU,2_to_4,2019,7/15/2019,2,1.67556452
BS40F,QURU,2_to_4,2019,8/16/2019,2,1.67556452
BP36#1,PIRE,2_to_4,2014,7/31/2014,2,1.687052528
BP54#2,PIRE,2_to_4,2014,NA,2,1.687052528
BS40F,PIRE,2_to_4,2014,6/13/2014,2,1.687052528
BS42B,PIRE,2_to_4,2014,7/28/2014,2,1.687052528
AC107,FAGR,0_to_2,2014,6/12/2014,9,1.7028
BP36#1,QURU,0_to_2,2014,7/31/2014,43,1.7114
PSA2,PIST,0_to_2,2019,7/16/2019,42,1.7136
DNR1,ACRU,0_to_2,2014,7/29/2014,56,1.74552
BP54#1,PIST,0_to_2,2019,7/11/2019,44,1.7952
BP36#1,POGR,2_to_4,2014,7/31/2014,1,1.833225904
BP36#2,POGR,2_to_4,2014,7/31/2014,1,1.833225904
BP54#2,POGR,2_to_4,2019,7/11/2019,1,1.833225904
BS42A,POGR,2_to_4,2014,7/28/2014,1,1.833225904
PSA3,POGR,2_to_4,2019,7/17/2019,1,1.833225904
BP98#2,FAGR,0_to_2,2019,7/19/2019,10,1.892
BS42B,PIGL,2_to_4,2014,7/28/2014,1,1.941807365
AC107,ACRU,2_to_4,2014,6/12/2014,3,1.978339866
AC107,ACRU,2_to_4,2019,7/17/2019,3,1.978339866
BS40F,ACRU,2_to_4,2014,6/13/2014,3,1.978339866
DNR3,BEPA,2_to_4,2014,7/29/2014,3,2.042169831
BP98#1,PIST,2_to_4,2019,7/19/2019,3,2.068487815
BP98#2,PIST,2_to_4,2019,7/19/2019,3,2.068487815
BP80#3,ACRU,0_to_2,2019,7/17/2019,70,2.1819
DNR2,ACRU,0_to_2,2014,7/29/2014,70,2.1819
BP54#2,ACSA,2_to_4,2019,7/11/2019,1,2.222482401
BS42C,COCO,0_to_2,2019,7/9/2019,9,2.223695438
BP17#3,PIST,0_to_2,2019,7/22/2019,55,2.244
BP54#1,PIST,0_to_2,2014,NA,55,2.244
BS42C,FAGR,0_to_2,2019,7/9/2019,12,2.2704
BP36#1,PIST,0_to_2,2014,7/31/2014,57,2.3256
BS42A,ABBA,2_to_4,2014,7/28/2014,2,2.33678959
AC104,FAGR,2_to_4,2014,6/11/2014,1,2.392919529
AC104,FAGR,2_to_4,2019,7/9/2019,1,2.392919529
AC107,FAGR,2_to_4,2014,6/12/2014,1,2.392919529
BF8,FAGR,2_to_4,2019,7/15/2019,1,2.392919529
BP36#1,FAGR,2_to_4,2019,7/16/2019,1,2.392919529
BS42B,FAGR,2_to_4,2014,7/28/2014,1,2.392919529
BS42C,FAGR,2_to_4,2014,6/12/2014,1,2.392919529
DNR2,FAGR,2_to_4,2014,7/29/2014,1,2.392919529
DNR3,ACRU,0_to_2,2014,7/29/2014,77,2.40009
AC107,PIST,0_to_2,2019,7/17/2019,59,2.4072
BP36#1,PIST,0_to_2,2019,7/16/2019,60,2.448
AC107,FAGR,0_to_2,2019,7/17/2019,13,2.4596
BS40F,PIST,0_to_2,2014,6/13/2014,61,2.4888
BP98#2,ACRU,0_to_2,2019,7/19/2019,80,2.4936
AC104,QURU,2_to_4,2014,6/11/2014,3,2.51334678
BF8,QURU,2_to_4,2014,6/19/2014,3,2.51334678
BF8,QURU,2_to_4,2014,NA,3,2.51334678
BP36#2,QURU,2_to_4,2019,7/12/2019,3,2.51334678
BP54#2,QURU,2_to_4,2014,NA,3,2.51334678
BP80#1,QURU,2_to_4,2014,7/31/2014,3,2.51334678
DNR3,QURU,2_to_4,2014,7/29/2014,3,2.51334678
DNR3,AMSP,2_to_4,2014,7/29/2014,1,2.524224709
DNR3,AMSP,2_to_4,2019,7/8/2019,1,2.524224709
PSA2,AMSP,2_to_4,2014,NA,1,2.524224709
AC103,PIRE,2_to_4,2014,6/10/2014,3,2.530578792
BP54#2,PIRE,2_to_4,2019,7/11/2019,3,2.530578792
BP80#3,PIRE,2_to_4,2014,7/31/2014,3,2.530578792
BS40E,PIRE,2_to_4,2014,7/28/2014,3,2.530578792
BS40X,PIRE,2_to_4,2019,8/16/2019,3,2.530578792
BS42C,PIRE,2_to_4,2019,7/9/2019,3,2.530578792
AC103,PIST,4_to_6,2019,7/9/2019,1,2.567198612
DNR3,PIST,4_to_6,2014,7/29/2014,1,2.567198612
BP36#2,PIST,0_to_2,2014,7/31/2014,63,2.5704
BS40F,PIST,0_to_2,2019,8/16/2019,64,2.6112
AC104,ACRU,2_to_4,2019,7/9/2019,4,2.637786488
BP36#1,ACRU,2_to_4,2014,7/31/2014,4,2.637786488
BS42B,ACRU,2_to_4,2014,7/28/2014,4,2.637786488
BS42C,PIST,0_to_2,2014,6/12/2014,66,2.6928
AC107,ACRU,4_to_6,2019,7/17/2019,1,2.725683809
BS40E,ACRU,4_to_6,2014,7/28/2014,1,2.725683809
BS40F,ACRU,4_to_6,2019,8/16/2019,1,2.725683809
BS40X,ACRU,4_to_6,2014,7/28/2014,1,2.725683809
BS42A,ACRU,4_to_6,2014,7/28/2014,1,2.725683809
BS42A,ACRU,4_to_6,2019,7/10/2019,1,2.725683809
BS42C,ACRU,4_to_6,2014,6/12/2014,1,2.725683809
BS42C,ACRU,4_to_6,2019,7/9/2019,1,2.725683809
AC103,PIST,2_to_4,2014,6/10/2014,4,2.757983753
AC103,PIST,2_to_4,2019,7/9/2019,4,2.757983753
PSA3,PIST,2_to_4,2019,7/17/2019,4,2.757983753
BP98#2,ACRU,0_to_2,2014,7/30/2014,89,2.77413
BS42B,FAGR,0_to_2,2019,7/10/2019,15,2.838
BP36#2,BEPA,4_to_6,2014,7/31/2014,1,2.902235479
BP54#2,BEPA,4_to_6,2014,NA,1,2.902235479
BP54#2,BEPA,4_to_6,2019,7/11/2019,1,2.902235479
BS42A,BEPA,4_to_6,2019,7/10/2019,1,2.902235479
DNR2,BEPA,4_to_6,2019,7/8/2019,1,2.902235479
DNR3,BEPA,4_to_6,2014,7/29/2014,1,2.902235479
PSA2,BEPA,4_to_6,2019,7/16/2019,1,2.902235479
PSA3,BEPA,4_to_6,2014,NA,1,2.902235479
PSA3,BEPA,4_to_6,2019,7/17/2019,1,2.902235479
BP80#3,ACRU,0_to_2,2014,7/31/2014,96,2.99232
AC104,PIRE,4_to_6,2014,6/11/2014,1,3.065096704
AC104,PIRE,4_to_6,2019,7/9/2019,1,3.065096704
AC107,PIRE,4_to_6,2019,7/17/2019,1,3.065096704
BP17#1,PIRE,4_to_6,2019,7/22/2019,1,3.065096704
BP54#1,PIRE,4_to_6,2019,7/11/2019,1,3.065096704
BP80#1,PIRE,4_to_6,2014,7/31/2014,1,3.065096704
BP80#3,PIRE,4_to_6,2014,7/31/2014,1,3.065096704
BS40E,PIRE,4_to_6,2014,7/28/2014,1,3.065096704
BS40F,PIRE,4_to_6,2014,6/13/2014,1,3.065096704
PSA2,PIRE,4_to_6,2014,NA,1,3.065096704
BS42B,AMSP,0_to_2,2014,7/28/2014,19,3.097
BP98#1,POGR,0_to_2,2019,7/19/2019,23,3.1901
BF7,ACRU,2_to_4,2019,7/15/2019,5,3.29723311
BS42C,PIST,0_to_2,2019,7/9/2019,82,3.3456
BP80#1,QURU,2_to_4,2019,7/23/2019,4,3.35112904
BP80#3,QURU,2_to_4,2019,7/17/2019,4,3.35112904
BS40E,QURU,2_to_4,2019,8/16/2019,4,3.35112904
PSA2,QURU,2_to_4,2019,7/16/2019,4,3.35112904
BF7,PIRE,2_to_4,2014,NA,4,3.374105056
BP80#2,PIRE,2_to_4,2014,7/17/2014,4,3.374105056
PSA2,PIST,2_to_4,2014,NA,5,3.447479691
AC104,QURU,4_to_6,2019,7/9/2019,1,3.454669312
BF7,QURU,4_to_6,2019,7/15/2019,1,3.454669312
BP54#1,QURU,4_to_6,2019,7/11/2019,1,3.454669312
BP98#1,QURU,4_to_6,2014,7/30/2014,1,3.454669312
BS40X,QURU,4_to_6,2019,8/16/2019,1,3.454669312
PSA2,QURU,4_to_6,2019,7/16/2019,1,3.454669312
BP54#2,COCO,2_to_4,2019,7/11/2019,1,3.557311036
AC104,POGR,2_to_4,2019,7/9/2019,2,3.666451809
BP54#1,POGR,2_to_4,2014,NA,2,3.666451809
BP36#2,PIST,0_to_2,2019,7/12/2019,95,3.876
BP98#2,POTR,4_to_6,2014,7/30/2014,1,4.016641778
BS42A,ABBA,4_to_6,2019,7/10/2019,1,4.172432929
BS40E,ABBA,4_to_6,2014,7/28/2014,1,4.183559417
BP80#3,QURU,2_to_4,2014,7/31/2014,5,4.1889113
PSA2,QURU,2_to_4,2014,NA,5,4.1889113
AC107,PIRE,2_to_4,2014,6/12/2014,5,4.21763132
BP54#1,PIRE,2_to_4,2014,NA,5,4.21763132
DNR3,POGR,0_to_2,2014,7/29/2014,32,4.4384
AC104,ACRU,2_to_4,2014,6/11/2014,7,4.616126354
BS40X,PIST,0_to_2,2019,8/16/2019,115,4.692
DNR1,POGR,0_to_2,2014,7/29/2014,34,4.7158
AC107,FAGR,2_to_4,2019,7/17/2019,2,4.785839058
BF8,FAGR,2_to_4,2014,6/19/2014,2,4.785839058
BF8,FAGR,2_to_4,2014,NA,2,4.785839058
BS40X,PIST,0_to_2,2014,7/28/2014,120,4.896
BP80#2,QURU,2_to_4,2019,7/22/2019,6,5.026693559
BP98#2,QURU,2_to_4,2019,7/19/2019,6,5.026693559
BS40F,QURU,2_to_4,2014,6/13/2014,6,5.026693559
BP98#2,QURU,2_to_4,2014,7/30/2014,6,5.02669356
BP36#1,AMSP,2_to_4,2019,7/16/2019,2,5.048449419
BP54#1,AMSP,2_to_4,2019,7/11/2019,2,5.048449419
BP80#3,AMSP,2_to_4,2014,7/31/2014,2,5.048449419
AC107,PIRE,2_to_4,2019,7/17/2019,6,5.061157584
BF7,PIRE,2_to_4,2019,7/15/2019,6,5.061157584
BP80#1,PIRE,2_to_4,2014,7/31/2014,6,5.061157584
AC104,PIST,4_to_6,2019,7/9/2019,2,5.134397224
BP17#2,PIST,4_to_6,2019,7/22/2019,2,5.134397224
DNR1,PIST,4_to_6,2014,7/29/2014,2,5.134397224
BF7,PIST,0_to_2,2019,7/15/2019,129,5.2632
BP54#1,ACRU,2_to_4,2019,7/11/2019,8,5.275572975
BF7,PIST,0_to_2,2014,NA,131,5.3448
BP36#1,ACRU,4_to_6,2019,7/16/2019,2,5.451367617
PSA1,POGR,2_to_4,2014,7/17/2014,3,5.499677713
PSA2,PIST,2_to_4,2019,7/16/2019,8,5.515967506
BP80#2,BEPA,4_to_6,2019,7/22/2019,2,5.804470958
DNR1,BEPA,4_to_6,2014,7/29/2014,2,5.804470958
AC104,QURU,2_to_4,2019,7/9/2019,7,5.864475819
DNR2,QURU,2_to_4,2019,7/8/2019,7,5.864475819
PSA1,QURU,2_to_4,2019,7/16/2019,7,5.864475819
PSA3,QURU,2_to_4,2019,7/17/2019,7,5.864475819
BP80#2,PIRE,2_to_4,2019,7/22/2019,7,5.904683848
AC103,ACRU,2_to_4,2019,7/9/2019,9,5.935019597
BF7,ACRU,2_to_4,2014,NA,9,5.935019597
BP36#2,ACRU,2_to_4,2014,7/31/2014,9,5.935019597
BP36#2,ACRU,2_to_4,2019,7/12/2019,9,5.935019597
AC103,ACRU,2_to_4,2014,6/10/2014,9,5.935019598
AC104,POGR,4_to_6,2019,7/9/2019,1,6.08858225
BP36#1,POGR,4_to_6,2019,7/16/2019,1,6.08858225
BP36#2,POGR,4_to_6,2014,7/31/2014,1,6.08858225
AC103,PIST,6_to_8,2014,6/10/2014,1,6.102671164
AC103,PIST,6_to_8,2019,7/9/2019,1,6.102671164
BF8,PIST,6_to_8,2014,6/19/2014,1,6.102671164
BF8,PIST,6_to_8,2014,NA,1,6.102671164
DNR3,PIST,6_to_8,2019,7/8/2019,1,6.102671164
PSA3,PIST,6_to_8,2019,7/17/2019,1,6.102671164
BS42B,PIGL,4_to_6,2019,7/10/2019,1,6.122406102
AC103,PIRE,4_to_6,2019,7/9/2019,2,6.130193408
BP80#2,PIRE,4_to_6,2014,7/17/2014,2,6.130193408
BP80#3,PIRE,4_to_6,2019,7/17/2019,2,6.130193408
BS40E,PIRE,4_to_6,2019,8/16/2019,2,6.130193408
BS42A,PIRE,4_to_6,2014,7/28/2014,2,6.130193408
BS42A,PIRE,4_to_6,2019,7/10/2019,2,6.130193408
BS42B,PIRE,4_to_6,2014,7/28/2014,2,6.130193408
BS42B,PIRE,4_to_6,2019,7/10/2019,2,6.130193408
BS42C,PIRE,4_to_6,2019,7/9/2019,2,6.130193408
BS40E,PIST,0_to_2,2019,8/16/2019,154,6.2832
BP54#1,ACRU,2_to_4,2014,NA,10,6.59446622
PSA1,QURU,2_to_4,2014,7/17/2014,8,6.702258079
BS40X,PIRE,2_to_4,2014,7/28/2014,8,6.748210112
BP17#1,PIST,2_to_4,2019,7/22/2019,10,6.894959382
BP80#3,QURU,4_to_6,2019,7/17/2019,2,6.909338623
BS40E,QURU,4_to_6,2014,7/28/2014,2,6.909338623
BS40E,QURU,4_to_6,2019,8/16/2019,2,6.909338623
DNR3,QURU,4_to_6,2019,7/8/2019,2,6.909338623
PSA1,QURU,4_to_6,2019,7/16/2019,2,6.909338623
DNR3,QURU,4_to_6,2014,7/29/2014,2,6.909338624
AC104,ACRU,6_to_8,2014,6/11/2014,1,6.94095386
BP17#1,ACRU,6_to_8,2019,7/22/2019,1,6.94095386
BS40F,ACRU,6_to_8,2014,6/13/2014,1,6.94095386
BS42A,ACRU,6_to_8,2014,7/28/2014,1,6.94095386
BS42C,ACRU,6_to_8,2014,6/12/2014,1,6.94095386
BS42A,COCO,2_to_4,2019,7/10/2019,2,7.114622072
AC103,PIRE,6_to_8,2019,7/9/2019,1,7.170251246
AC104,PIRE,6_to_8,2014,6/11/2014,1,7.170251246
AC107,PIRE,6_to_8,2014,6/12/2014,1,7.170251246
BF7,PIRE,6_to_8,2014,NA,1,7.170251246
BF7,PIRE,6_to_8,2019,7/15/2019,1,7.170251246
BP17#1,PIRE,6_to_8,2019,7/22/2019,1,7.170251246
BP80#1,PIRE,6_to_8,2019,7/23/2019,1,7.170251246
BS40E,PIRE,6_to_8,2014,7/28/2014,1,7.170251246
BS40X,PIRE,6_to_8,2019,8/16/2019,1,7.170251246
BS42A,PIRE,6_to_8,2014,7/28/2014,1,7.170251246
BS42C,PIRE,6_to_8,2014,6/12/2014,1,7.170251246
BS42C,PIRE,6_to_8,2019,7/9/2019,1,7.170251246
PSA1,PIRE,6_to_8,2014,7/17/2014,1,7.170251246
PSA1,PIRE,6_to_8,2019,7/16/2019,1,7.170251246
BS42B,FAGR,2_to_4,2019,7/10/2019,3,7.178758588
BP54#2,ACSA,4_to_6,2019,7/11/2019,1,7.358055517
BP98#2,POTR,2_to_4,2014,7/30/2014,7,7.361069981
BP80#2,BEPA,6_to_8,2014,7/17/2014,1,7.543038108
BS40F,BEPA,6_to_8,2014,6/13/2014,1,7.543038108
BS40F,BEPA,6_to_8,2019,8/16/2019,1,7.543038108
BS42A,BEPA,6_to_8,2014,7/28/2014,1,7.543038108
BS42B,BEPA,6_to_8,2014,7/28/2014,1,7.543038108
BS42C,BEPA,6_to_8,2014,6/12/2014,1,7.543038108
DNR2,BEPA,6_to_8,2014,7/29/2014,1,7.543038108
DNR2,BEPA,6_to_8,2019,7/8/2019,1,7.543038108
BP36#1,AMSP,2_to_4,2014,7/31/2014,3,7.572674128
BS40F,AMSP,2_to_4,2014,6/13/2014,3,7.572674128
BS42C,AMSP,2_to_4,2014,6/12/2014,3,7.572674128
PSA1,AMSP,2_to_4,2014,7/17/2014,3,7.572674128
BF8,PIST,2_to_4,2014,6/19/2014,11,7.58445532
BF8,PIST,2_to_4,2014,NA,11,7.58445532
BP54#1,PIRE,2_to_4,2019,7/11/2019,9,7.591736376
BP80#3,PIRE,2_to_4,2019,7/17/2019,9,7.591736376
BS42C,AMSP,0_to_2,2014,6/12/2014,47,7.661
PSA2,PIST,4_to_6,2019,7/16/2019,3,7.701595835
AC104,PIST,4_to_6,2014,6/11/2014,3,7.701595836
BF8,PIST,4_to_6,2014,6/19/2014,3,7.701595836
BF8,PIST,4_to_6,2014,NA,3,7.701595836
BP17#2,FAGR,4_to_6,2019,7/22/2019,1,7.786318258
BS42B,FAGR,4_to_6,2014,7/28/2014,1,7.786318258
BS42C,FAGR,4_to_6,2019,7/9/2019,1,7.786318258
DNR1,FAGR,4_to_6,2014,7/29/2014,1,7.786318258
DNR3,FAGR,4_to_6,2014,7/29/2014,1,7.786318258
BP98#1,POGR,0_to_2,2014,7/30/2014,57,7.9059
BS42A,PIST,0_to_2,2019,7/10/2019,195,7.956
BS40E,PIST,0_to_2,2014,7/28/2014,198,8.0784
AC104,ACRU,4_to_6,2014,6/11/2014,3,8.177051426
AC104,ACRU,4_to_6,2019,7/9/2019,3,8.177051426
BF8,PIST,2_to_4,2019,7/15/2019,12,8.273951259
PSA1,PIST,2_to_4,2014,7/17/2014,12,8.273951259
PSA1,PIST,2_to_4,2019,7/16/2019,12,8.273951259
BS42A,PIST,0_to_2,2014,7/28/2014,208,8.4864
BP80#2,BEPA,4_to_6,2014,7/17/2014,3,8.706706436
AC104,QURU,6_to_8,2014,6/11/2014,1,8.783709746
BF7,QURU,6_to_8,2014,NA,1,8.783709746
BP36#1,QURU,6_to_8,2019,7/16/2019,1,8.783709746
BP36#2,QURU,6_to_8,2014,7/31/2014,1,8.783709746
BP98#1,QURU,6_to_8,2019,7/19/2019,1,8.783709746
BS40F,QURU,6_to_8,2014,6/13/2014,1,8.783709746
BS40X,QURU,6_to_8,2014,7/28/2014,1,8.783709746
BS40X,QURU,6_to_8,2019,8/16/2019,1,8.783709746
DNR3,QURU,6_to_8,2014,7/29/2014,1,8.783709746
PSA2,QURU,6_to_8,2014,NA,1,8.783709746
BS42C,AMSP,0_to_2,2019,7/9/2019,55,8.965
BP36#1,AMSP,4_to_6,2014,7/31/2014,1,9.024409525
BP54#1,AMSP,4_to_6,2014,NA,1,9.024409525
BS40F,AMSP,4_to_6,2014,6/13/2014,1,9.024409525
PSA2,POGR,2_to_4,2014,NA,5,9.166129522
BP80#1,PIRE,4_to_6,2019,7/23/2019,3,9.195290112
BF8,ACRU,2_to_4,2019,7/15/2019,14,9.232252707
BP17#2,FAGR,2_to_4,2019,7/22/2019,4,9.571678117
BS42A,FAGR,2_to_4,2014,7/28/2014,4,9.571678117
BP80#1,PIST,2_to_4,2019,7/23/2019,14,9.652943135
BS40E,ABBA,6_to_8,2019,8/16/2019,1,9.666540377
BS40F,ABBA,6_to_8,2019,8/16/2019,1,9.666540377
BS42B,ABBA,6_to_8,2019,7/10/2019,1,9.666540377
BS42C,ABBA,6_to_8,2019,7/9/2019,1,9.666540377
BS40E,ABBA,6_to_8,2014,7/28/2014,1,9.692317818
BS40F,ABBA,6_to_8,2014,6/13/2014,1,9.692317818
BS42A,ABBA,6_to_8,2014,7/28/2014,1,9.692317818
BS42B,ABBA,6_to_8,2014,7/28/2014,1,9.692317818
BS42C,ABBA,6_to_8,2014,6/12/2014,1,9.692317818
BP98#2,POTR,6_to_8,2014,7/30/2014,1,9.710240864
BP98#2,POTR,6_to_8,2019,7/19/2019,1,9.710240864
BS42B,PIST,0_to_2,2019,7/10/2019,239,9.7512
BF8,ACRU,2_to_4,2014,6/19/2014,15,9.891699329
BF8,ACRU,2_to_4,2014,NA,15,9.891699329
DNR1,QURU,2_to_4,2019,7/8/2019,12,10.05338712
BF8,PIST,4_to_6,2019,7/15/2019,4,10.26879445
PSA2,PIST,4_to_6,2014,NA,4,10.26879445
BP17#2,PIST,2_to_4,2019,7/22/2019,15,10.34243907
BP54#1,QURU,4_to_6,2014,NA,3,10.36400793
BP54#2,QURU,4_to_6,2014,NA,3,10.36400793
BP80#1,QURU,4_to_6,2019,7/23/2019,3,10.36400793
BP80#2,QURU,4_to_6,2019,7/22/2019,3,10.36400793
BS40F,QURU,4_to_6,2014,6/13/2014,3,10.36400793
PSA1,QURU,4_to_6,2014,7/17/2014,3,10.36400794
PSA3,QURU,2_to_4,2014,NA,13,10.89116938
AC103,ACRU,4_to_6,2014,6/10/2014,4,10.90273523
BP36#1,ACRU,4_to_6,2014,7/31/2014,4,10.90273523
BP80#1,PIRE,2_to_4,2019,7/23/2019,13,10.96584143
BP80#2,POGR,2_to_4,2019,7/22/2019,6,10.99935543
DNR2,QURU,2_to_4,2014,7/29/2014,14,11.72895164
BS42A,FAGR,2_to_4,2019,7/10/2019,5,11.96459765
DNR1,FAGR,2_to_4,2019,7/8/2019,5,11.96459765
BP54#2,POGR,4_to_6,2014,NA,2,12.1771645
BP17#1,PIST,6_to_8,2019,7/22/2019,2,12.20534233
BP80#3,PIST,6_to_8,2014,7/31/2014,2,12.20534233
PSA2,PIST,6_to_8,2019,7/16/2019,2,12.20534233
BS42C,PIRE,4_to_6,2014,6/12/2014,4,12.26038682
BP80#2,PIST,2_to_4,2014,7/17/2014,18,12.41092689
BP36#1,QURU,2_to_4,2014,7/31/2014,15,12.5667339
BS42C,AMSP,2_to_4,2019,7/9/2019,5,12.62112355
BF7,PIST,4_to_6,2014,NA,5,12.83599306
BP17#3,PIST,4_to_6,2019,7/22/2019,5,12.83599306
BP36#1,POGR,6_to_8,2014,7/31/2014,1,13.42418212
BP36#1,POGR,6_to_8,2019,7/16/2019,1,13.42418212
AC103,PIRE,2_to_4,2019,7/9/2019,16,13.49642022
BP17#3,PIST,2_to_4,2019,7/22/2019,20,13.78991876
BP80#3,QURU,4_to_6,2014,7/31/2014,4,13.81867724
BF7,QURU,4_to_6,2014,NA,4,13.81867725
BP98#2,QURU,4_to_6,2014,7/30/2014,4,13.81867725
BP98#2,QURU,4_to_6,2019,7/19/2019,4,13.81867725
PSA3,ACRU,2_to_4,2019,7/17/2019,21,13.84837906
BS40E,ACRU,6_to_8,2014,7/28/2014,2,13.88190772
BS40E,ACRU,6_to_8,2019,8/16/2019,2,13.88190772
BS40F,ACRU,6_to_8,2019,8/16/2019,2,13.88190772
BS42B,ACRU,6_to_8,2014,7/28/2014,2,13.88190772
BS42B,ACRU,6_to_8,2019,7/10/2019,2,13.88190772
AC107,PIRE,6_to_8,2019,7/17/2019,2,14.34050249
BS40F,PIRE,6_to_8,2014,6/13/2014,2,14.34050249
BS40F,PIRE,6_to_8,2019,8/16/2019,2,14.34050249
PSA3,FAGR,2_to_4,2019,7/17/2019,6,14.35751718
BF7,PIST,2_to_4,2014,NA,21,14.4794147
BP36#1,PIST,2_to_4,2014,7/31/2014,21,14.4794147
DNR2,BEPA,4_to_6,2014,7/29/2014,5,14.5111774
DNR1,QURU,2_to_4,2014,7/29/2014,18,15.08008068
BP80#2,BEPA,6_to_8,2019,7/22/2019,2,15.08607622
DNR3,BEPA,6_to_8,2014,7/29/2014,2,15.08607622
BP98#1,ACRU,2_to_4,2014,7/30/2014,23,15.1672723
BP54#2,ACRU,2_to_4,2014,NA,23,15.16727231
BS40X,PIRE,4_to_6,2014,7/28/2014,5,15.32548352
PSA1,PIST,4_to_6,2014,7/17/2014,6,15.40319167
BF8,FAGR,4_to_6,2019,7/15/2019,2,15.57263652
BS42B,FAGR,4_to_6,2019,7/10/2019,2,15.57263652
DNR3,FAGR,4_to_6,2019,7/8/2019,2,15.57263652
PSA3,FAGR,4_to_6,2014,NA,2,15.57263652
BP54#2,ACRU,2_to_4,2019,7/11/2019,24,15.82671893
BP36#2,PIST,2_to_4,2014,7/31/2014,23,15.85840658
BP80#1,PIST,2_to_4,2014,7/31/2014,23,15.85840658
PSA2,POTR,4_to_6,2014,NA,4,16.06656711
BS42B,PIST,0_to_2,2014,7/28/2014,396,16.1568
BP98#1,ACRU,2_to_4,2019,7/19/2019,25,16.48616555
PSA3,ACRU,2_to_4,2014,NA,25,16.48616555
PSA3,POGR,2_to_4,2014,NA,9,16.49903314
AC107,PIST,2_to_4,2014,6/12/2014,24,16.54790252
BP80#2,PIST,2_to_4,2019,7/22/2019,24,16.54790252
DNR1,FAGR,2_to_4,2014,7/29/2014,7,16.7504367
BF8,FAGR,6_to_8,2019,7/15/2019,1,16.93729591
BS40E,FAGR,6_to_8,2014,7/28/2014,1,16.93729591
BS40E,FAGR,6_to_8,2019,8/16/2019,1,16.93729591
BP54#1,PIST,2_to_4,2014,NA,25,17.23739846
BP36#1,QURU,4_to_6,2014,7/31/2014,5,17.27334656
BP36#1,QURU,4_to_6,2019,7/16/2019,5,17.27334656
BS40F,QURU,4_to_6,2019,8/16/2019,5,17.27334656
BF8,QURU,6_to_8,2019,7/15/2019,2,17.56741949
BP36#2,QURU,6_to_8,2019,7/12/2019,2,17.56741949
BP54#1,QURU,6_to_8,2019,7/11/2019,2,17.56741949
BP80#1,QURU,6_to_8,2019,7/23/2019,2,17.56741949
BP80#3,QURU,6_to_8,2014,7/31/2014,2,17.56741949
BS40F,QURU,6_to_8,2019,8/16/2019,2,17.56741949
AC107,PIST,2_to_4,2019,7/17/2019,26,17.92689439
BP17#1,PIST,4_to_6,2019,7/22/2019,7,17.97039028
BP80#1,PIST,4_to_6,2014,7/31/2014,7,17.97039028
BS40F,AMSP,4_to_6,2019,8/16/2019,2,18.04881905
AC104,PIST,6_to_8,2014,6/11/2014,3,18.30801349
AC104,PIST,6_to_8,2019,7/9/2019,3,18.30801349
BF8,PIST,6_to_8,2019,7/15/2019,3,18.30801349
BS42B,PIST,6_to_8,2014,7/28/2014,3,18.30801349
BP80#2,PIRE,4_to_6,2019,7/22/2019,6,18.39058022
BS40X,PIRE,4_to_6,2019,8/16/2019,6,18.39058022
BP36#1,QURU,2_to_4,2019,7/16/2019,22,18.43120972
PSA2,ACRU,2_to_4,2019,7/16/2019,28,18.46450541
BP36#2,ACRU,4_to_6,2019,7/12/2019,7,19.07978666
BP98#2,POGR,0_to_2,2019,7/19/2019,138,19.1406
PSA3,FAGR,2_to_4,2014,NA,8,19.14335623
AC107,QURU,2_to_4,2019,7/17/2019,23,19.26899198
PSA2,POTR,6_to_8,2014,NA,2,19.42048173
BF7,PIST,4_to_6,2019,7/15/2019,8,20.53758889
BP54#2,PIST,4_to_6,2014,NA,8,20.53758889
PSA1,PIST,4_to_6,2019,7/16/2019,8,20.53758889
BP80#2,QURU,4_to_6,2014,7/17/2014,6,20.72801587
PSA2,QURU,4_to_6,2014,NA,6,20.72801587
BP36#1,ACRU,6_to_8,2014,7/31/2014,3,20.82286158
BP36#1,ACRU,6_to_8,2019,7/16/2019,3,20.82286158
AC107,QURU,2_to_4,2014,6/12/2014,25,20.9445565
BP54#1,PIST,2_to_4,2019,7/11/2019,31,21.37437408
BP80#3,PIRE,6_to_8,2019,7/17/2019,3,21.51075374
BS42B,PIRE,6_to_8,2019,7/10/2019,3,21.51075374
BP36#2,ACRU,4_to_6,2014,7/31/2014,8,21.80547047
BP80#3,PIST,2_to_4,2019,7/17/2019,32,22.06387002
DNR1,BEPA,6_to_8,2014,7/29/2014,3,22.62911432
DNR1,BEPA,6_to_8,2019,7/8/2019,3,22.62911432
BP36#1,PIST,2_to_4,2019,7/16/2019,34,23.4428619
BP54#2,PIST,2_to_4,2014,NA,34,23.4428619
BP80#1,POGR,2_to_4,2019,7/23/2019,13,23.83193676
AC107,QURU,4_to_6,2014,6/12/2014,7,24.18268518
BP54#1,POGR,4_to_6,2019,7/11/2019,4,24.354329
BP17#2,PIST,6_to_8,2019,7/22/2019,4,24.41068465
BP54#2,PIST,6_to_8,2014,NA,4,24.41068465
BP80#1,PIST,6_to_8,2019,7/23/2019,4,24.41068465
BS42C,PIST,6_to_8,2014,6/12/2014,4,24.41068465
PSA2,PIST,6_to_8,2014,NA,4,24.41068465
AC103,ACRU,4_to_6,2019,7/9/2019,9,24.53115428
BP36#2,PIST,2_to_4,2019,7/12/2019,36,24.82185378
PSA2,ACRU,2_to_4,2014,NA,39,25.71841825
BP54#1,QURU,6_to_8,2014,NA,3,26.35112924
BP80#1,QURU,6_to_8,2014,7/31/2014,3,26.35112924
BP80#2,QURU,6_to_8,2019,7/22/2019,3,26.35112924
BP80#3,QURU,6_to_8,2019,7/17/2019,3,26.35112924
PSA2,QURU,6_to_8,2019,7/16/2019,3,26.35112924
PSA3,QURU,6_to_8,2014,NA,3,26.35112924
BF7,ACRU,4_to_6,2019,7/15/2019,10,27.25683809
BP98#1,ACRU,4_to_6,2019,7/19/2019,10,27.25683809
BP54#2,PIST,2_to_4,2019,7/11/2019,40,27.57983753
BP80#1,QURU,4_to_6,2014,7/31/2014,8,27.63735449
PSA3,QURU,4_to_6,2014,NA,8,27.63735449
PSA3,QURU,4_to_6,2019,7/17/2019,8,27.63735449
BP36#2,ACRU,6_to_8,2019,7/12/2019,4,27.76381544
BP54#1,AMSP,2_to_4,2014,NA,11,27.76647181
BP54#1,PIST,4_to_6,2014,NA,11,28.23918473
BF7,PIST,2_to_4,2019,7/15/2019,41,28.26933347
BS42B,PIRE,6_to_8,2014,7/28/2014,4,28.68100498
BS40X,PIRE,6_to_8,2014,7/28/2014,4,28.68100499
BS42A,ABBA,6_to_8,2019,7/10/2019,3,28.99962113
BP54#1,ACRU,4_to_6,2019,7/11/2019,11,29.98252189
BP54#2,ACRU,4_to_6,2019,7/11/2019,11,29.98252189
PSA3,BEPA,6_to_8,2019,7/17/2019,4,30.17215243
BF7,PIST,6_to_8,2014,NA,5,30.51335582
DNR1,FAGR,4_to_6,2019,7/8/2019,4,31.14527303
PSA3,FAGR,4_to_6,2019,7/17/2019,4,31.14527303
BP80#1,ACRU,2_to_4,2019,7/23/2019,48,31.65343785
PSA1,ACRU,2_to_4,2019,7/16/2019,50,32.9723311
BP80#1,ACRU,2_to_4,2014,7/31/2014,51,33.63177772
BP80#2,ACRU,2_to_4,2019,7/22/2019,51,33.63177772
DNR1,FAGR,6_to_8,2019,7/8/2019,2,33.87459182
PSA3,FAGR,6_to_8,2019,7/17/2019,2,33.87459182
BP36#2,ACRU,6_to_8,2014,7/31/2014,5,34.7047693
BP54#1,ACRU,6_to_8,2014,NA,5,34.7047693
DNR1,POGR,2_to_4,2019,7/8/2019,19,34.83129218
BP98#2,QURU,6_to_8,2019,7/19/2019,4,35.13483898
PSA3,QURU,6_to_8,2019,7/17/2019,4,35.13483898
BP80#3,PIST,2_to_4,2014,7/31/2014,51,35.16429285
PSA1,ACRU,2_to_4,2014,7/17/2014,54,35.61011758
BS42A,PIST,4_to_6,2014,7/28/2014,14,35.94078056
BP80#1,PIST,4_to_6,2019,7/23/2019,14,35.94078057
PSA2,POGR,4_to_6,2019,7/16/2019,6,36.5314935
PSA3,POGR,4_to_6,2019,7/17/2019,6,36.5314935
BS40F,PIST,6_to_8,2014,6/13/2014,6,36.61602698
BS40F,PIST,6_to_8,2019,8/16/2019,6,36.61602698
DNR2,QURU,4_to_6,2014,7/29/2014,11,38.00136242
DNR1,QURU,4_to_6,2019,7/8/2019,11,38.00136243
DNR2,QURU,4_to_6,2019,7/8/2019,11,38.00136243
BF7,ACRU,4_to_6,2014,NA,14,38.15957332
BF8,ACRU,4_to_6,2019,7/15/2019,14,38.15957332
BP98#1,ACRU,4_to_6,2014,7/30/2014,14,38.15957332
BP80#3,POGR,2_to_4,2019,7/17/2019,21,38.49774399
BP36#1,PIST,4_to_6,2014,7/31/2014,15,38.50797917
BS42C,PIST,2_to_4,2014,6/12/2014,57,39.30126848
BP54#2,ACRU,4_to_6,2014,NA,15,40.88525713
PSA3,ACRU,4_to_6,2014,NA,15,40.88525713
DNR2,ACRU,2_to_4,2019,7/8/2019,62,40.88569056
BP36#2,PIST,4_to_6,2019,7/12/2019,16,41.07517779
AC107,QURU,4_to_6,2019,7/17/2019,12,41.45603174
DNR1,ACRU,2_to_4,2014,7/29/2014,63,41.54513718
BP54#1,ACRU,6_to_8,2019,7/11/2019,6,41.64572316
DNR2,POGR,2_to_4,2019,7/8/2019,23,42.1641958
DNR1,ACRU,2_to_4,2019,7/8/2019,64,42.2045838
BP54#1,POGR,4_to_6,2014,NA,7,42.62007575
BF7,PIST,6_to_8,2019,7/15/2019,7,42.71869815
BS42A,PIST,6_to_8,2014,7/28/2014,7,42.71869815
BS42A,PIST,6_to_8,2019,7/10/2019,7,42.71869815
BS42C,PIST,6_to_8,2019,7/9/2019,7,42.71869815
BS40F,PIST,2_to_4,2014,6/13/2014,63,43.43824411
BP54#1,PIST,4_to_6,2019,7/11/2019,17,43.6423764
BP80#2,PIST,4_to_6,2019,7/22/2019,17,43.6423764
BF8,QURU,6_to_8,2014,6/19/2014,5,43.91854873
BF8,QURU,6_to_8,2014,NA,5,43.91854873
DNR2,QURU,6_to_8,2014,7/29/2014,5,43.91854873
DNR2,QURU,6_to_8,2019,7/8/2019,5,43.91854873
BP98#2,POGR,0_to_2,2014,7/30/2014,318,44.1066
BS40F,PIST,2_to_4,2019,8/16/2019,65,44.81723598
BP80#2,ACRU,2_to_4,2014,7/17/2014,68,44.84237029
BP80#3,ACRU,2_to_4,2019,7/17/2019,69,45.50181691
BS42C,PIST,2_to_4,2019,7/9/2019,66,45.50673192
BP36#1,PIST,4_to_6,2019,7/16/2019,18,46.20957501
BP54#2,PIST,4_to_6,2019,7/11/2019,18,46.20957501
PSA3,ACRU,4_to_6,2019,7/17/2019,17,46.33662474
BP80#3,ACRU,2_to_4,2014,7/31/2014,73,48.1396034
DNR2,ACRU,2_to_4,2014,7/29/2014,73,48.1396034
DNR1,QURU,4_to_6,2014,7/29/2014,14,48.36537036
BP98#1,ACRU,6_to_8,2014,7/30/2014,7,48.58667702
BS42C,PIST,4_to_6,2014,6/12/2014,19,48.77677362
BP98#2,ACRU,2_to_4,2014,7/30/2014,74,48.79905002
BP54#2,PIST,6_to_8,2019,7/11/2019,8,48.82136931
BP80#3,PIST,6_to_8,2019,7/17/2019,8,48.82136931
PSA1,PIST,6_to_8,2019,7/16/2019,8,48.82136931
BP54#1,ACRU,4_to_6,2014,NA,18,49.06230856
PSA3,FAGR,6_to_8,2014,NA,3,50.81188773
BP36#2,PIST,4_to_6,2014,7/31/2014,20,51.34397224
BS42A,PIST,4_to_6,2019,7/10/2019,20,51.34397224
BP98#2,QURU,6_to_8,2014,7/30/2014,6,52.70225847
DNR1,QURU,6_to_8,2014,7/29/2014,6,52.70225847
PSA1,QURU,6_to_8,2019,7/16/2019,6,52.70225847
PSA3,BEPA,6_to_8,2014,NA,7,52.80126675
BP54#2,POGR,6_to_8,2019,7/11/2019,4,53.69672849
BS40F,PIST,4_to_6,2019,8/16/2019,21,53.91117085
BS42A,PIST,2_to_4,2019,7/10/2019,79,54.47017912
BP98#2,ACRU,2_to_4,2019,7/19/2019,83,54.73406962
BS40E,PIST,6_to_8,2019,8/16/2019,9,54.92404047
BS42B,PIST,6_to_8,2019,7/10/2019,9,54.92404047
PSA1,PIST,6_to_8,2014,7/17/2014,9,54.92404048
BP80#2,POGR,2_to_4,2014,7/17/2014,30,54.99677713
BP98#2,ACRU,6_to_8,2014,7/30/2014,8,55.52763088
BF8,ACRU,4_to_6,2014,6/19/2014,21,57.23935997
BF8,ACRU,4_to_6,2014,NA,21,57.23935997
DNR3,ACRU,2_to_4,2019,7/8/2019,87,57.37185611
BP80#2,PIST,4_to_6,2014,7/17/2014,23,59.04556807
DNR3,POGR,2_to_4,2019,7/8/2019,33,60.49645485
BS42A,PIST,2_to_4,2014,7/28/2014,88,60.67564257
BP54#1,PIST,6_to_8,2019,7/11/2019,10,61.02671164
DNR1,QURU,6_to_8,2019,7/8/2019,7,61.48596822
PSA1,QURU,6_to_8,2014,7/17/2014,7,61.48596822
AC103,ACRU,6_to_8,2019,7/9/2019,9,62.46858474
AC107,PIST,4_to_6,2014,6/12/2014,25,64.17996529
BP80#1,ACRU,4_to_6,2014,7/31/2014,24,65.41641141
BP36#1,PIST,6_to_8,2019,7/16/2019,11,67.1293828
BP36#2,PIST,6_to_8,2014,7/31/2014,11,67.1293828
BP54#1,PIST,6_to_8,2014,NA,11,67.1293828
DNR3,ACRU,2_to_4,2014,7/29/2014,103,67.92300206
BP80#1,ACRU,4_to_6,2019,7/23/2019,25,68.14209521
AC107,QURU,6_to_8,2014,6/12/2014,8,70.26967797
BP80#2,ACRU,4_to_6,2019,7/22/2019,26,70.86777902
BP36#1,PIST,6_to_8,2014,7/31/2014,12,73.23205396
BP98#2,ACRU,4_to_6,2014,7/30/2014,27,73.59346283
BP80#1,POGR,2_to_4,2014,7/31/2014,41,75.16226208
BP80#2,ACRU,6_to_8,2019,7/22/2019,11,76.35049246
BP98#1,ACRU,6_to_8,2019,7/19/2019,11,76.35049246
AC107,PIST,4_to_6,2019,7/17/2019,30,77.01595835
BS42B,PIST,2_to_4,2014,7/28/2014,112,77.22354508
PSA1,ACRU,4_to_6,2019,7/16/2019,29,79.04483045
PSA1,POGR,4_to_6,2019,7/16/2019,13,79.15156925
BP36#2,PIST,6_to_8,2019,7/12/2019,13,79.33472513
BP80#2,PIST,6_to_8,2014,7/17/2014,13,79.33472513
BP80#2,PIST,6_to_8,2019,7/22/2019,13,79.33472513
BS40X,PIST,6_to_8,2019,8/16/2019,13,79.33472513
BS42B,PIST,4_to_6,2014,7/28/2014,31,79.58315697
PSA1,ACRU,4_to_6,2014,7/17/2014,30,81.77051425
BP98#2,ACRU,4_to_6,2019,7/19/2019,30,81.77051426
BS40E,PIST,2_to_4,2014,7/28/2014,119,82.05001665
AC103,ACRU,6_to_8,2014,6/10/2014,12,83.29144632
BP54#2,ACRU,6_to_8,2014,NA,12,83.29144632
DNR2,POGR,2_to_4,2014,7/29/2014,46,84.3283916
BP80#2,ACRU,4_to_6,2014,7/17/2014,31,84.49619807
BS40E,PIST,4_to_6,2019,8/16/2019,33,84.71755419
BS40F,PIST,4_to_6,2014,6/13/2014,33,84.71755419
PSA1,POGR,4_to_6,2014,7/17/2014,14,85.2401515
BP80#3,PIST,4_to_6,2019,7/17/2019,35,89.85195141
BF7,ACRU,6_to_8,2019,7/15/2019,13,90.23240018
BP54#2,POGR,6_to_8,2014,NA,7,93.96927486
BS42B,PIST,4_to_6,2019,7/10/2019,37,94.98634864
BS40E,PIST,2_to_4,2019,8/16/2019,138,95.15043947
BS42B,PIST,2_to_4,2019,7/10/2019,138,95.15043947
BP80#3,POGR,2_to_4,2014,7/31/2014,52,95.32774702
PSA2,ACRU,4_to_6,2014,NA,35,95.3989333
AC107,QURU,6_to_8,2019,7/17/2019,11,96.6208072
BF7,ACRU,6_to_8,2014,NA,14,97.17335404
PSA3,POGR,4_to_6,2014,NA,16,97.417316
BS42C,PIST,4_to_6,2019,7/9/2019,38,97.55354725
BS40X,PIST,2_to_4,2014,7/28/2014,148,102.0453989
PSA2,POGR,4_to_6,2014,NA,17,103.5058983
BS40E,PIST,6_to_8,2014,7/28/2014,17,103.7454098
BS40X,PIST,6_to_8,2014,7/28/2014,17,103.7454098
BS40X,PIST,2_to_4,2019,8/16/2019,151,104.1138867
BP54#2,ACRU,6_to_8,2019,7/11/2019,15,104.1143079
BP80#1,ACRU,6_to_8,2014,7/31/2014,15,104.1143079
BP80#2,ACRU,6_to_8,2014,7/17/2014,15,104.1143079
BP98#2,ACRU,6_to_8,2019,7/19/2019,15,104.1143079
DNR1,POGR,2_to_4,2014,7/29/2014,58,106.3271025
BP54#1,POGR,6_to_8,2019,7/11/2019,8,107.393457
AC107,PIST,6_to_8,2014,6/12/2014,18,109.8480809
BP80#1,ACRU,6_to_8,2019,7/23/2019,16,111.0552618
PSA2,ACRU,4_to_6,2019,7/16/2019,41,111.7530361
BS40E,PIST,4_to_6,2014,7/28/2014,45,115.5239375
DNR2,ACRU,4_to_6,2019,7/8/2019,43,117.2044038
DNR1,ACRU,4_to_6,2019,7/8/2019,44,119.9300876
BP80#3,ACRU,4_to_6,2014,7/31/2014,45,122.6557714
BP80#3,ACRU,4_to_6,2019,7/17/2019,45,122.6557714
BP98#1,POGR,2_to_4,2019,7/19/2019,68,124.6593615
DNR3,POGR,2_to_4,2014,7/29/2014,68,124.6593615
PSA1,ACRU,6_to_8,2014,7/17/2014,18,124.9371695
DNR2,ACRU,4_to_6,2014,7/29/2014,46,125.3814552
DNR3,ACRU,4_to_6,2019,7/8/2019,46,125.3814552
DNR3,ACRU,4_to_6,2014,7/29/2014,48,130.8328228
PSA3,ACRU,6_to_8,2014,NA,19,131.8781233
BS40X,PIST,4_to_6,2019,8/16/2019,53,136.0615264
DNR1,ACRU,6_to_8,2014,7/29/2014,20,138.8190772
PSA2,ACRU,6_to_8,2014,NA,20,138.8190772
PSA3,ACRU,6_to_8,2019,7/17/2019,20,138.8190772
DNR1,ACRU,4_to_6,2014,7/29/2014,52,141.735558
PSA1,ACRU,6_to_8,2019,7/16/2019,21,145.7600311
AC107,PIST,6_to_8,2019,7/17/2019,26,158.6694503
BF8,ACRU,6_to_8,2014,6/19/2014,23,159.6419388
BF8,ACRU,6_to_8,2014,NA,23,159.6419388
DNR2,ACRU,6_to_8,2019,7/8/2019,25,173.5238465
DNR1,ACRU,6_to_8,2019,7/8/2019,26,180.4648004
BP98#1,POGR,2_to_4,2014,7/30/2014,100,183.3225904
PSA2,ACRU,6_to_8,2019,7/16/2019,27,187.4057542
BP54#1,POGR,6_to_8,2014,NA,14,187.9385497
BF8,ACRU,6_to_8,2019,7/15/2019,28,194.3467081
BP80#2,POGR,4_to_6,2019,7/22/2019,32,194.834632
PSA2,POGR,6_to_8,2019,7/16/2019,15,201.3627318
BS40X,PIST,4_to_6,2014,7/28/2014,79,202.8086903
BP80#3,ACRU,6_to_8,2014,7/31/2014,31,215.1695697
BP80#3,ACRU,6_to_8,2019,7/17/2019,31,215.1695697
DNR2,ACRU,6_to_8,2014,7/29/2014,31,215.1695697
DNR2,POGR,4_to_6,2019,7/8/2019,36,219.188961
PSA3,POGR,6_to_8,2019,7/17/2019,17,228.2110961
DNR3,ACRU,6_to_8,2019,7/8/2019,34,235.9924312
BP80#1,POGR,4_to_6,2019,7/23/2019,39,237.4547078
DNR3,ACRU,6_to_8,2014,7/29/2014,35,242.9333851
BP80#2,POGR,4_to_6,2014,7/17/2014,49,298.3405303
DNR1,POGR,4_to_6,2019,7/8/2019,49,298.3405303
BP80#3,POGR,4_to_6,2019,7/17/2019,54,328.7834415
DNR2,POGR,6_to_8,2019,7/8/2019,26,349.0287352
DNR3,POGR,4_to_6,2019,7/8/2019,61,371.4035173
PSA2,POGR,6_to_8,2014,NA,28,375.8770995
DNR2,POGR,4_to_6,2014,7/29/2014,65,395.7578463
BP98#1,POGR,4_to_6,2019,7/19/2019,66,401.8464285
BP80#1,POGR,4_to_6,2014,7/31/2014,68,414.023593
PSA1,POGR,6_to_8,2019,7/16/2019,31,416.1496458
BP80#3,POGR,4_to_6,2014,7/31/2014,77,468.8208333
DNR1,POGR,4_to_6,2014,7/29/2014,78,474.9094156
BP98#2,POGR,2_to_4,2019,7/19/2019,266,487.6380906
PSA3,POGR,6_to_8,2014,NA,37,496.6947385
PSA1,POGR,6_to_8,2014,7/17/2014,41,550.3914671
DNR3,POGR,4_to_6,2014,7/29/2014,91,554.0609848
BP80#1,POGR,6_to_8,2019,7/23/2019,42,563.8156492
DNR1,POGR,6_to_8,2019,7/8/2019,42,563.8156492
BP98#1,POGR,4_to_6,2014,7/30/2014,106,645.3897186
DNR2,POGR,6_to_8,2014,7/29/2014,49,657.784924
BP98#2,POGR,2_to_4,2014,7/30/2014,359,658.1280997
DNR1,POGR,6_to_8,2014,7/29/2014,51,684.6332883
DNR3,POGR,6_to_8,2019,7/8/2019,51,684.6332883
BP80#2,POGR,6_to_8,2019,7/22/2019,53,711.4816525
BP80#3,POGR,6_to_8,2019,7/17/2019,56,751.7541989
BP80#1,POGR,6_to_8,2014,7/31/2014,58,778.6025631
BP80#3,POGR,6_to_8,2014,7/31/2014,58,778.6025631
BP98#1,POGR,6_to_8,2014,7/30/2014,60,805.4509273
DNR3,POGR,6_to_8,2014,7/29/2014,68,912.8443844
BP80#2,POGR,6_to_8,2014,7/17/2014,69,926.2685665
BP98#1,POGR,6_to_8,2019,7/19/2019,69,926.2685665
BP98#2,POGR,4_to_6,2019,7/19/2019,204,1242.070779
BP98#2,POGR,4_to_6,2014,7/30/2014,246,1497.791234
BP98#2,POGR,6_to_8,2019,7/19/2019,138,1852.537133
BP98#2,POGR,6_to_8,2014,7/30/2014,161,2161.293322
IP1,ACRU,0_to_2,2019,7/9/2019,1,0.03117
IP1,ACRU,2_to_4,2019,7/9/2019,0,0
IP1,ACRU,4_to_6,2019,7/9/2019,0,0
IP1,ACRU,6_to_8,2019,7/9/2019,0,0
IP1,ACSA,0_to_2,2014,6/13/2014,2,0.3386
IP1,ACSA,2_to_4,2014,6/13/2014,0,0
IP1,ACSA,4_to_6,2014,6/13/2014,4,29.43222207
IP1,ACSA,6_to_8,2014,6/13/2014,3,48.56797311
IP1,ACSA,0_to_2,2019,7/9/2019,0,0
IP1,ACSA,2_to_4,2019,7/9/2019,0,0
IP1,ACSA,4_to_6,2019,7/9/2019,3,22.07416655
IP1,ACSA,6_to_8,2019,7/9/2019,0,0
IP1,FAGR,0_to_2,2014,6/13/2014,94,17.7848
IP1,FAGR,2_to_4,2014,6/13/2014,64,153.1468498
IP1,FAGR,4_to_6,2014,6/13/2014,15,116.7947739
IP1,FAGR,6_to_8,2014,6/13/2014,1,16.93729591
IP1,FAGR,0_to_2,2019,7/9/2019,76,14.3792
IP1,FAGR,2_to_4,2019,7/9/2019,61,145.9680913
IP1,FAGR,4_to_6,2019,7/9/2019,15,116.7947739
IP1,FAGR,6_to_8,2019,7/9/2019,2,33.87459182
IP1,TSCA,0_to_2,2019,7/9/2019,0,0
IP1,TSCA,2_to_4,2019,7/9/2019,0,0
IP1,TSCA,4_to_6,2019,7/9/2019,0,0
IP1,TSCA,6_to_8,2019,7/9/2019,1,27.82563119
IP2,ACRU,0_to_2,2014,6/18/2014,0,0
IP2,ACRU,2_to_4,2014,6/18/2014,0,0
IP2,ACRU,4_to_6,2014,6/18/2014,0,0
IP2,ACRU,6_to_8,2014,6/18/2014,1,6.94095386
IP2,ACSA,0_to_2,2014,6/18/2014,0,0
IP2,ACSA,2_to_4,2014,6/18/2014,3,6.667447203
IP2,ACSA,4_to_6,2014,6/18/2014,1,7.358055517
IP2,ACSA,6_to_8,2014,6/18/2014,1,16.18932437
IP2,ACSA,0_to_2,2019,7/9/2019,0,0
IP2,ACSA,2_to_4,2019,7/9/2019,0,0
IP2,ACSA,4_to_6,2019,7/9/2019,4,29.43222207
IP2,ACSA,6_to_8,2019,7/9/2019,1,16.18932437
IP2,FAGR,0_to_2,2014,6/18/2014,56,10.5952
IP2,FAGR,2_to_4,2014,6/18/2014,59,141.1822522
IP2,FAGR,4_to_6,2014,6/18/2014,18,140.1537287
IP2,FAGR,6_to_8,2014,6/18/2014,9,152.4356632
IP2,FAGR,0_to_2,2019,7/9/2019,27,5.1084
IP2,FAGR,2_to_4,2019,7/9/2019,46,110.0742983
IP2,FAGR,4_to_6,2019,7/9/2019,26,202.4442747
IP2,FAGR,6_to_8,2019,7/9/2019,8,135.4983673
IP3,ACSA,0_to_2,2014,6/18/2014,1,0.1693
IP3,ACSA,2_to_4,2014,6/18/2014,1,2.222482401
IP3,ACSA,4_to_6,2014,6/18/2014,3,22.07416655
IP3,ACSA,6_to_8,2014,6/18/2014,3,48.56797311
IP3,ACSA,0_to_2,2019,7/9/2019,1,0.1693
IP3,ACSA,2_to_4,2019,7/9/2019,1,2.222482401
IP3,ACSA,4_to_6,2019,7/9/2019,1,7.358055517
IP3,ACSA,6_to_8,2019,7/9/2019,1,16.18932437
IP3,FAGR,0_to_2,2014,6/18/2014,106,20.0552
IP3,FAGR,2_to_4,2014,6/18/2014,86,205.7910795
IP3,FAGR,4_to_6,2014,6/18/2014,14,109.0084556
IP3,FAGR,6_to_8,2014,6/18/2014,12,203.2475509
IP3,FAGR,0_to_2,2019,7/9/2019,61,11.5412
IP3,FAGR,2_to_4,2019,7/9/2019,58,138.7893327
IP3,FAGR,4_to_6,2019,7/9/2019,24,186.8716382
IP3,FAGR,6_to_8,2019,7/9/2019,13,220.1848468
IP3,TSCA,0_to_2,2014,6/18/2014,0,0
IP3,TSCA,2_to_4,2014,6/18/2014,0,0
IP3,TSCA,4_to_6,2014,6/18/2014,0,0
IP3,TSCA,6_to_8,2014,6/18/2014,1,27.82563119
IP3,TSCA,0_to_2,2019,7/9/2019,0,0
IP3,TSCA,2_to_4,2019,7/9/2019,0,0
IP3,TSCA,4_to_6,2019,7/9/2019,1,12.29406697
IP3,TSCA,6_to_8,2019,7/9/2019,0,0
