Plot,Profile ID,Targeted sampling increment,Actual sampling increment,Sampling increment thickness (cm),Sample volume (cm^3),Archived sample ID,Fine earth 60 degrees dry mass (g),Root  60 degrees  dry mass (g),Wood greater than 2mm 60 degrees dry mass (g),Stone Air Dry mass (g),Stone volume (cm3),Sieving comments,Fine earth mass density (Mg ha-1),Fine earth bulk density (g cm-3),Bulk density code,Texture,pH,Loss on ignition (%),Total C concentration (%),C concentration code,Ca (mg kg-1),K (mg kg-1),Mg (mg kg-1),P (mg kg-1),Al (mg kg-1),Cu (mg kg-1),Fe (mg kg-1),Mn (mg kg-1),Na (mg kg-1),S (mg kg-1),Zn (mg kg-1),acidity (meq 100 g-1),ECEC (meq 100g-1),Root C stock (Mg C ha-1),Soil C stock (Mg C ha-1)
CP1,CP1.1,Oe,Oe,,,L14-0002,28.5,,,,,,12.67,,,,,,36.3,UMBS,,,,,,,,,,,,,,,5
CP1,CP1.1,A,A,,,L14-0003,305.47,4.12,,0,0,,135.76,,,sand,4.05,11,21.1,UMBS,518,208,106,28.2,20.6,0.8,5.4,88.0,10.1,43.2,6.7,4.9,9.0,0.86,29
CP1,CP1.1,0--15,0--15,15,318.4,L14-0004,420.4449447,0.348,0.312,6.28,2.512,,,1.33,M,,,,0.4,JML,,,,,,,,,,,,,,0.46,9
CP1,CP1.1,15--30,15--30,15,318.4,L14-0005,482.4827387,0.207,0.922,2.72,1.088,,,1.52,M,sand,4.61,1.3,0.5,JML,13,12,3,2.8,150.1,0.1,15.4,4.4,2.2,5.6,1.2,1.1,1.2,0.28,12
CP1,CP1.1,30--60,30--60,30,636.8,L14-0006,1058.452058,0.126,0.957,14.96,5.984,no charcoal,,1.68,M,,,,0.1,AVG,,,,,,,,,,,,,,0.02,7
CP1,CP1.1,60--100,60--100,40,849.1,L14-0007,1551.565196,0.007,0.16,27.011,10.8044,,,1.85,M,gravelly sand,5.54,0.2,0.1,AVG,59,9,12,0.7,53.1,0.1,12.6,0.4,1.6,1.7,2.5,0.0,0.4,0.00,7
CP1,CP1.2,Oe,Oe,,,L14-0009,30,,,,,,13.33,,,,,,26.7,UMBS,,,,,,,,,,,,,,,4
CP1,CP1.2,A,A,,,L14-0010,355.26,13.63,,0,0,,157.89,,,sand,4.32,7.7,11.5,UMBS,313,125,64,14.0,27.5,1.5,11.3,88.1,3.7,25.0,5.4,3.3,5.7,2.85,18
CP1,CP1.2,0--15,0--15,15,318.4,L14-0011,415.5763465,0.372,0.953,28.73,11.492,,,1.35,M,,,,0.5,JML,,,,,,,,,,,,,,1.38,10
CP1,CP1.2,15--30,15--30,15,318.4,L14-0012,429.739598,0.623,0.511,73.85,29.54,,,1.49,M,gravelly sand,4.65,0.9,0.6,JML,26,15,4,1.7,118.5,0.1,10.9,12.8,1.9,4.0,2.2,1.2,1.4,0.40,13
CP1,CP1.2,30--60,30--60,30,636.8,L14-0013,865.7874736,0.18,0.201,41.86,16.744,no charcoal,,1.40,M,,,,0.2,UMBS,,,,,,,,,,,,,,0.22,8
CP1,CP1.2,60--100,60--100,40,849.1,L14-0014,1472.711525,0.1,0.012,27.309,10.9236,,,1.76,M,gravelly sand,5.44,0.2,0.1,UMBS,69,8,8,0.4,32.5,0.1,5.8,1.5,1.6,1.7,1.4,0.0,0.4,0.00,8
CP1,CP1.3,Oe,Oe,,,L14-0016,34.09,,,,,,15.15,,,,,,39.4,UMBS,,,,,,,,,,,,,,,6
CP1,CP1.3,A,A,,,L14-0017,219.86,6.78,,0,0,,97.72,,,sand,3.97,30.3,33.7,UMBS,646,190,116,26.2,17.1,1.2,4.1,84.2,12.0,45.4,7.8,5.4,10.2,1.42,33
CP1,CP1.3,0--15,0--15,15,318.4,L14-0018,328.8783076,0.406,1.294,30.73,12.292,,,1.07,M,,,,1.2,JML,,,,,,,,,,,,,,0.28,20
CP1,CP1.3,15--30,15--30,15,318.4,L14-0019,413.9877584,0.125,5.867,44.69,17.876,metal piping,,1.38,M,gravelly sand,4.42,0.9,0.6,JML,36,11,9,2.1,95.9,0.1,23.7,6.9,6.0,4.3,2.5,1.7,2.0,0.00,13
CP1,CP1.3,30--60,30--60,30,636.8,L14-0020,913.8664352,0,0.156,78.98,31.592,,,1.51,M,,,,0.3,UMBS,,,,,,,,,,,,,,0.02,13
CP1,CP1.3,60--100,60--100,40,849.1,L14-0021,1488.023789,0.008,0.411,79.85,31.94,,,1.82,M,gravelly sand,5.16,0.2,0.1,UMBS,39,11,14,1.1,74.6,0.1,10.2,2.1,2.0,2.7,1.5,0.0,0.3,0.00,10
CP2,CP2.1,Oe,Oe,,,L14-0023,33.34,,,,,,14.82,,,,,,40.1,UMBS,,,,,,,,,,,,,,,6
CP2,CP2.1,A,A,,,L14-0024,348.74,5.97,,0,0,,155.00,,,sand,4.71,15.4,22.3,UMBS,1520,224,177,39.0,15.5,1.6,5.0,356.8,7.4,34.3,8.0,3.3,12.9,1.25,35
CP2,CP2.1,0--15,0--15,15,318.4,L14-0025,277.4990389,0.623,3.118,19.77,7.908,,,0.89,M,,,,2.1,JML,,,,,,,,,,,,,,4.41,28
CP2,CP2.1,15--30,15--30,15,318.4,L14-0026,444.8567943,1.993,1.092,66.468,26.5872,,,1.52,M,gravelly sand,4.77,1.1,0.3,UMBS,124,17,9,3.9,97.2,0.2,15.0,16.9,2.1,4.8,2.3,1.4,2.2,0.42,6
CP2,CP2.1,30--60,30--60,30,636.8,L14-0027,851.8197228,0.188,0.305,29.28,11.712,,,1.36,M,,,,0.3,UMBS,,,,,,,,,,,,,,1.26,13
CP2,CP2.1,60--100,60--100,40,849.1,L14-0028,1383.834233,0.57,1.833,65.495,26.198,,,1.68,M,loamy sand,5.62,0.2,0.2,JML,235,27,26,0.9,31.8,0.2,3.9,5.7,1.3,2.1,5.3,0.0,1.5,0.00,16
CP2,CP2.2,Oe,Oe,,,L14-0030,31.32,,,,,,13.92,,,,,,32.6,UMBS,,,,,,,,,,,,,,,5
CP2,CP2.2,A,A,,,L14-0031,435.71,4.77,,1.21,0.484,stones,193.65,,,sand,4.55,9.5,14.9,UMBS,729,166,106,34.3,11.8,0.7,4.8,140.3,2.5,29.7,5.8,3.1,8.1,1.00,29
CP2,CP2.2,0--15,0--15,15,318.4,L14-0032,334.2911153,0.611,1.316,20.863,8.3452,,,1.08,M,,,,0.9,JML,,,,,,,,,,,,,,2.51,14
CP2,CP2.2,15--30,15--30,15,318.4,L14-0033,417.4324674,1.134,0.814,24.519,9.8076,no charcoal,,1.35,M,sand,4.59,0.8,0.6,JML,16,10,3,3.0,161.7,0.1,14.4,4.7,2.2,5.5,1.6,1.3,1.4,0.97,12
CP2,CP2.2,30--60,30--60,30,636.8,L14-0034,991.2833488,0.437,0.18,33.63,13.452,no charcoal,,1.59,M,,,,0.2,UMBS,,,,,,,,,,,,,,0.14,12
CP2,CP2.2,60--100,60--100,40,849.1,L14-0035,1603.98622,0.064,0.07,30.252,12.1008,lots of aggregates,,1.92,M,loamy sand,5.27,0.3,0.2,UMBS,157,22,22,1.3,70.5,0.2,7.9,2.0,2.7,2.2,2.4,0.0,1.0,0.00,12
CP2,CP2.3,Oe,Oe,,,L14-0037,20.75,,,,,,9.22,,,,,,30.0,UMBS,,,,,,,,,,,,,,,3
CP2,CP2.3,A,A,,,L14-0038,172.01,4.31,,0,0,,76.45,,,sand,4.27,8.7,17.1,UMBS,320,189,94,18.1,17.3,0.7,5.4,154.7,6.2,21.9,5.2,3.5,6.3,0.90,13
CP2,CP2.3,0--15,0--15,15,318.4,L14-0039,297.0036767,0.429,0.329,28.25,11.3,,,0.97,M,,,,1.0,JML,,,,,,,,,,,,,,2.57,15
CP2,CP2.3,15--30,15--30,15,318.4,L14-0040,393.0406584,1.163,1.102,70.317,28.1268,,,1.35,M,gravelly sand,4.8,0.6,0.4,JML,17,10,4,3.1,133.6,0.2,13.0,8.2,2.3,5.2,2.2,0.8,0.9,0.74,7
CP2,CP2.3,30--60,30--60,30,636.8,L14-0041,991.4747857,0.333,0.107,30.62,12.248,,,1.59,M,,,,0.2,UMBS,,,,,,,,,,,,,,0.25,11
CP2,CP2.3,60--100,60--100,40,849.1,L14-0042,1664.422582,0.113,0.119,26.574,10.6296,,,1.99,M,loamy sand,5.34,0.3,0.1,UMBS,146,21,22,1.8,69.0,0.4,7.9,2.3,2.7,2.1,4.7,0.0,1.0,0.00,10
CP3,CP3.1,Oe,Oe,,,L14-0044,84.97,,,,,,37.76,,,,,,36.7,UMBS,,,,,,,,,,,,,,,14
CP3,CP3.1,A,A,,,L14-0045,606.46,22.97,,0,0,,269.54,,,sand,4.28,16.5,13.2,UMBS,647,249,132,30.3,22.9,3.8,7.7,130.7,8.6,46.6,14.6,4.4,9.4,4.80,36
CP3,CP3.1,0--15,0--15,15,318.4,L14-0046,402.1839081,0.529,1.632,27.27,10.908,,,1.31,M,,,,1.0,JML,,,,,,,,,,,,,,0.40,19
CP3,CP3.1,15--30,15--30,15,318.4,L14-0047,413.6834623,0.18,0.182,93.29,37.316,,,1.47,M,sand,4.52,0.8,0.4,JML,28,16,6,3.5,105.0,0.2,47.1,32.1,1.8,4.0,2.7,1.4,1.7,0.98,9
CP3,CP3.1,30--60,30--60,30,636.8,L14-0048,939.7028826,0.443,0.86,106.657,42.6628,,,1.58,M,,,,0.4,AVG,,,,,,,,,,,,,,0.64,19
CP3,CP3.1,60--100,60--100,40,849.1,L14-0049,1497.676715,0.291,0.3,37.838,15.1352,"metal, charcoal",,1.80,M,loamy sand,5.29,0.6,0.3,AVG,143,21,32,2.1,72.7,0.1,7.9,3.4,1.8,2.0,1.5,0.0,1.0,0.00,21
CP3,CP3.2,Oe,Oe,,,L14-0051,20.2,,,,,,8.98,,,,,,27.7,UMBS,,,,,,,,,,,,,,,2
CP3,CP3.2,A,A,,,L14-0052,638.57,6.5,,5.4,2.16,Stones,283.81,,,sand,4.98,7.4,10.9,UMBS,232,158,117,11.7,40.5,1.3,7.8,694.0,4.7,35.2,9.6,2.3,4.8,1.36,31
CP3,CP3.2,0--15,0--15,15,318.4,L14-0053,400.0004176,0.412,0.149,52.972,21.1888,,,1.35,M,,,,0.4,JML,,,,,,,,,,,,,,0.45,7
CP3,CP3.2,15--30,15--30,15,318.4,L14-0054,434.641096,0.204,0.315,31.58,12.632,,,1.42,M,gravelly sand,5.04,0.5,0.3,JML,34,9,11,0.6,61.5,0.2,11.1,7.5,1.9,2.0,1.1,0.5,0.7,0.23,6
CP3,CP3.2,30--60,30--60,30,636.8,L14-0055,569.8628952,0.105,0,197.59,79.036,a lot of metal,,1.57,G,,,,0.3,UMBS,,,,,,,,,,,,,,0.30,13
CP3,CP3.2,60--100,60--100,40,849.1,L14-0056,1508.861571,0.135,0.36,50.146,20.0584,lots of aggregates,,1.82,M,loamy sand,5.75,0.3,0.1,UMBS,182,16,33,1.6,50.6,0.2,5.8,2.1,3.3,1.8,2.0,0.0,1.2,0.00,8
CP3,CP3.3,Oe,Oe,,,L14-0058,51.49,,,,,,22.88,,,,,,46.3,UMBS,,,,,,,,,,,,,,,11
CP3,CP3.3,A,A,,,L14-0059,160.67,10.58,,0,0,,71.41,,,sand,3.64,48.8,41.8,UMBS,470,237,141,69.9,9.1,2.1,3.2,60.6,9.0,60.7,11.6,6.1,10.2,2.21,30
CP3,CP3.3,0--15,0--15,15,318.4,L14-0060,338.6943673,0.175,1.354,16.428,6.5712,,,1.09,M,,,,1.0,JML,,,,,,,,,,,,,,0.34,17
CP3,CP3.3,15--30,15--30,15,318.4,L14-0061,377.0694318,0.155,1.1,22.3,8.92,metal,,1.22,M,sand,4.94,0.8,0.4,JML,60,9,4,2.8,150.4,0.2,9.5,2.1,2.3,5.4,13.1,0.9,1.2,0.85,8
CP3,CP3.3,30--60,30--60,30,636.8,L14-0062,885.9798607,0.385,0.65,37.385,14.954,,,1.42,M,,,,0.3,UMBS,,,,,,,,,,,,,,0.24,12
CP3,CP3.3,60--100,60--100,40,849.1,L14-0063,1484.919171,0.107,0.27,20.195,8.078,,,1.77,M,sand,5.31,0.2,0.1,UMBS,90,9,15,0.4,23.0,0.2,4.0,1.8,1.4,1.4,0.9,0.0,0.6,0.00,7
BS42A,BS42A.1,Oe,Oe,,,L14-0065,49.81,,,,,,22.14,,,,,,41.8,UMBS,,,,,,,,,,,,,,,9
BS42A,BS42A.1,A,A,,,L14-0066,159.52,4.35,,0,0,,70.90,,,sand,4.04,22.1,32.4,UMBS,861,101,110,18.2,13.1,0.5,3.7,36.6,3.6,22.1,6.5,4.9,10.4,0.91,23
BS42A,BS42A.1,0--15,0--15,15,318.4,L14-0067,240.2063006,1.354,,,0,,,1.18,G,,,,0.7,JML,,,,,,,,,,,,,,1.23,12
BS42A,BS42A.1,15--30,15--30,15,318.4,L14-0068,530.2600014,0.554,1.836,45.305,18.122,"no charcoal, some",,1.77,M,gravelly sand,4.49,0.2,0.2,JML,12,9,4,0.7,84.7,0.1,11.8,0.3,1.7,3.2,1.7,0.9,1.0,0.32,5
BS42A,BS42A.1,30--60,30--60,30,636.8,L14-0069,876.5732134,0.145,0.01,67.657,27.0628,leaker; metal,,1.44,M,,,,0.3,AVG,,,,,,,,,,,,,,0.24,14
BS42A,BS42A.1,60--100,60--82,22,467.0,L14-0070,1229.495853,0.11,0.41,37.836,15.1344,,,1.73,G,gravelly sand,5.79,0.2,0.1,JML,39,5,6,0.3,21.2,0.1,6.5,0.6,1.2,1.4,33.2,0.0,0.3,0.00,3
BS42A,BS42A.2,Oe,Oe,,,L14-0072,64.16,,,,,,28.52,,,,,,46.5,UMBS,,,,,,,,,,,,,,,13
BS42A,BS42A.2,A,A,,,L14-0073,137.52,11.94,,0,0,,61.12,,,sand,3.93,35.7,31.4,UMBS,983,168,126,27.7,9.3,0.3,2.5,17.8,4.1,25.7,5.5,4.9,11.3,2.49,19
BS42A,BS42A.2,0--15,0--15,15,318.4,L14-0074,413.6647971,1.613,,,0,,,1.30,M,,,,0.6,JML,,,,,,,,,,,,,,2.97,11
BS42A,BS42A.2,15--30,15--30,15,318.4,L14-0075,561.04,1.34,0.427,13.14,5.256,no charcoal,,1.79,M,gravelly sand,4.48,0.5,0.4,JML,39,10,6,0.6,40.8,0.1,11.0,0.3,1.4,2.4,2.4,1.2,1.5,2.78,10
BS42A,BS42A.2,30--60,30--60,30,636.8,L14-0076,1126.273223,1.255,0.033,143.225,57.29,no wood,,1.94,M,,,,0.2,UMBS,,,,,,,,,,,,,,0.04,13
BS42A,BS42A.2,60--100,60--86,26,551.9,L14-0077,865.7203059,0.017,0.08,94.68,37.872,,,1.68,M,gravelly sand,5.97,0.2,0.1,plotXdepth est.,80,6,7,0.3,31.2,0.1,7.2,0.2,0.8,1.8,9.4,0.0,0.5,0.00,4
BS42A,BS42A.3,Oe,Oe,,,L14-0079,77.7,,,,,,34.53,,,,,,46.8,UMBS,,,,,,,,,,,,,,,16
BS42A,BS42A.3,A,A,,,L14-0080,186.34,3.31,,0,0,,82.82,,,sand,4.03,24.1,36.2,UMBS,1026,133,119,17.5,15.2,0.8,3.5,22.2,7.0,24.0,8.6,5.1,11.6,0.69,30
BS42A,BS42A.3,0--15,0--15,15,318.4,L14-0081,434.445965,0.909,,,0,,,1.36,M,,,,0.6,JML,,,,,,,,,,,,,,1.33,12
BS42A,BS42A.3,15--30,15--30,15,318.4,L14-0082,507.5327,0.599,,,0,,,1.59,M,gravelly sand,4.47,0.4,0.2,JML,22,7,3,0.7,53.2,0.7,15.3,0.2,1.5,2.4,4.0,1.2,1.4,0.19,4
BS42A,BS42A.3,30--60,30--60,30,636.8,L14-0083,1119.423022,0.086,0,100.494,40.1976,"no wood, few roots. metal",,1.88,M,,,,0.2,UMBS,,,,,,,,,,,,,,0.20,10
BS42A,BS42A.3,60--100,60--100,40,849.1,L14-0084,1490.507989,0.091,0,139.988,55.9952,,,1.88,M,gravelly sand,6.11,0.3,0.1,plotXdepth est.,103,8,10,0.3,20.9,0.1,3.6,0.2,1.1,1.3,13.3,0.0,0.6,0.00,7
BS42B,BS42B.1,Oe,Oe,,,L14-0086,57.34,,,,,,25.48,,,,,,31.0,UMBS,,,,,,,,,,,,,,,8
BS42B,BS42B.1,A,A,,,L14-0087,221.3,24.54,,0,0,,98.36,,,sand,4.71,8.8,16.0,UMBS,1412,176,85,12.9,16.3,0.5,6.1,113.5,3.4,17.7,12.0,3.0,11.2,5.13,16
BS42B,BS42B.1,0--15,0--15,15,318.4,L14-0088,382.5798009,0.809,3.819,15.586,6.2344,,,1.23,M,,,,0.9,JML,,,,,,,,,,,,,,2.45,16
BS42B,BS42B.1,15--30,15--30,15,318.4,L14-0089,461.2943485,1.105,0.289,44.961,17.9844,,,1.54,M,gravelly sand,4.79,0.3,0.2,JML,21,8,4,0.4,84.5,0.6,4.8,0.0,5.3,2.8,1.8,0.6,0.8,0.21,3
BS42B,BS42B.1,30--60,30--60,30,636.8,L14-0090,957.7742144,0.093,0.15,138.743,55.4972,"charcoal, metal",,1.65,M,,,,0.1,AVG,,,,,,,,,,,,,,0.32,6
BS42B,BS42B.1,60--100,60--84,24,509.4,L14-0091,1172.4147,0.144,0.25,39.277,15.7108,,,1.73,G,gravelly sand,6.71,0.3,0.1,plotXdepth mean,82,3,15,1.1,8.9,0.1,1.8,0.3,0.8,1.2,9.2,0.0,0.5,0.00,5
BS42B,BS42B.2,Oe,Oe,,,L14-0093,41.87,,,,,,18.61,,,,,,41.0,UMBS,,,,,,,,,,,,,,,8
BS42B,BS42B.2,A,A,,,L14-0094,148.06,1.49,,0,0,,65.80,,,sand,4.14,27.8,32.8,UMBS,1160,119,119,16.0,14.7,0.6,3.8,31.3,3.3,25.6,7.3,4.7,11.8,0.31,22
BS42B,BS42B.2,0--15,0--15,15,318.4,L14-0095,381.7508996,0.576,0.686,17.6,7.04,,,1.23,M,,,,0.3,JML,,,,,,,,,,,,,,2.12,5
BS42B,BS42B.2,15--30,15--30,15,318.4,L14-0096,528.892471,0.956,2.271,12.566,5.0264,no charcoal,,1.69,M,sand,4.6,0.5,0.1,JML,56,10,10,0.4,47.3,0.2,7.3,0.1,5.5,2.1,1.9,1.0,1.4,0.74,1
BS42B,BS42B.2,30--60,30--60,30,636.8,L14-0097,1049.76031,0.335,0,125.972,50.3888,"no wood,metal",,1.79,M,,,,0.2,UMBS,,,,,,,,,,,,,,0.00,9
BS42B,BS42B.2,60--100,60--84,24,509.4,L14-0098,957.2970047,0,0,58.258,23.3032,60-84 cm,,1.97,M,gravelly sand,6.12,0.2,0.0,JML,50,7,5,0.2,12.6,0.2,3.7,0.6,1.2,1.1,21.9,0.0,0.3,0.00,2
BS42B,BS42B.3,Oe,Oe,,,L14-0100,85.42,,,,,,37.96,,,,,,46.0,UMBS,,,,,,,,,,,,,,,17
BS42B,BS42B.3,A,A,,,L14-0101,67.64,86.97,,0,0,,30.06,,,sand,3.97,8.9,7.7,UMBS,406,180,96,6.5,,,,20.6,1.2,30.9,14.3,4.1,7.4,18.17,2
BS42B,BS42B.3,0--15,0--15,15,318.4,L14-0102,417.1655894,7.707,0.267,16.61,6.644,,,1.34,M,,,,0.3,UMBS,,,,,,,,,,,,,,0.78,5
BS42B,BS42B.3,15--30,15--30,15,318.4,L14-0103,463.9590435,0.354,0,32.405,12.962,no wood,,1.52,M,gravelly sand,5.16,0.2,0.0,JML,70,9,7,0.4,74.5,0.1,6.0,0.0,2.0,3.1,0.8,0.0,0.4,0.54,1
BS42B,BS42B.3,30--60,30--60,30,636.8,L14-0104,1116.906119,0.242,0.42,112.349,44.9396,metal,,1.89,M,,,,0.2,UMBS,,,,,,,,,,,,,,0.00,11
BS42B,BS42B.3,60--100,60--100,60,1273.6,L14-0105,1801.821662,0,0.24,147.968,59.1872,,,1.48,M,gravelly sand,6.26,0.2,0.2,JML,52,4,7,0.2,9.7,0.1,2.4,0.2,1.2,1.1,18.8,0.0,0.3,0.00,17
BS42C,BS42C.1,Oe,Oe,,,L14-0107,64.37,,,,,,28.61,,,,,,48.1,UMBS,,,,,,,,,,,,,,,14
BS42C,BS42C.1,A,A,,,L14-0108,172.94,19.84,,0,0,,76.86,,,sand,3.6,67.6,43.9,UMBS,828,218,124,22.5,14.1,4.0,3.0,15.1,10.6,43.6,22.7,6.3,12.0,4.14,34
BS42C,BS42C.1,0--15,0--15,15,318.4,L14-0109,346.2460106,0.424,1.58,15.14,6.056,,,1.11,M,,,,0.9,JML,,,,,,,,,,,,,,0.99,15
BS42C,BS42C.1,15--30,15--30,15,318.4,L14-0110,344.3917744,0.448,28.69,134.489,53.7956,,,1.30,M,gravelly sand,4.51,1.9,1.3,UMBS,40,17,5,0.4,131.0,0.4,23.7,0.3,2.4,10.4,2.8,1.6,1.9,0.73,26
BS42C,BS42C.1,30--60,30--60,30,636.8,L14-0111,1001.778714,0.332,1.21,35.239,14.0956,"metal, charcoal",,1.61,M,,,,0.2,AVG,,,,,,,,,,,,,,0.26,11
BS42C,BS42C.1,60--100,60--100,60,1273.6,L14-0112,1432.297551,0.116,0.2,64.469,25.7876,,,1.73,G,gravelly sand,5.77,0.2,0.1,plotXdepth mean,33,5,4,0.2,33.0,0.1,6.5,0.2,0.7,2.7,17.3,0.0,0.2,0.00,15
BS42C,BS42C.2,Oe,Oe,,,L14-0114,37.46,,,,,,16.65,,,,,,47.0,UMBS,,,,,,,,,,,,,,,8
BS42C,BS42C.2,A,A,,,L14-0115,214.11,16.32,,18.14,7.256,,95.16,,,sand,3.72,37,40.7,UMBS,681,153,100,10.2,25.3,1.4,7.0,9.7,7.1,30.9,10.5,5.8,10.4,3.41,39
BS42C,BS42C.2,0--15,0--15,15,318.4,L14-0116,367.9859625,0.607,0.57,32.27,12.908,,,1.20,M,,,,0.6,JML,,,,,,,,,,,,,,1.29,11
BS42C,BS42C.2,15--30,15--30,15,318.4,L14-0117,448.7823579,0.585,0.208,33.335,13.334,,,1.47,M,gravelly sand,5.04,0.5,0.4,UMBS,10,12,4,0.3,84.0,0.2,11.0,0.2,1.5,17.6,0.8,0.0,0.1,1.34,9
BS42C,BS42C.2,30--60,30--60,30,636.8,L14-0118,877.2643781,0.605,0.1,97.906,39.1624,"metal, charcoal",,1.47,M,,,,0.3,UMBS,,,,,,,,,,,,,,1.03,12
BS42C,BS42C.2,60--100,60--100,60,1273.6,L14-0119,1270.546806,0.464,0,106.231,42.4924,,,1.73,G,gravelly sand,5.16,0.2,0.1,JML,12,8,3,0.4,80.7,0.2,9.9,0.0,1.4,9.7,7.0,0.0,0.1,0.00,14
BS42C,BS42C.3,Oe,Oe,,,L14-0121,76.07,,,,,,33.81,,,,,,33.0,UMBS,,,,,,,,,,,,,,,11
BS42C,BS42C.3,A,A,,,L14-0122,250.63,15.42,,0,0,,111.39,,,sand,3.58,38.8,41.6,UMBS,564,178,71,12.0,25.4,0.9,6.6,8.7,4.4,49.4,4.8,6.0,9.8,3.22,46
BS42C,BS42C.3,0--15,0--15,15,318.4,L14-0123,356.2269627,0.803,0.693,5.17,2.068,,,1.13,M,,,,1.3,JML,,,,,,,,,,,,,,2.31,23
BS42C,BS42C.3,15--30,15--30,15,318.4,L14-0124,530.820096,1.046,0.327,15.43,6.172,,,1.70,M,gravelly sand,4.8,0.5,0.3,JML,32,6,2,0.3,42.7,0.1,23.1,0.2,1.9,2.5,1.9,0.6,0.8,1.40,7
BS42C,BS42C.3,30--60,30--60,30,636.8,L14-0125,1095.482326,0.633,0.38,75.589,30.2356,"metal, leak?",,1.81,M,,,,0.2,UMBS,,,,,,,,,,,,,,0.76,9
BS42C,BS42C.3,60--100,60--89,29,615.6,L14-0126,1160.923361,0.343,1.69,108.227,43.2908,metal,,2.03,M,gravelly sand,5.74,0.2,0.2,JML,93,7,8,0.3,22.8,0.2,4.5,1.0,1.8,1.9,18.3,0.0,0.6,0.00,9
BS40E,BS40E.1,Oe,Oe,,,L14-0128,33.11,,,,,,14.72,,,,,,61.9,UMBS,,,,,,,,,,,,,,,9
BS40E,BS40E.1,A,A,,,L14-0129,74.79,0.24,,0,0,,33.24,,,sand,5.2,19.3,23.8,UMBS,1684,326,200,57.5,12.3,0.7,3.4,345.0,6.1,33.4,17.0,1.8,12.8,0.05,8
BS40E,BS40E.1,0--15,0--15,15,318.4,L14-0130,410.0570121,0.79,,,0,,,1.29,M,,,,1.2,JML,,,,,,,,,,,,,,6.46,23
BS40E,BS40E.1,15--30,15--30,15,318.4,L14-0131,469.4401788,2.919,5.111,2.4,0.96,webbing around roots,,1.48,M,sand,4.93,0.8,0.7,JML,22,23,5,1.6,94.2,0.3,8.3,1.4,1.4,22.1,1.7,0.6,0.8,0.68,15
BS40E,BS40E.1,30--60,30--60,30,636.8,L14-0132,1019.351435,0.309,1.53,9.934,3.9736,metal,,1.61,M,,,,0.1,JML,,,,,,,,,,,,,,0.04,6
BS40E,BS40E.1,60--100,60--100,40,849.1,L14-0133,1558.723272,0.019,0.142,0.947,0.3788,,,1.84,M,fine sand,5.45,0.2,0.1,JML,11,9,3,0.8,35.5,0.1,5.2,0.8,0.4,6.9,5.6,0.0,0.1,0.00,4
BS40E,BS40E.2,Oe,Oe,,,L14-0135,36.22,,,,,,16.10,,,,,,37.1,UMBS,,,,,,,,,,,,,,,6
BS40E,BS40E.2,A,A,,,L14-0136,73.39,2.1,,0,0,,32.62,,,sand,4.6,27.4,19.7,UMBS,952,223,91,41.2,8.8,0.3,2.5,121.7,5.0,26.4,6.1,3.0,9.1,0.44,6
BS40E,BS40E.2,0--15,0--15,15,318.4,L14-0137,387.3417561,0.561,,,0,,,1.22,M,,,,1.3,UMBS,,,,,,,,,,,,,,2.75,24
BS40E,BS40E.2,15--30,15--30,15,318.4,L14-0138,495.4007947,1.242,1.502,2.63,1.052,metal,,1.56,M,sand,5,1.2,0.7,UMBS,65,18,4,1.3,84.6,0.3,10.4,6.4,1.5,4.5,1.8,0.8,1.2,0.69,16
BS40E,BS40E.2,30--60,30--60,30,636.8,L14-0139,935.8207149,0.31,0.32,3.392,1.3568,metal,,1.47,M,,,,0.4,UMBS,,,,,,,,,,,,,,0.51,18
BS40E,BS40E.2,60--100,60--100,40,849.1,L14-0140,1694.83129,0.229,4.447,5.507,2.2028,metal,,2.00,M,loamy sand,5.95,0.3,0.1,plotXdepth est.,63,15,8,0.8,42.3,0.2,3.2,1.2,4.6,5.8,9.8,0.0,0.4,0.00,5
BS40E,BS40E.3,Oe,Oe,,,L14-0142,27.71,,,,,,12.32,,,,,,39.4,UMBS,,,,,,,,,,,,,,,5
BS40E,BS40E.3,A,A,,,L14-0143,81.82,4.44,,0,0,,36.36,,,sand,5.39,15.6,33.6,UMBS,1745,231,176,42.3,13.8,0.5,3.3,218.2,6.4,26.9,14.2,1.4,12.1,0.93,12
BS40E,BS40E.3,0--15,0--15,15,318.4,L14-0144,365.8756669,0.657,,,0,,,1.15,M,,,,0.9,UMBS,,,,,,,,,,,,,,0.86,15
BS40E,BS40E.3,15--30,15--30,15,318.4,L14-0145,455.6519324,0.387,0.373,0.027,0.0108,charcoal,,1.43,M,sand,5.45,0.3,0.5,UMBS,54,20,6,1.2,63.5,0.2,6.0,2.1,1.3,4.4,1.0,0.0,0.4,0.67,12
BS40E,BS40E.3,30--60,30--60,30,636.8,L14-0146,967.1906202,0.305,1.19,,0,"no stones, charcoal",,1.52,M,,,,0.3,UMBS,,,,,,,,,,,,,,0.36,12
BS40E,BS40E.3,60--100,60--100,40,849.1,L14-0147,1473.984567,0.164,0.3,0.022,0.0088,some metal/charcoal,,1.74,M,fine sand,5.57,0.3,0.1,plotXdepth est.,14,10,2,0.8,54.3,0.1,7.0,0.8,0.3,13.3,1.7,0.0,0.1,0.00,4
BS40F,BS40F.1,Oe,Oe,,,L14-0149,39.4,,,,,,17.51,,,,,,40.4,UMBS,,,,,,,,,,,,,,,7
BS40F,BS40F.1,A,A,,,L14-0150,117.19,5.38,,0,0,,52.08,,,sand,4.86,19.3,25.1,UMBS,1891,294,181,34.5,15.9,1.4,5.0,292.7,6.7,36.8,13.5,2.7,14.4,1.12,13
BS40F,BS40F.1,0--15,0--15,15,318.4,L14-0151,376.9105615,0.244,,,0,,,1.18,M,,,,0.7,JML,,,,,,,,,,,,,,0.81,13
BS40F,BS40F.1,15--30,15--30,15,318.4,L14-0152,433.9874122,0.365,1.835,1.963,0.7852,ripped bag,,1.37,M,sand,5.09,1.6,0.8,JML,76,22,9,1.7,108.0,0.3,8.9,2.7,1.9,6.0,1.5,0.9,1.4,0.52,16
BS40F,BS40F.1,30--60,30--60,30,636.8,L14-0153,1011.089992,0.237,0.14,18.205,7.282,metal,,1.61,M,,,,0.2,AVG,,,,,,,,,,,,,,0.01,10
BS40F,BS40F.1,60--100,60--100,40,849.1,L14-0154,1614.559132,0.004,0.098,1.396,0.5584,,,1.90,M,s. clay loam,5.89,0.3,0.1,plotXdepth est.,113,34,16,0.8,42.8,0.6,3.6,0.9,7.1,4.6,3.1,0.0,0.8,0.00,7
BS40F,BS40F.2,Oe,Oe,,,L14-0156,38.19,,,,,,16.97,,,,,,44.7,UMBS,,,,,,,,,,,,,,,8
BS40F,BS40F.2,A,A,,,L14-0157,119.69,6.26,,0,0,,53.20,,,sand,4.05,35.1,18.9,UMBS,697,230,80,34.0,15.6,0.6,5.0,71.0,6.4,41.0,5.7,4.2,9.0,1.31,10
BS40F,BS40F.2,0--15,0--15,15,318.4,L14-0158,383.9926348,0.792,,,0,,,1.21,M,,,,0.9,UMBS,,,,,,,,,,,,,,0.65,16
BS40F,BS40F.2,15--30,15--30,15,318.4,L14-0159,476.3837851,0.294,1.969,7.152,2.8608,,,1.51,M,sand,5.39,1,0.7,UMBS,96,63,13,2.9,88.0,0.3,10.3,9.2,2.3,4.6,0.9,0.2,1.0,0.73,16
BS40F,BS40F.2,30--60,30--60,30,636.8,L14-0160,1080.150337,0.328,0.01,16.121,6.4484,"metal, leak?",,1.71,M,,,,0.2,UMBS,,,,,,,,,,,,,,0.66,12
BS40F,BS40F.2,60--100,60--100,40,849.1,L14-0161,1682.527089,0.3,0.473,1.017,0.4068,moderate silt aggregates,,1.98,M,loamy sand,5.67,0.3,0.1,JML,119,39,21,0.4,40.6,0.8,7.0,1.0,1.8,2.7,4.6,0.0,0.9,0.00,8
BS40F,BS40F.3,Oe,Oe,,,L14-0163,51.61,,,,,,22.94,,,,,,45.2,UMBS,,,,,,,,,,,,,,,10
BS40F,BS40F.3,A,A,,,L14-0164,140.95,11.69,,0,0,,62.64,,,sand,3.72,35.2,43.3,UMBS,794,229,121,26.8,13.5,2.2,2.6,6.2,11.8,49.6,13.8,5.7,11.3,2.44,27
BS40F,BS40F.3,0--15,0--15,15,318.4,L14-0165,357.3503741,0.481,,,0,,,1.12,M,,,,1.1,UMBS,,,,,,,,,,,,,,0.23,18
BS40F,BS40F.3,15--30,15--30,15,318.4,L14-0166,497.501108,0.105,0.125,,0,no stones,,1.56,M,sand,5.52,0.7,0.4,UMBS,61,21,6,3.5,41.5,0.2,5.5,6.4,1.7,2.8,0.4,0.0,0.4,0.66,9
BS40F,BS40F.3,30--60,30--60,30,636.8,L14-0167,1034.103277,0.3,0.64,,0,no stones,,1.62,M,,,,0.2,UMBS,,,,,,,,,,,,,,0.37,11
BS40F,BS40F.3,60--100,60--100,40,849.1,L14-0168,1713.343359,0.167,0.173,,0,,,2.02,M,fine sand,5.98,0.2,0.1,plotXdepth est.,29,12,3,1.7,30.2,0.1,4.0,2.0,0.6,2.3,3.1,0.0,0.2,0.00,8
BS40X,BS40X.1,Oe,Oe,,,L14-0170,39.61,,,,,,17.60,,,,,,47.0,UMBS,,,,,,,,,,,,,,,8
BS40X,BS40X.1,A,A,,,L14-0171,66.49,9.49,,0,0,,29.55,,,sand,4.25,31.1,30.2,UMBS,1081,251,127,36.2,9.6,0.7,2.4,134.9,8.4,25.7,10.1,3.7,10.8,1.98,9
BS40X,BS40X.1,0--15,0--15,15,318.4,L14-0172,220.3160357,0.757,,,0,,,1.18,G,,,,1.0,JML,,,,,,,,,,,,,,1.80,17
BS40X,BS40X.1,15--30,15--30,15,318.4,L14-0173,471.9209944,0.815,2.876,1.172,0.4688,,,1.48,M,sand,4.8,0.9,0.7,JML,24,27,5,1.6,148.1,0.8,19.2,3.8,2.5,8.8,2.1,0.8,1.1,1.26,16
BS40X,BS40X.1,30--60,30--60,30,636.8,L14-0174,1022.129597,0.568,2.41,1.636,0.6544,moderate silty aggregates,,1.61,M,,,,0.3,AVG,,,,,,,,,,,,,,0.83,15
BS40X,BS40X.1,60--100,60--100,40,849.1,L14-0175,1712.743343,0.373,0.472,4.213,1.6852,much silt aggregates,,2.02,M,s. clay loam,4.65,0.2,0.2,JML,210,21,42,0.4,98.7,3.2,12.0,1.1,10.4,11.9,6.2,1.0,2.5,0.00,12
BS40X,BS40X.2,Oe,Oe,,,L14-0177,28.06,,,,,,12.47,,,,,,42.0,UMBS,,,,,,,,,,,,,,,5
BS40X,BS40X.2,A,A,,,L14-0178,88.37,15.46,,0,0,,39.28,,,sand,4.83,13.1,21.7,UMBS,1058,349,117,29.1,12.3,2.1,4.1,467.0,6.7,31.4,14.8,2.5,9.7,3.23,9
BS40X,BS40X.2,0--15,0--15,15,318.4,L14-0179,380.6473832,0.642,,,0,,,1.20,M,,,,0.7,UMBS,,,,,,,,,,,,,,1.31,13
BS40X,BS40X.2,15--30,15--30,15,318.4,L14-0180,431.8967003,0.593,0.544,9.042,3.6168,,,1.37,M,sand,4.93,0.9,0.8,UMBS,68,29,8,2.3,103.3,0.3,25.5,8.7,1.6,5.7,1.4,1.2,1.7,1.06,16
BS40X,BS40X.2,30--60,30--60,30,636.8,L14-0181,1015.706868,0.479,1.02,11.325,4.53,,,1.61,M,,,,0.3,UMBS,,,,,,,,,,,,,,0.38,16
BS40X,BS40X.2,60--100,60--100,40,849.1,L14-0182,1304.044151,0.17,1.067,1.627,0.6508,,,1.54,M,loamy sand,5.45,0.2,0.2,plotXdepth est.,18,13,4,0.5,42.3,0.1,4.5,1.2,0.7,8.3,3.1,0.0,0.2,0.00,9
BS40X,BS40X.3,Oe,Oe,,,L14-0184,33.77,,,,,,15.01,,,,,,40.8,UMBS,,,,,,,,,,,,,,,6
BS40X,BS40X.3,A,A,,,L14-0185,411.29,17.95,,0,0,,182.80,,,sand,5.63,5.2,9.6,UMBS,997,100,58,5.9,40.2,0.7,15.9,199.3,2.0,10.8,20.9,0.6,6.3,3.75,18
BS40X,BS40X.3,0--15,0--15,15,318.4,L14-0186,399.0316339,0.507,,,0,,,1.25,M,,,,0.9,UMBS,,,,,,,,,,,,,,1.03,16
BS40X,BS40X.3,15--30,15--30,15,318.4,L14-0187,492.6840613,0.465,0.531,0.115,0.046,,,1.55,M,sand,5.71,1.1,0.6,UMBS,99,32,12,1.5,60.1,0.2,5.1,6.5,1.5,4.4,0.4,0.0,0.7,0.62,14
BS40X,BS40X.3,30--60,30--60,30,636.8,L14-0188,987.0404671,0.28,0.95,0.137,0.0548,,,1.55,M,,,,0.3,UMBS,,,,,,,,,,,,,,0.27,12
BS40X,BS40X.3,60--100,60--100,40,849.1,L14-0189,1621.072271,0.124,0.374,8.927,3.5708,,,1.92,M,sand,5.7,0.2,0.2,plotXdepth est.,21,11,3,0.8,36.6,0.1,3.4,1.3,0.4,8.5,1.8,0.0,0.2,0.00,12
BP36#1,BP36#1.1,Oe,Oe,,,L14-0191,22.77,,,,,,10.12,,,,,,37.7,UMBS,,,,,,,,,,,,,,,4
BP36#1,BP36#1.1,A,A,,,L14-0192,152.79,15.69,,0,0,,67.91,,,sand,4.48,17.4,27.1,UMBS,1093,311,175,30.4,21.3,0.6,8.2,198.5,10.8,40.7,10.3,3.3,11.1,3.28,18
BP36#1,BP36#1.1,0--15,0--15,15,318.4,L14-0193,313.1247761,1.168,3.394,7.58,3.032,,,0.99,M,,,,1.1,JML,,,,,,,,,,,,,,1.26,16
BP36#1,BP36#1.1,15--30,15--30,15,318.4,L14-0194,518.5690754,0.568,0.635,9.101,3.6404,charcoal,,1.65,M,sand,5.04,0.6,0.5,JML,18,8,4,0.7,91.3,0.1,7.2,12.9,0.9,3.9,1.1,0.4,0.6,0.94,13
BP36#1,BP36#1.1,30--60,30--60,30,636.8,L14-0195,1021.868565,0.426,1.21,7.47,2.988,,,1.61,M,,,,0.3,JML,,,,,,,,,,,,,,0.03,17
BP36#1,BP36#1.1,60--100,60--100,40,849.1,L14-0196,1263.284921,0.013,0.009,1.272,0.5088,,,1.49,M,sand,5.87,0.2,0.1,JML,13,4,3,0.3,35.2,0.1,4.2,1.3,0.8,2.2,11.1,0.0,0.1,0.00,5
BP36#1,BP36#1.2,Oe,Oe,,,L14-0198,27.08,,,,,,12.04,,,,,,27.0,UMBS,,,,,,,,,,,,,,,3
BP36#1,BP36#1.2,A,A,,,L14-0199,96.97,4.61,,0,0,,43.10,,,sand,4.89,8.8,16.2,UMBS,761,102,116,13.8,9.9,1.0,4.1,100.1,3.7,12.1,9.4,2.0,7.0,0.96,7
BP36#1,BP36#1.2,0--15,0--15,15,318.4,L14-0200,420.1089391,0.747,2.7,0.67,0.268,,,1.32,M,,,,0.4,JML,,,,,,,,,,,,,,1.50,8
BP36#1,BP36#1.2,15--30,15--30,15,318.4,L14-0201,486.2338845,0.68,2.619,5.573,2.2292,,,1.54,M,sand,5.03,0.9,0.5,UMBS,13,8,6,0.7,109.4,0.2,8.3,7.7,1.8,16.7,1.8,0.2,0.4,1.50,11
BP36#1,BP36#1.2,30--60,30--60,30,636.8,L14-0202,1001.856847,0.678,0.73,23.613,9.4452,charcoal,,1.60,M,,,,0.3,plotXdepth est.,,,,,,,,,,,,,,0.24,16
BP36#1,BP36#1.2,60--100,60--100,40,849.1,L14-0203,1287.221016,0.11,0.108,2.362,0.9448,,,1.52,M,sand,5.27,0.2,0.1,plotXdepth est.,4,3,1,0.3,38.4,0.1,4.6,0.4,0.5,6.9,9.0,0.0,0.0,0.00,5
BP36#1,BP36#1.3,Oe,Oe,,,L14-0205,18.41,,,,,,8.18,,,,,,32.4,UMBS,,,,,,,,,,,,,,,3
BP36#1,BP36#1.3,A,A,,,L14-0206,169.55,47.1,,0,0,,75.36,,,sand,4.85,10.7,22.6,UMBS,1144,274,195,41.6,11.6,0.9,5.6,191.6,7.4,33.0,14.2,1.9,9.9,9.84,17
BP36#1,BP36#1.3,0--15,0--15,15,318.4,L14-0207,415.6131748,0.596,1.954,0.57,0.228,,,1.31,M,,,,0.7,JML,,,,,,,,,,,,,,1.36,14
BP36#1,BP36#1.3,15--30,15--30,15,318.4,L14-0208,526.8472104,0.615,0.02,2.999,1.1996,,,1.66,M,sand,5.19,0.8,0.5,UMBS,38,9,7,1.2,111.7,0.1,10.8,5.0,1.5,5.5,4.5,0.3,0.5,0.99,12
BP36#1,BP36#1.3,30--60,30--60,30,636.8,L14-0209,1029.462141,0.449,0.05,14.316,5.7264,,,1.63,M,,,,0.3,plotXdepth est.,,,,,,,,,,,,,,0.02,17
BP36#1,BP36#1.3,60--100,60--100,40,849.1,L14-0210,1271.797009,0.009,0.007,0.961,0.3844,,,1.50,M,sand,5.74,0.4,0.1,plotXdepth est.,10,5,2,0.4,29.2,0.1,4.0,0.5,2.1,3.9,15.7,0.0,0.1,0.00,5
BP36#2,BP36#2.1,Oe,Oe,,,L14-0212,18.5,,,,,,8.22,,,,,,31.7,UMBS,,,,,,,,,,,,,,,3
BP36#2,BP36#2.1,A,A,,,L14-0213,122.15,3.71,,0,0,,54.29,,,sand,4.55,9.4,19.2,UMBS,790,114,101,16.6,9.4,0.8,4.2,101.3,3.6,17.2,7.4,2.7,7.7,0.77,10
BP36#2,BP36#2.1,0--15,0--15,15,318.4,L14-0214,372.7928446,1.327,2.488,1.28,0.512,,,1.17,M,,,,0.8,JML,,,,,,,,,,,,,,2.36,14
BP36#2,BP36#2.1,15--30,15--30,15,318.4,L14-0215,505.0759382,1.067,0.251,4.49,1.796,,,1.60,M,sand,5.12,1.1,0.5,JML,31,11,7,1.4,131.1,0.2,14.2,2.2,1.7,7.4,1.5,0.4,0.6,1.25,11
BP36#2,BP36#2.1,30--60,30--60,30,636.8,L14-0216,880.5098126,0.566,1.26,5.016,2.0064,,,1.39,M,,,,0.2,JML,,,,,,,,,,,,,,0.95,10
BP36#2,BP36#2.1,60--100,60--100,40,849.1,L14-0217,1161.577603,0.43,0.353,,0,,,1.37,M,sand,5.47,0.5,0.1,JML,12,7,3,1.2,29.9,0.1,4.1,0.9,2.8,6.1,3.6,0.0,0.1,0.00,4
BP36#2,BP36#2.2,Oe,Oe,,,L14-0219,28.98,,,,,,12.88,,,,,,37.6,UMBS,,,,,,,,,,,,,,,5
BP36#2,BP36#2.2,A,A,,,L14-0220,178.27,18.01,,0,0,,79.23,,,sand,4.56,7.6,14.7,UMBS,584,163,89,15.2,15.9,0.6,9.7,43.5,2.9,19.8,5.1,2.3,6.4,3.76,12
BP36#2,BP36#2.2,0--15,0--15,15,318.4,L14-0221,359.7892328,0.713,1.621,0.99,0.396,,,1.13,M,,,,1.3,JML,,,,,,,,,,,,,,0.84,21
BP36#2,BP36#2.2,15--30,15--30,15,318.4,L14-0222,502.126557,0.379,5.943,8.35,3.34,,,1.59,M,sand,4.74,1,0.6,UMBS,21,8,5,1.6,71.9,0.1,9.3,10.6,1.4,3.5,2.0,1.1,1.3,1.57,15
BP36#2,BP36#2.2,30--60,30--60,30,636.8,L14-0223,966.2641437,0.711,3.351,28.757,11.5028,,,1.55,M,,,,0.2,plotXdepth est.,,,,,,,,,,,,,,0.31,11
BP36#2,BP36#2.2,60--100,60--100,40,849.1,L14-0224,1213.276768,0.141,0.565,46.141,18.4564,,,1.46,M,sand,5.45,0.6,0.1,plotXdepth est.,13,6,3,0.3,45.9,0.1,4.1,1.4,2.5,4.6,7.0,0.0,0.1,0.00,5
BP36#2,BP36#2.3,Oe,Oe,,,L14-0226,23.13,,,,,,10.28,,,,,,40.8,UMBS,,,,,,,,,,,,,,,4
BP36#2,BP36#2.3,A,A,,,L14-0227,107.48,23.86,,0,0,,47.77,,,sand,4.76,7,9.4,UMBS,577,370,146,20.7,32.9,1.4,,192.0,3.1,66.5,8.0,1.7,6.8,4.98,4
BP36#2,BP36#2.3,0--15,0--15,15,318.4,L14-0228,356.3050514,5.293,1.228,0.53,0.212,,,1.12,M,,,,0.6,JML,,,,,,,,,,,,,,1.30,10
BP36#2,BP36#2.3,15--30,15--30,15,318.4,L14-0229,493.2651635,0.587,0.564,6.732,2.6928,,,1.56,M,sand,4.9,0.8,0.5,UMBS,17,11,6,0.8,119.5,0.1,10.4,7.5,1.6,8.7,1.2,0.6,0.8,0.37,12
BP36#2,BP36#2.3,30--60,30--60,30,636.8,L14-0230,933.2897855,0.166,4.395,2.414,0.9656,,,1.47,M,,,,0.2,plotXdepth est.,,,,,,,,,,,,,,0.68,10
BP36#2,BP36#2.3,60--100,60--100,40,849.1,L14-0231,1217.805458,0.307,0,2.79,1.116,,,1.44,M,sand,5.69,0.4,0.1,plotXdepth est.,11,6,3,0.3,32.0,0.1,4.0,0.4,1.4,3.0,8.7,0.0,0.1,0.00,5
BP54#1,BP54#1.1,Oe,Oe,,,L14-0233,30.48,,,,,,13.55,,,,,,37.7,UMBS,,,,,,,,,,,,,,,5
BP54#1,BP54#1.1,A,A,,,L14-0234,193.88,12.53,,0,0,,86.17,,,sand,4.36,12.5,12.3,UMBS,919,180,170,24.5,10.6,2.6,3.7,94.1,6.9,28.4,24.6,3.6,10.1,2.62,11
BP54#1,BP54#1.1,0--15,0--15,15,318.4,L14-0235,337.7386054,0.66,4.413,0.419,0.1676,,,1.06,M,,,,0.7,JML,,,,,,,,,,,,,,1.48,12
BP54#1,BP54#1.1,15--30,15--30,15,318.4,L14-0236,510.0045994,0.67,1.869,5.64,2.256,metal,,1.61,M,sand,4.66,0.5,0.3,JML,8,7,3,0.9,74.4,0.1,10.8,4.1,4.8,2.7,2.5,1.1,1.2,1.22,7
BP54#1,BP54#1.1,30--60,30--60,30,636.8,L14-0237,1276.14427,0.55,2.172,27.739,11.0956,,,1.57,G,,,,0.3,plotXdepth est.,,,,,,,,,,,,,,0.89,15
BP54#1,BP54#1.1,60--100,60--100,40,849.1,L14-0238,1405.083561,0.402,1.126,50.4,20.16,,,1.70,M,gravelly sand,5.76,0.5,0.1,plotXdepth est.,29,5,7,0.3,35.1,0.1,4.2,0.4,2.0,6.1,6.1,0.0,0.2,0.00,8
BP54#1,BP54#1.2,Oe,Oe,,,L14-0240,30.03,,,,,,13.35,,,,,,41.2,UMBS,,,,,,,,,,,,,,,6
BP54#1,BP54#1.2,A,A,,,L14-0241,53.98,3.34,,0,0,,23.99,,,sand,4.92,12.6,21.6,UMBS,1257,288,188,35.0,15.1,0.5,8.4,194.9,7.1,33.0,11.8,1.9,10.5,0.70,5
BP54#1,BP54#1.2,0--15,0--15,15,318.4,L14-0242,313.2539658,1.204,1.725,2.79,1.116,,,0.99,M,,,,0.7,JML,,,,,,,,,,,,,,2.91,11
BP54#1,BP54#1.2,15--30,15--30,15,318.4,L14-0243,471.2607151,1.317,2.417,9.053,3.6212,metal,,1.50,M,sand,4.97,1.3,0.6,UMBS,19,9,5,1.0,143.2,0.2,10.8,3.4,1.4,6.5,1.8,0.5,0.7,1.12,14
BP54#1,BP54#1.2,30--60,30--60,30,636.8,L14-0244,987.6566827,0.504,0.332,62.325,24.93,,,1.61,M,,,,0.3,JML,,,,,,,,,,,,,,0.29,15
BP54#1,BP54#1.2,60--100,60--100,40,849.1,L14-0245,1555.700533,0.131,0.224,34.186,13.6744,,,1.86,M,sand,5.41,0.2,0.1,JML,10,6,3,0.5,46.0,0.1,6.5,0.9,2.2,2.5,6.9,0.0,0.1,0.00,8
BP54#1,BP54#1.3,Oe,Oe,,,L14-0247,29.43,,,,,,13.08,,,,,,32.9,UMBS,,,,,,,,,,,,,,,4
BP54#1,BP54#1.3,A,A,,,L14-0248,86.29,3.27,,0,0,,38.35,,,sand,4.61,10,23.8,UMBS,1013,257,166,37.4,13.4,0.7,6.4,221.2,8.8,35.9,9.2,2.6,9.8,0.68,9
BP54#1,BP54#1.3,0--15,0--15,15,318.4,L14-0249,318.0016693,0.363,0.903,1.043,0.4172,,,1.00,M,,,,0.6,JML,,,,,,,,,,,,,,2.53,9
BP54#1,BP54#1.3,15--30,15--30,15,318.4,L14-0250,486.7188099,1.141,1.785,3.27,1.308,metal,,1.53,M,sand,4.95,0.3,0.4,UMBS,38,5,5,0.6,51.3,0.2,12.8,3.3,0.8,2.1,1.6,0.5,0.8,3.26,10
BP54#1,BP54#1.3,30--60,30--60,30,636.8,L14-0251,963.0834017,1.473,0.573,4.931,1.9724,charcoal,,1.52,M,,,,0.3,plotXdepth est.,,,,,,,,,,,,,,0.34,14
BP54#1,BP54#1.3,60--100,60--100,40,849.1,L14-0252,1073.775545,0.152,0,247.6,99.04,,,1.43,M,gravelly sand,5.8,0.9,0.1,plotXdepth est.,60,10,5,0.3,63.6,0.1,4.8,0.7,2.8,3.6,4.0,0.0,0.4,0.00,6
BP54#2,BP54#2.1,Oe,Oe,,,L14-0254,16.68,,,,,,7.41,,,,,,36.3,UMBS,,,,,,,,,,,,,,,3
BP54#2,BP54#2.1,A,A,,,L14-0255,142.17,11.29,,,0,,63.19,,,sand,4.89,8.8,25.7,UMBS,1279,197,190,32.7,7.7,1.3,3.2,223.6,4.7,25.4,15.5,2.1,10.6,2.36,16
BP54#2,BP54#2.1,0--15,0--15,15,318.4,L14-0256,300.4713502,0.681,1.672,0.456,0.1824,,,0.94,M,,,,0.5,JML,,,,,,,,,,,,,,3.55,7
BP54#2,BP54#2.1,15--30,15--30,15,318.4,L14-0257,520.591035,1.604,0.214,1.88,0.752,,,1.64,M,sand,5.06,0.5,0.4,JML,36,14,9,1.3,108.0,0.2,10.5,2.0,1.7,4.4,2.2,0.4,0.7,0.94,9
BP54#2,BP54#2.1,30--60,30--60,30,636.8,L14-0258,1035.964314,0.424,0.348,11.846,4.7384,,,1.64,M,,,,0.4,JML,,,,,,,,,,,,,,0.15,20
BP54#2,BP54#2.1,60--100,60--100,40,849.1,L14-0259,1285.816307,0.066,0.028,7.116,2.8464,,,1.52,M,sand,5.91,0.4,0.1,JML,20,6,5,0.3,31.2,0.1,3.8,0.2,1.2,3.0,9.9,0.0,0.2,0.00,5
BP54#2,BP54#2.2,Oe,Oe,,,L14-0261,24.58,,,,,,10.92,,,,,,43.7,UMBS,,,,,,,,,,,,,,,5
BP54#2,BP54#2.2,A,A,,,L14-0262,180.11,12.13,,0,0,,80.05,,,sand,4.93,16,32.6,UMBS,1464,316,193,45.2,13.7,0.5,6.4,313.5,8.9,35.2,7.2,1.8,11.5,2.53,26
BP54#2,BP54#2.2,0--15,0--15,15,318.4,L14-0263,324.6262034,0.496,0.291,1.423,0.5692,,,1.02,M,,,,0.9,JML,,,,,,,,,,,,,,5.05,14
BP54#2,BP54#2.2,15--30,15--30,15,318.4,L14-0264,678.0768987,2.282,2.136,0.13,0.052,metal,,1.46,G,sand,4.74,0.5,0.5,UMBS,18,13,5,1.3,113.8,0.2,13.1,2.5,1.5,4.7,1.3,0.8,1.0,1.66,11
BP54#2,BP54#2.2,30--60,30--60,30,636.8,L14-0265,913.9091544,0.752,0.29,12.362,4.9448,,,1.45,M,,,,0.4,plotXdepth est.,,,,,,,,,,,,,,0.13,17
BP54#2,BP54#2.2,60--100,60--100,40,849.1,L14-0266,1265.831902,0.057,0.153,0.665,0.266,hole in bag,,1.49,M,sand,5.44,0.4,0.1,plotXdepth est.,11,6,2,0.2,35.5,0.1,3.9,0.4,2.0,1.8,7.1,0.0,0.1,0.00,5
BP54#2,BP54#2.3,Oe,Oe,,,L14-0268,13.16,,,,,,5.85,,,,,,37.2,UMBS,,,,,,,,,,,,,,,2
BP54#2,BP54#2.3,A,A,,,L14-0269,167.52,6.4,,0,0,,74.45,,,sand,4.89,14.4,14.9,UMBS,1094,263,140,24.9,15.3,0.8,6.5,301.4,5.0,26.7,5.9,1.9,9.2,1.34,11
BP54#2,BP54#2.3,0--15,0--15,15,318.4,L14-0270,333.0871577,0.842,0.627,11.97,4.788,,,1.06,M,,,,0.7,JML,,,,,,,,,,,,,,3.55,12
BP54#2,BP54#2.3,15--30,15--30,15,318.4,L14-0271,466.0221366,1.606,3.037,23.962,9.5848,,,1.51,M,sand,4.98,0.7,0.5,UMBS,51,14,9,0.8,108.9,0.2,10.3,9.7,1.8,4.5,2.4,0.8,1.2,1.21,12
BP54#2,BP54#2.3,30--60,30--60,30,636.8,L14-0272,1012.199035,0.549,0.102,10.308,4.1232,,,1.60,M,,,,0.4,plotXdepth est.,,,,,,,,,,,,,,0.00,19
BP54#2,BP54#2.3,60--100,60--100,40,849.1,L14-0273,1227.579048,0.001,0.668,0.006,0.0024,,,1.45,M,sand,5.87,1.6,0.1,plotXdepth est.,14,5,3,0.3,28.5,0.1,4.0,0.8,1.5,2.3,12.5,0.0,0.1,0.00,5
BP80#1,BP80#1.1,Oe,Oe,,,L14-0275,56.98,,,,,,25.32,,,,,,39.5,UMBS,,,,,,,,,,,,,,,10
BP80#1,BP80#1.1,A,A,,,L14-0276,162.13,21.3,,0,0,,72.06,,,sand,4.6,13.8,27.0,UMBS,1154,295,190,33.1,12.0,0.8,4.1,108.6,5.3,38.3,14.3,2.8,10.9,4.45,19
BP80#1,BP80#1.1,0--15,0--15,15,318.4,L14-0277,376.3599571,0.493,1.505,0.84,0.336,,,1.18,M,,,,0.7,JML,,,,,,,,,,,,,,1.35,12
BP80#1,BP80#1.1,15--30,15--30,15,318.4,L14-0278,420.182913,0.609,0.464,2.066,0.8264,,,1.32,M,sand,4.97,0.6,0.3,JML,23,11,5,1.0,62.0,0.2,8.7,18.3,1.6,3.2,1.1,0.4,0.6,0.16,6
BP80#1,BP80#1.1,30--60,30--60,30,636.8,L14-0279,997.5436397,0.074,7.949,4.42,1.768,,,1.57,M,,,,0.3,JML,,,,,,,,,,,,,,0.01,12
BP80#1,BP80#1.1,60--100,60--100,40,849.1,L14-0280,1570.409692,0.006,0.326,1.429,0.5716,,,1.85,M,sand,6.03,0.4,0.1,JML,18,7,3,0.4,27.7,0.1,3.2,0.9,1.2,3.4,4.0,0.0,0.1,0.00,4
BP80#1,BP80#1.2,Oe,Oe,,,L14-0282,24.24,,,,,,10.77,,,,,,31.3,UMBS,,,,,,,,,,,,,,,3
BP80#1,BP80#1.2,A,A,,,L14-0283,189.65,15.28,,0,0,tons of hyphae,84.29,,,sand,4.37,13.6,20.0,UMBS,922,259,131,28.4,11.5,0.6,3.8,88.1,4.9,27.2,8.4,3.6,9.9,3.19,17
BP80#1,BP80#1.2,0--15,0--15,15,318.4,L14-0284,416.2321774,5.537,1.954,1.539,0.6156,,,1.31,M,,,,0.8,JML,,,,,,,,,,,,,,1.25,16
BP80#1,BP80#1.2,15--30,15--30,15,318.4,L14-0285,395.2713044,0.566,17.675,2.275,0.91,,,1.25,M,sand,4.84,1,0.6,UMBS,122,33,13,1.6,109.4,0.2,9.8,5.5,1.6,6.4,3.4,0.9,1.7,1.58,11
BP80#1,BP80#1.2,30--60,30--60,30,636.8,L14-0286,1024.312868,0.716,4.68,4.76,1.904,metal,,1.61,M,,,,0.3,plotXdepth est.,,,,,,,,,,,,,,0.09,13
BP80#1,BP80#1.2,60--100,60--100,40,849.1,L14-0287,1275.260784,0.042,0.021,0.351,0.1404,,,1.50,M,sand,6.42,0.2,0.1,plotXdepth est.,44,14,10,1.1,24.3,0.1,3.0,1.6,2.0,1.4,9.6,0.0,0.3,0.00,3
BP80#1,BP80#1.3,Oe,Oe,,,L14-0289,16.91,,,,,,7.52,,,,,,36.2,UMBS,,,,,,,,,,,,,,,3
BP80#1,BP80#1.3,A,A,,,L14-0290,63.82,1.03,,0,0,,28.36,,,sand,5.21,8.6,16.0,UMBS,918,93,111,11.2,18.6,0.5,4.3,72.3,3.6,11.1,11.3,1.4,7.2,0.22,5
BP80#1,BP80#1.3,0--15,0--15,15,318.4,L14-0291,449.3576551,0.401,0.161,6.69,2.676,,,1.42,M,,,,0.4,JML,,,,,,,,,,,,,,0.25,9
BP80#1,BP80#1.3,15--30,15--30,15,318.4,L14-0292,318.4019429,0.111,0.115,8.988,3.5952,,,1.46,G,sand,5.22,1.2,0.4,UMBS,18,18,5,1.0,109.1,0.2,5.6,1.4,1.7,13.7,1.2,0.0,0.2,0.80,8
BP80#1,BP80#1.3,30--60,30--60,30,636.8,L14-0293,1113.121893,0.362,1.236,24.18,9.672,metal,,1.77,M,,,,0.3,plotXdepth est.,,,,,,,,,,,,,,0.00,14
BP80#1,BP80#1.3,60--100,60--100,40,849.1,L14-0294,1276.936545,0,0.021,4.432,1.7728,no roots,,1.51,M,sand,5.63,0.2,0.1,plotXdepth est.,7,7,1,0.3,29.1,0.1,2.8,0.9,1.6,10.0,28.6,0.0,0.1,0.00,3
BP80#2,BP80#2.1,Oe,Oe,,,L14-0296,20.69,,,,,,9.20,,,,,,38.4,UMBS,,,,,,,,,,,,,,,4
BP80#2,BP80#2.1,A,A,,,L14-0297,25.41,1.1,,0,0,,11.29,,,sand,5.09,23.9,29.5,UMBS,1674,203,232,46.5,8.3,1.1,2.8,180.9,8.0,20.0,12.3,1.5,12.3,0.23,3
BP80#2,BP80#2.1,0--15,0--15,15,318.4,L14-0298,381.7834932,0.93,2.89,2.88,1.152,,,1.20,M,,,,1.0,JML,,,,,,,,,,,,,,4.88,17
BP80#2,BP80#2.1,15--30,15--30,15,318.4,L14-0299,429.3692321,2.203,1.132,4.5,1.8,hyphae,,1.36,M,sand,4.61,0.8,0.4,JML,15,10,4,3.7,104.7,0.3,19.6,2.7,2.1,4.6,1.9,1.1,1.2,1.10,9
BP80#2,BP80#2.1,30--60,30--60,30,636.8,L14-0300,984.7161866,0.497,0.604,4.36,1.744,metal,,1.55,M,,,,0.2,JML,,,,,,,,,,,,,,0.31,11
BP80#2,BP80#2.1,60--100,60--100,40,849.1,L14-0301,1558.640377,0.14,0.032,9.118,3.6472,,,1.84,M,sand,5.31,0.8,0.1,plotXdepth est.,5,4,1,0.3,39.7,0.1,3.7,0.9,2.7,26.3,16.0,0.0,0.1,0.00,6
BP80#2,BP80#2.2,Oe,Oe,,,L14-0303,21.27,,,,,,9.45,,,,,,38.5,UMBS,,,,,,,,,,,,,,,4
BP80#2,BP80#2.2,A,A,,,L14-0304,184.26,32.76,,0,0,,81.89,,,sand,4.82,12,20.7,UMBS,897,265,158,36.3,9.8,0.6,4.8,246.6,4.7,25.3,7.1,2.0,8.5,6.84,17
BP80#2,BP80#2.2,0--15,0--15,15,318.4,L14-0305,397.6462372,0.837,1.133,3.47,1.388,,,1.25,M,,,,0.5,JML,,,,,,,,,,,,,,1.01,10
BP80#2,BP80#2.2,15--30,15--30,15,318.4,L14-0306,402.5862708,0.457,0.421,51.228,20.4912,,,1.35,M,sand,4.84,1,0.6,UMBS,31,9,6,0.8,122.2,0.1,11.8,4.8,2.4,5.1,3.4,0.8,1.0,2.87,13
BP80#2,BP80#2.2,30--60,30--60,30,636.8,L14-0307,1065.696811,1.296,0.377,30.54,12.216,metal,,1.71,M,,,,0.2,plotXdepth est.,,,,,,,,,,,,,,0.48,12
BP80#2,BP80#2.2,60--100,60--100,40,849.1,L14-0308,1354.22665,0.216,0.075,8.239,3.2956,,,1.60,M,gravelly sand,5.59,0.7,0.1,JML,11,5,2,0.3,38.5,0.1,4.9,0.7,1.4,5.3,15.4,0.0,0.1,0.00,5
BP80#2,BP80#2.3,Oe,Oe,,,L14-0310,21.46,,,,,,9.54,,,,,,33.5,UMBS,,,,,,,,,,,,,,,3
BP80#2,BP80#2.3,A,A,,,L14-0311,162.5,2.65,,0,0,,72.22,,,sand,4.77,10.4,18.5,UMBS,985,185,134,23.9,16.1,1.6,6.3,124.9,6.2,23.3,14.2,2.2,8.8,0.55,13
BP80#2,BP80#2.3,0--15,0--15,15,318.4,L14-0312,340.3996938,0.763,1.992,0.24,0.096,,,1.07,M,,,,1.0,JML,,,,,,,,,,,,,,2.04,16
BP80#2,BP80#2.3,15--30,15--30,15,318.4,L14-0313,499.2227245,0.924,0.339,1.024,0.4096,charcoal,,1.57,M,sand,4.86,0.8,0.5,UMBS,14,11,3,0.8,99.9,0.2,9.2,6.5,1.9,6.3,2.0,0.5,0.7,0.83,13
BP80#2,BP80#2.3,30--60,30--60,30,636.8,L14-0314,1069.157017,0.376,0.277,8.46,3.384,metal,,1.69,M,,,,0.2,plotXdepth est.,,,,,,,,,,,,,,0.13,12
BP80#2,BP80#2.3,60--100,60--100,40,849.1,L14-0315,1234.922632,0.06,0,5.647,2.2588,no wood,,1.46,M,sand,5.54,0.6,0.1,plotXdepth est.,6,4,1,0.3,32.2,0.0,4.0,0.7,1.4,4.1,8.4,0.0,0.1,0.00,4
BP80#3,BP80#3.1,Oe,Oe,,,L14-0317,22.45,,,,,,9.98,,,,,,35.7,UMBS,,,,,,,,,,,,,,,4
BP80#3,BP80#3.1,A,A,,,L14-0318,102.88,13.19,,0,0,,45.72,,,sand,4.97,10.1,20.3,UMBS,1137,173,224,21.1,10.5,0.6,3.5,101.8,2.6,17.9,10.8,1.8,9.7,2.76,9
BP80#3,BP80#3.1,0--15,0--15,15,318.4,L14-0319,324.6455147,5.126,0.87,0.45,0.18,,,1.02,M,,,,1.2,JML,,,,,,,,,,,,,,1.59,19
BP80#3,BP80#3.1,15--30,15--30,15,318.4,L14-0320,449.4145412,0.72,7.448,7.995,3.198,,,1.43,M,sand,4.77,0.8,0.5,JML,72,11,12,2.8,107.3,0.1,21.2,4.1,1.7,3.5,4.5,0.8,1.3,1.25,11
BP80#3,BP80#3.1,30--60,30--60,30,636.8,L14-0321,995.3404945,0.563,0.741,29.38,11.752,"metal, charcoal",,1.59,M,,,,0.3,JML,,,,,,,,,,,,,,1.26,16
BP80#3,BP80#3.1,60--100,60--100,40,849.1,L14-0322,1309.684223,0.57,1.44,107.279,42.9116,,,1.62,M,s. clay loam,5.78,0.8,0.1,JML,209,17,84,0.3,47.8,1.2,3.2,2.9,4.8,3.5,3.2,0.0,1.8,0.00,8
BP80#3,BP80#3.2,Oe,Oe,,,L14-0324,22.38,,,,,,9.95,,,,,,36.1,UMBS,,,,,,,,,,,,,,,4
BP80#3,BP80#3.2,A,A,,,L14-0325,137.45,10.85,,0,0,Tons of hyphae,61.09,,,sand,4.92,9.6,20.6,UMBS,970,155,117,20.1,10.9,1.1,4.5,130.2,4.0,17.8,12.7,1.8,8.0,2.27,13
BP80#3,BP80#3.2,0--15,0--15,15,318.4,L14-0326,386.8249129,0.41,5.154,0.72,0.288,,,1.22,M,,,,0.8,JML,,,,,,,,,,,,,,4.46,15
BP80#3,BP80#3.2,15--30,15--30,15,318.4,L14-0327,415.7762202,2.016,5.32,4.156,1.6624,hyphae,,1.31,M,sand,5.09,1.2,0.6,UMBS,39,14,7,4.1,102.0,0.3,10.2,5.4,1.4,4.7,1.4,0.6,0.9,2.48,11
BP80#3,BP80#3.2,30--60,30--60,30,636.8,L14-0328,1053.849857,1.121,0.241,34.87,13.948,metal,,1.69,M,,,,0.3,plotXdepth est.,,,,,,,,,,,,,,0.48,17
BP80#3,BP80#3.2,60--100,60--100,40,849.1,L14-0329,1563.549232,0.219,0.02,15.655,6.262,metal,,1.86,M,sand,5.69,0.4,0.1,plotXdepth est.,8,6,2,0.4,31.9,0.2,4.5,0.4,0.6,2.9,4.8,0.0,0.1,0.00,9
BP80#3,BP80#3.3,Oe,Oe,,,L14-0331,34.71,,,,,,15.43,,,,,,23.9,UMBS,,,,,,,,,,,,,,,4
BP80#3,BP80#3.3,A,A,,,L14-0332,301.18,14.55,,0,0,,133.86,,,sand,4.84,7.6,11.9,UMBS,1012,194,147,16.0,31.8,1.0,11.2,343.1,4.4,28.4,11.2,2.0,8.8,3.04,16
BP80#3,BP80#3.3,0--15,0--15,15,318.4,L14-0333,402.7586774,1.67,3.232,2.82,1.128,,,1.27,M,,,,1.2,JML,,,,,,,,,,,,,,1.10,23
BP80#3,BP80#3.3,15--30,15--30,15,318.4,L14-0334,466.2811622,0.495,1.521,9.688,3.8752,metal,,1.48,M,sand,5.2,1.6,0.8,UMBS,79,14,8,1.1,145.7,0.2,6.7,2.1,2.2,7.3,0.9,0.4,0.9,1.35,18
BP80#3,BP80#3.3,30--60,30--60,30,636.8,L14-0335,1087.36,0.61,2.58,24.07,9.628,metal,,1.73,M,,,,0.3,plotXdepth est.,,,,,,,,,,,,,,0.00,17
BP80#3,BP80#3.3,60--100,60--100,40,849.1,L14-0336,1405.658177,0.002,0.24,11.879,4.7516,metal,,1.66,M,loamy sand,5.92,0.2,0.1,plotXdepth est.,61,8,8,0.5,24.2,0.2,3.1,1.0,1.8,1.3,9.9,0.0,0.4,0.00,8
BP98#1,BP98#1.1,Oe,Oe,,,L14-0338,24.44,,,,,,10.86,,,,,,37.7,UMBS,,,,,,,,,,,,,,,4
BP98#1,BP98#1.1,A,A,,,L14-0339,180.49,6.63,,0,0,Lots of charcoal,80.22,,,sand,5.22,8.3,10.3,UMBS,1742,99,233,10.7,18.1,0.5,6.3,100.5,2.6,15.9,16.2,1.7,12.6,1.38,8
BP98#1,BP98#1.1,0--15,0--15,15,318.4,L14-0340,356.2590488,1.1,3.241,16.8,6.72,,,1.14,M,,,,0.9,JML,,,,,,,,,,,,,,2.06,16
BP98#1,BP98#1.1,15--30,15--30,15,318.4,L14-0341,461.8014816,0.932,0.363,12.754,5.1016,metal,,1.47,M,sand,5.15,0.9,0.6,JML,38,14,6,0.7,135.8,0.4,5.8,1.1,2.1,18.1,0.8,0.3,0.6,1.68,13
BP98#1,BP98#1.1,30--60,30--60,30,636.8,L14-0342,955.7788777,0.758,1.639,6.269,2.5076,metal,,1.51,M,,,,0.2,JML,,,,,,,,,,,,,,0.35,10
BP98#1,BP98#1.1,60--100,60--100,40,849.1,L14-0343,1325.210243,0.156,0.441,122.936,49.1744,,,1.66,M,gravelly sand,5.34,0.4,0.0,JML,13,8,3,0.7,42.5,0.2,4.2,1.3,2.4,3.3,2.1,0.0,0.1,0.00,3
BP98#1,BP98#1.2,Oe,Oe,,,L14-0345,21.74,,,,,,9.66,,,,,,33.3,UMBS,,,,,,,,,,,,,,,3
BP98#1,BP98#1.2,A,A,,,L14-0346,24.74,0,,0,0,"Charcoal, no roots",11.00,,,sand,5.73,,11.9,UMBS,1312,83,148,16.9,5.0,0.3,1.9,111.0,0.1,8.3,8.1,0.4,8.4,0.00,1
BP98#1,BP98#1.2,0--15,0--15,15,318.4,L14-0347,447.7632662,0.96,1.518,1.33,0.532,,,1.41,M,,,,0.7,JML,,,,,,,,,,,,,,0.83,14
BP98#1,BP98#1.2,15--30,15--30,15,318.4,L14-0348,476.4257976,0.377,1.839,13.71,5.484,,,1.52,M,sand,5.26,0.5,0.5,UMBS,98,11,15,1.6,43.9,0.1,5.4,1.4,2.0,2.1,1.5,0.0,0.7,1.04,10
BP98#1,BP98#1.2,30--60,30--60,30,636.8,L14-0349,950.0736169,0.47,7.757,11.38,4.552,metal,,1.50,M,,,,0.2,plotXdepth est.,,,,,,,,,,,,,,0.01,10
BP98#1,BP98#1.2,60--100,60--100,40,849.1,L14-0350,1298.937611,0.003,0,1.925,0.77,"no wood, metal",,1.53,M,sand,5.63,0.7,0.0,plotXdepth est.,10,10,2,0.3,37.9,0.2,4.5,1.1,1.4,5.8,16.2,0.0,0.1,0.00,3
BP98#2,BP98#2.1,Oe,Oe,,,L14-0352,31.2,,,,,,13.87,,,,,,33.4,UMBS,,,,,,,,,,,,,,,5
BP98#2,BP98#2.1,A,A,,,L14-0353,116.92,3.81,,0,0,,51.96,,,sand,5.44,8,26.5,plotXdepth mean,1724,120,205,14.2,14.9,0.2,4.4,120.8,3.1,13.6,14.8,1.2,11.8,0.80,14
BP98#2,BP98#2.1,0--15,0--15,15,318.4,L14-0354,439.2541937,1.058,1.362,3.61,1.444,,,1.39,M,,,,0.7,JML,,,,,,,,,,,,,,0.96,14
BP98#2,BP98#2.1,15--30,15--30,15,318.4,L14-0355,414.5530119,0.432,0.867,84.56,33.824,metal,,1.46,M,sand,5.54,0.5,0.3,JML,51,11,7,0.6,58.5,0.1,5.3,2.8,1.4,3.0,1.2,0.0,0.3,0.60,7
BP98#2,BP98#2.1,30--60,30--60,30,636.8,L14-0356,1039.128125,0.272,0.08,3.488,1.3952,metal,,1.64,M,,,,0.3,plotXdepth est.,,,,,,,,,,,,,,0.44,13
BP98#2,BP98#2.1,60--100,60--100,40,849.1,L14-0357,1571.226121,0.197,0.025,8.471,3.3884,metal,,1.86,M,sand,5.84,0.4,0.1,plotXdepth est.,21,6,3,0.3,32.5,0.1,3.1,0.4,1.6,3.8,3.6,0.0,0.1,0.00,7
BP98#2,BP98#2.2,Oe,Oe,,,L14-0359,16.12,,,,,,7.16,,,,,,40.9,UMBS,,,,,,,,,,,,,,,3
BP98#2,BP98#2.2,A,A,,,L14-0360,368.32,7.17,,0,0,Much charcoal in Oe,163.70,,,sand,5.25,7.7,32.6,UMBS,1070,101,161,11.0,14.7,0.7,4.2,129.4,0.4,11.1,14.0,1.6,8.6,1.50,53
BP98#2,BP98#2.2,0--15,0--15,15,318.4,L14-0361,360.2560674,6.679,0.378,7.34,2.936,,,1.14,M,,,,0.7,JML,,,,,,,,,,,,,,4.13,12
BP98#2,BP98#2.2,15--30,15--30,15,318.4,L14-0362,472.8845406,1.865,0.249,38.524,15.4096,,,1.56,M,sand,4.88,0.8,0.6,UMBS,45,9,8,1.3,115.1,0.1,12.2,2.8,2.4,4.3,3.5,0.8,1.1,0.89,14
BP98#2,BP98#2.2,30--60,30--60,30,636.8,L14-0363,900.7644291,0.403,0.01,101.332,40.5328,metal,,1.51,M,,,,0.3,JML,,,,,,,,,,,,,,0.60,12
BP98#2,BP98#2.2,60--100,60--100,40,849.1,L14-0364,1136.376957,0.269,0,79.712,31.8848,"metal, no wood",,1.39,M,gravelly sand,5.42,0.2,0.1,plotXdepth est.,8,4,2,0.4,44.7,0.1,4.7,1.0,1.2,6.3,6.4,0.0,0.1,0.00,5
BP98#2,BP98#2.3,Oe,Oe,,,L14-0366,35.33,,,,,,15.70,,,,,,36.7,UMBS,,,,,,,,,,,,,,,6
BP98#2,BP98#2.3,A,A,,,L14-0367,130.2,9.55,,0,0,,57.87,,,sand,5.23,13.5,20.4,UMBS,1597,205,238,19.0,19.2,0.6,7.0,253.0,3.1,21.3,12.2,1.5,12.0,1.99,12
BP98#2,BP98#2.3,0--15,0--15,15,318.4,L14-0368,293.3392454,1.405,5.303,0.32,0.128,,,0.92,M,,,,0.5,JML,,,,,,,,,,,,,,2.43,7
BP98#2,BP98#2.3,15--30,15--30,15,318.4,L14-0369,385.6861529,1.098,0.848,11.239,4.4956,metal,,1.23,M,sand,4.84,0.5,0.5,UMBS,54,18,9,2.3,93.1,0.2,12.1,12.5,1.6,4.0,2.1,0.8,1.1,0.60,9
BP98#2,BP98#2.3,30--60,30--60,30,636.8,L14-0370,1021.805602,0.272,0.09,2.762,1.1048,,,1.61,M,,,,0.3,plotXdepth est.,,,,,,,,,,,,,,0.10,12
BP98#2,BP98#2.3,60--100,60--100,40,849.1,L14-0371,1280.854661,0.043,0,12.27,4.908,,,1.52,M,loamy sand,5.96,0.2,0.1,JML,59,13,11,0.3,44.6,0.2,3.1,0.8,1.6,3.1,5.1,0.0,0.4,0.00,5
BP98#2,BP98#2.4,Oe,Oe,,,L14-0373,12.87,,,,,,5.72,,,,,,35.5,UMBS,,,,,,,,,,,,,,,2
BP98#2,BP98#2.4,A,A,,,L14-0374,103.53,3.33,,0,0,,46.01,,,sand,4.89,8.5,16.3,UMBS,757,147,119,8.3,35.6,1.4,14.6,196.0,6.1,21.1,10.4,2.3,7.5,0.70,8
BP98#2,BP98#2.4,0--15,0--15,15,318.4,L14-0375,417.581052,0.811,0.526,1,0.4,,,1.31,M,,,,0.5,JML,,,,,,,,,,,,,,1.74,9
BP98#2,BP98#2.4,15--30,15--30,15,318.4,L14-0376,405.1629231,0.784,6.702,6.399,2.5596,,,1.28,M,sand,5.07,0.8,0.5,UMBS,21,21,5,1.4,134.7,0.1,8.7,4.3,2.0,22.6,0.9,0.3,0.5,1.30,10
BP98#2,BP98#2.4,30--60,30--60,30,636.8,L14-0377,1004.278997,0.586,1.79,19,7.6,metal,,1.60,M,,,,0.3,plotXdepth est.,,,,,,,,,,,,,,0.10,12
BP98#2,BP98#2.4,60--100,60--100,40,849.1,L14-0378,1492.192459,0.045,0.139,35.424,14.1696,metal,,1.79,M,gravelly sand,5.55,0.2,0.1,plotXdepth est.,31,6,12,0.5,36.1,0.1,5.0,2.0,1.0,1.3,1.7,0.0,0.3,0.00,6
AC103,AC103.1,Oe,Oe,,,L14-0380,25.74,,,,,,11.44,,,,,,37.8,UMBS,,,,,,,,,,,,,,,4
AC103,AC103.1,A,A,,,L14-0381,184.97,9.09,,0,0,rerun,82.21,,,sand,4.33,10.4,30.9,UMBS,363,200,110,36.2,17.9,1.1,4.1,80.6,4.5,30.3,8.8,3.9,7.2,1.90,25
AC103,AC103.1,0--15,0--15,15,318.4,L14-0382,311.1063198,0.656,,,0,,,0.98,M,,,,0.8,JML,,,,,,,,,,,,,,1.72,12
AC103,AC103.1,15--30,15--30,15,318.4,L14-0383,312.4601068,0.779,1.175,0.143,0.0572,metal,,1.46,G,sand,4.28,0.3,0.3,JML,9,11,4,1.6,27.4,0.2,9.5,0.9,1.5,2.5,7.6,1.2,1.4,1.81,7
AC103,AC103.1,30--60,30--60,30,636.8,L14-0384,1037.821484,0.818,23.44,1.065,0.426,metal,,1.63,M,,,,0.3,JML,,,,,,,,,,,,,,0.14,15
AC103,AC103.1,60--100,60--100,40,849.1,L14-0385,1628.065426,0.065,0.509,4.811,1.9244,,,1.92,M,sand,5.73,0.2,0.2,plotXdepth est.,8,8,2,0.4,27.1,0.1,3.2,1.0,1.2,2.9,9.7,0.0,0.1,0.00,17
AC103,AC103.2,Oe,Oe,,,L14-0387,19.07,,,,,,8.48,,,,,,39.3,UMBS,,,,,,,,,,,,,,,3
AC103,AC103.2,A,A,,,L14-0388,110.63,6.95,,0,0,,49.17,,,sand,4.04,14.9,28.6,UMBS,490,222,137,47.8,14.5,2.0,3.3,51.3,5.1,29.8,14.6,4.4,8.6,1.45,14
AC103,AC103.2,0--15,0--15,15,318.4,L14-0389,334.1410654,1.412,,,0,,,1.05,M,,,,0.7,JML,,,,,,,,,,,,,,3.31,11
AC103,AC103.2,15--30,15--30,15,318.4,L14-0390,392.9836635,1.497,7.568,1.987,0.7948,,,1.24,M,sand,4.19,0.7,0.8,UMBS,11,11,5,1.2,51.9,0.1,13.3,0.3,1.7,2.9,2.7,1.6,1.8,2.85,14
AC103,AC103.2,30--60,30--60,30,636.8,L14-0391,1055.984648,1.288,2.1,4.01,1.604,"metal, charcoal",,1.66,M,,,,0.3,plotXdepth est.,,,,,,,,,,,,,,0.08,15
AC103,AC103.2,60--100,60--100,40,849.1,L14-0392,1605.064662,0.034,0,50.045,20.018,,,1.94,M,sand,5.22,0.4,0.2,JML,6,7,2,0.6,55.8,0.1,7.9,4.5,1.4,19.1,15.9,0.0,0.1,0.00,17
AC103,AC103.3,Oe,Oe,,,L14-0394,13.2,,,,,,5.87,,,,,,19.9,UMBS,,,,,,,,,,,,,,,1
AC103,AC103.3,A,A,,,L14-0395,309.67,9.36,,0,0,,137.63,,,sand,4.25,8.3,17.6,UMBS,175,147,54,20.3,18.0,8.6,4.9,43.7,3.2,19.6,17.6,3.3,5.0,1.96,24
AC103,AC103.3,0--15,0--15,15,318.4,L14-0396,381.1265568,0.958,,,0,,,1.20,M,,,,0.4,JML,,,,,,,,,,,,,,3.88,7
AC103,AC103.3,15--30,15--30,15,318.4,L14-0397,486.8095066,1.752,0.87,0.137,0.0548,metal,,1.53,M,sand,4.65,0.3,0.3,UMBS,7,9,2,1.2,77.9,0.1,20.4,0.9,1.6,5.0,2.5,0.6,0.7,2.48,7
AC103,AC103.3,30--60,30--60,30,636.8,L14-0398,1033.145082,1.122,0.26,0.914,0.3656,metal,,1.62,M,,,,0.3,plotXdepth est.,,,,,,,,,,,,,,0.24,15
AC103,AC103.3,60--100,60--100,40,849.1,L14-0399,1649.40831,0.11,0,0.943,0.3772,,,1.94,M,sand,5.67,0.2,0.2,plotXdepth est.,9,7,2,0.3,31.7,0.0,3.6,1.3,1.3,8.8,21.6,0.0,0.1,0.00,17
AC104,AC104.1,Oe,Oe,,,L14-0401,14.06,,,,,,6.25,,,,,,32.8,UMBS,,,,,,,,,,,,,,,2
AC104,AC104.1,A,A,,,L14-0402,165.35,8.61,,0,0,rerun,73.49,,,sand,4.13,11.4,18.3,UMBS,531,272,97,33.3,23.2,1.4,5.9,72.1,4.3,29.5,8.2,4.1,8.3,1.80,13
AC104,AC104.1,0--15,0--15,15,318.4,L14-0403,420.3854658,1.02,,,0,,,1.32,M,,,,0.8,JML,,,,,,,,,,,,,,1.23,15
AC104,AC104.1,15--30,15--30,15,318.4,L14-0404,363.5672847,0.554,1.941,1.33,0.532,,,1.14,M,sand,4.56,0.5,0.3,JML,9,11,3,1.6,53.2,0.1,16.6,0.9,1.6,3.4,7.5,1.0,1.1,1.96,6
AC104,AC104.1,30--60,30--60,30,636.8,L14-0405,1042.262973,0.884,5.08,8.179,3.2716,"metal, charcoal",,1.65,M,,,,0.3,JML,,,,,,,,,,,,,,0.13,15
AC104,AC104.1,60--100,60--100,40,849.1,L14-0406,1567.127634,0.06,0.08,0.379,0.1516,,,1.85,M,sand,5.42,0.2,0.1,JML,4,7,1,0.4,33.1,0.1,3.5,0.8,1.3,16.4,8.2,0.0,0.1,0.00,6
AC104,AC104.2,Oe,Oe,,,L14-0408,21.47,,,,,,9.54,,,,,,34.2,UMBS,,,,,,,,,,,,,,,3
AC104,AC104.2,A,A,,,L14-0409,146.08,14.09,,0,0,rerun,64.92,,,sand,4.52,6.8,28.0,UMBS,684,169,115,23.1,16.9,0.6,3.8,127.2,6.2,18.0,8.0,2.7,7.5,2.94,18
AC104,AC104.2,0--15,0--15,15,318.4,L14-0410,399.0091592,1.689,,,0,,,1.25,M,,,,0.4,JML,,,,,,,,,,,,,,6.63,7
AC104,AC104.2,15--30,15--30,15,318.4,L14-0411,455.4564324,2.996,1.211,6.308,2.5232,,,1.44,M,sand,4.44,0.8,0.4,UMBS,8,10,3,2.0,129.0,0.2,30.0,1.7,1.9,7.2,1.6,1.3,1.4,1.13,8
AC104,AC104.2,30--60,30--60,30,636.8,L14-0412,994.5464967,0.51,0.12,16.244,6.4976,,,1.58,M,,,,0.3,plotXdepth est.,,,,,,,,,,,,,,0.01,15
AC104,AC104.2,60--100,60--100,40,849.1,L14-0413,1503.907654,0.003,0.013,0.727,0.2908,,,1.77,M,sand,5.24,0.4,0.1,plotXdepth est.,4,5,1,0.7,40.5,0.1,7.4,2.0,1.4,18.6,4.2,0.0,0.1,0.00,5
AC104,AC104.3,Oe,Oe,,,L14-0415,23.13,,,,,,10.28,,,,,,46.8,UMBS,,,,,,,,,,,,,,,5
AC104,AC104.3,A,A,,,L14-0416,217.62,6.73,,0,0,,96.72,,,sand,4.01,6.6,11.9,UMBS,221,258,98,41.2,14.2,1.2,5.3,33.6,9.5,39.2,7.6,3.5,6.2,1.41,12
AC104,AC104.3,0--15,0--15,15,318.4,L14-0417,402.6551333,1.577,,,0,,,1.26,M,,,,0.6,JML,,,,,,,,,,,,,,4.68,12
AC104,AC104.3,15--30,15--30,15,318.4,L14-0418,481.6387427,2.115,0.83,1.919,0.7676,no charcoal,,1.52,M,sand,4.62,0.3,0.3,UMBS,11,11,3,2.0,77.2,0.3,18.6,3.6,2.7,4.2,2.4,0.7,0.8,1.97,7
AC104,AC104.3,30--60,30--60,30,636.8,L14-0419,983.2447883,0.891,0.12,14.999,5.9996,charcoal,,1.56,M,,,,0.3,plotXdepth est.,,,,,,,,,,,,,,0.94,15
AC104,AC104.3,60--100,60--100,40,849.1,L14-0420,1518.444106,0.426,0,1.798,0.7192,"no wood, charcoal",,1.79,M,sand,5.39,0.6,0.1,plotXdepth est.,8,9,2,0.6,39.8,0.0,4.0,1.1,1.0,19.1,2.0,0.0,0.1,0.00,6
AC107,AC107.1,Oe,Oe,,,L14-0422,49.56,,,,,,22.03,,,,,,38.3,UMBS,,,,,,,,,,,,,,,8
AC107,AC107.1,A,A,,,L14-0423,156.07,13.73,,0,0,rerun,69.36,,,sand,4.01,34.5,31.1,UMBS,943,312,142,35.1,16.0,0.4,5.1,38.5,9.6,41.0,7.0,4.5,11.2,2.87,22
AC107,AC107.1,0--15,0--15,15,318.4,L14-0424,343.809983,0.663,1.484,0.93,0.372,,,1.08,M,,,,0.5,JML,,,,,,,,,,,,,,3.66,8
AC107,AC107.1,15--30,15--30,15,318.4,L14-0425,497.4003416,1.655,1.231,3.102,1.2408,,,1.57,M,sand,4.53,1.3,0.7,JML,36,20,9,4.2,122.1,0.3,30.0,13.1,7.3,11.5,2.0,1.3,1.6,3.41,17
AC107,AC107.1,30--60,30--58,28,594.3,L14-0426,871.5928496,1.539,11.253,36.502,14.6008,,,1.50,M,,,,0.3,JML,,,,,,,,,,,,,,0.89,12
AC107,AC107.1,60--100,60--100,40,849.1,L14-0427,1852.173607,0.402,0.354,36.456,14.5824,,,2.22,M,sand,5.34,0.2,0.1,JML,4,3,1,0.4,36.3,0.1,4.7,0.6,0.9,8.5,11.2,0.0,0.0,0.00,13
AC107,AC107.2,Oe,Oe,,,L14-0429,39.42,,,,,,17.52,,,,,,39.6,UMBS,,,,,,,,,,,,,,,7
AC107,AC107.2,A,A,,,L14-0430,187.04,8.97,,0,0,,83.13,,,sand,3.91,9.8,18.0,UMBS,411,132,88,11.4,21.9,0.9,5.9,44.3,5.7,19.8,8.7,4.8,7.9,1.87,15
AC107,AC107.2,0--15,0--15,15,318.4,L14-0431,414.995274,4.125,0.289,0.35,0.14,,,1.30,M,,,,0.7,JML,,,,,,,,,,,,,,5.87,13
AC107,AC107.2,15--30,15--30,15,318.4,L14-0432,517.8199846,2.654,3.78,3.905,1.562,metal,,1.63,M,sand,4.47,0.9,0.5,UMBS,6,10,2,0.7,113.7,0.2,28.1,0.7,2.2,7.0,1.8,1.1,1.2,1.89,11
AC107,AC107.2,30--60,30--60,30,636.8,L14-0433,971.8368696,0.856,0.191,31.09,12.436,,,1.56,M,,,,0.3,UMBS,,,,,,,,,,,,,,0.25,16
AC107,AC107.2,60--100,60--100,40,849.1,L14-0434,1321.748579,0.112,0.076,5.557,2.2228,,,1.56,M,gravelly sand,5.1,0.7,0.1,plotXdepth mean,6,5,2,0.7,47.2,0.1,5.4,2.6,1.2,12.9,11.5,0.0,0.1,0.00,7
AC107,AC107.3,Oe,Oe,,,L14-0436,29.16,,,,,,12.96,,,,,,41.9,UMBS,,,,,,,,,,,,,,,5
AC107,AC107.3,A,A,,,L14-0437,61.15,1.18,,0,0,,27.18,,,sand,4.47,7.6,14.3,UMBS,649,123,90,18.3,17.1,0.6,6.1,166.7,5.0,19.8,6.4,2.5,6.9,0.25,4
AC107,AC107.3,0--15,0--15,15,318.4,L14-0438,443.69,2.702,1.743,7.35,2.94,,,1.41,M,,,,0.5,JML,,,,,,,,,,,,,,1.15,10
AC107,AC107.3,15--30,15--30,15,318.4,L14-0439,480.0875436,0.521,1.13,6.454,2.5816,,,1.52,M,sand,4.8,0.8,0.4,UMBS,8,13,3,3.6,135.8,0.2,14.3,2.6,1.7,18.4,2.0,1.0,1.1,2.59,10
AC107,AC107.3,30--60,30--60,30,636.8,L14-0440,1023.837021,1.169,2.9,15.243,6.0972,,,1.62,M,,,,0.3,UMBS,,,,,,,,,,,,,,0.15,17
AC107,AC107.3,60--100,60--100,40,849.1,L14-0441,1297.348805,0.066,0.012,0.787,0.3148,,,1.53,M,sand,5.22,0.6,0.1,JML,6,3,2,0.4,37.9,0.1,4.5,0.6,0.7,17.4,16.8,0.0,0.1,0.00,4
BF7,BF7.1,Oe,Oe,,,L14-0443,31.92,,,,,,14.19,,,,,,44.1,UMBS,,,,,,,,,,,,,,,6
BF7,BF7.1,A,A,,,L14-0444,224.21,34.5,,0,0,rerun,99.65,,,sand,3.79,19.7,29.5,UMBS,321,373,178,38.4,22.8,0.6,5.2,61.3,17.1,56.8,9.1,6.0,10.1,7.21,29
BF7,BF7.1,0--15,0--15,15,318.4,L14-0445,387.3,1.03,2.535,1.29,0.516,some metal and charcoal,,1.22,M,,,,0.8,JML,,,,,,,,,,,,,,0.99,15
BF7,BF7.1,15--30,15--30,15,318.4,L14-0446,410.6374407,0.447,21.632,16.664,6.6656,metal,,1.32,M,sand,4.16,1.4,0.9,JML,10,16,7,1.1,174.2,0.2,58.0,2.1,1.9,8.7,5.2,2.4,2.5,1.13,18
BF7,BF7.1,30--60,30--60,30,636.8,L14-0447,1018.904758,0.51,1.27,4.607,1.8428,,,1.60,M,,,,0.3,JML,,,,,,,,,,,,,,0.76,16
BF7,BF7.1,60--100,60--100,40,849.1,L14-0448,1261.074704,0.342,1.39,1.125,0.45,,,1.49,M,sand,5.25,0.2,0.1,plotXdepth est.,6,5,2,0.3,43.1,0.1,5.1,0.5,1.1,5.6,10.2,0.0,0.1,0.00,4
BF7,BF7.2,Oe,Oe,,,L14-0450,30.45,,,,,,13.53,,,,,,40.5,UMBS,,,,,,,,,,,,,,,5
BF7,BF7.2,A,A,,,L14-0451,113.39,23.87,,0,0,,50.40,,,sand,4.91,32,32.7,UMBS,713,262,117,29.5,15.1,0.7,6.0,372.5,7.7,29.2,13.0,1.9,7.2,4.99,16
BF7,BF7.2,0--15,0--15,15,318.4,L14-0452,335.99,2.523,3.204,0.88,0.352,some charcoal,,1.06,M,,,,1.4,JML,,,,,,,,,,,,,,1.97,22
BF7,BF7.2,15--30,15--30,15,318.4,L14-0453,346.4906248,0.89,14.897,3.998,1.5992,metal,,1.46,G,sand,4.92,0.3,0.4,UMBS,22,13,5,1.9,116.3,0.1,8.9,5.9,2.8,13.1,3.1,0.4,0.6,1.80,10
BF7,BF7.2,30--60,30--60,30,636.8,L14-0454,1007.675357,0.815,1.808,3.176,1.2704,,,1.59,M,,,,0.3,plotXdepth est.,,,,,,,,,,,,,,1.81,16
BF7,BF7.2,60--100,60--100,40,849.1,L14-0455,1296.312059,0.818,1.095,0.342,0.1368,no charcoal,,1.53,M,sand,5.39,0.2,0.1,JML,9,5,2,0.4,32.8,0.1,3.8,0.7,1.4,7.3,7.7,0.0,0.1,0.00,4
BF7,BF7.3,Oe,Oe,,,L14-0457,18.09,,,,,,8.04,,,,,,45.3,UMBS,,,,,,,,,,,,,,,4
BF7,BF7.3,A,A,,,L14-0458,108.37,10.01,,0,0,,48.16,,,sand,4.47,25.8,32.5,UMBS,624,275,101,39.6,11.7,1.1,3.8,244.0,5.1,32.4,7.2,3.0,7.7,2.09,16
BF7,BF7.3,0--15,0--15,15,318.4,L14-0459,317.11,3.162,0.482,4.23,1.692,little charcoal,,1.00,M,,,,1.4,JML,,,,,,,,,,,,,,1.08,21
BF7,BF7.3,15--30,15--30,15,318.4,L14-0460,418.6670636,0.489,0.669,3.929,1.5716,metal,,1.32,M,sand,4.31,0.3,0.6,UMBS,7,13,3,2.7,115.0,0.4,32.2,0.6,5.0,5.7,3.0,1.8,1.9,1.45,11
BF7,BF7.3,30--60,30--60,30,636.8,L14-0461,902.1862467,0.656,2.02,15.974,6.3896,,,1.43,M,,,,0.3,plotXdepth est.,,,,,,,,,,,,,,1.48,14
BF7,BF7.3,60--100,60--100,40,849.1,L14-0462,1200.846976,0.668,0.431,1.028,0.4112,no charcoal,,1.42,M,sand,5.46,0.2,0.1,plotXdepth est.,8,7,2,0.3,45.2,0.1,3.9,0.2,5.4,4.5,6.1,0.0,0.1,0.00,4
BF8,BF8.1,Oe,Oe,,,L14-0464,19.37,,,,,,8.61,,,,,,44.4,UMBS,,,,,,,,,,,,,,,4
BF8,BF8.1,A,A,,,L14-0465,124.25,7.82,,0,0,,55.22,,,sand,4.1,25.4,22.7,UMBS,567,404,237,59.4,17.7,1.5,4.4,215.3,19.7,75.9,16.5,4.9,10.8,1.63,13
BF8,BF8.1,0--15,0--15,15,318.4,L14-0466,321.81,1.21,4.17,3.124,1.2496,,,1.01,M,,,,0.6,JML,,,,,,,,,,,,,,1.33,10
BF8,BF8.1,15--30,15--30,15,318.4,L14-0467,432.3253233,0.6,3.283,10.954,4.3816,metal,,1.38,M,sand,4.55,0.5,1.6,JML,14,7,4,0.7,129.5,0.2,21.3,2.0,2.1,11.2,2.9,1.4,1.5,2.22,34
BF8,BF8.1,30--60,30--60,30,636.8,L14-0468,975.70278,1.005,1.74,30.146,12.0584,,,1.56,M,,,,0.3,JML,,,,,,,,,,,,,,1.91,15
BF8,BF8.1,60--100,60--100,40,849.1,L14-0469,1309.495416,0.864,0.214,14.766,5.9064,no charcoal,,1.55,M,sand,5.25,0.2,0.1,plotXdepth est.,6,4,2,0.3,48.1,0.1,5.1,0.3,0.8,8.9,8.8,0.0,0.1,0.00,4
BF8,BF8.2,Oe,Oe,,,L14-0471,14.24,,,,,,6.33,,,,,,43.4,UMBS,,,,,,,,,,,,,,,3
BF8,BF8.2,A,A,,,L14-0472,84.66,11.33,,0,0,rerun,37.63,,,sand,4.09,14.6,17.3,UMBS,519,391,172,55.0,16.5,0.6,5.3,175.0,17.9,51.4,6.8,4.0,9.1,2.37,7
BF8,BF8.2,0--15,0--15,15,318.4,L14-0473,432.808,1.113,0.718,0.683,0.2732,,,1.36,M,,,,0.4,JML,,,,,,,,,,,,,,7.08,7
BF8,BF8.2,15--30,15--30,15,318.4,L14-0474,401.5604537,3.199,1.192,8.293,3.3172,not much charcoal,,1.27,M,sand,4.66,0.5,0.5,UMBS,5,10,2,0.7,149.3,0.7,12.1,1.6,3.0,16.0,2.1,0.8,0.9,3.71,9
BF8,BF8.2,30--60,30--60,30,636.8,L14-0475,952.8457162,1.676,1.561,7.119,2.8476,,,1.50,M,,,,0.3,plotXdepth est.,,,,,,,,,,,,,,0.41,15
BF8,BF8.2,60--100,60--100,40,849.1,L14-0476,1281.864619,0.184,0.729,0.854,0.3416,no charcoal,,1.51,M,sand,5.3,0.2,0.1,JML,5,4,2,0.4,34.4,0.1,4.4,0.4,0.8,8.7,11.2,0.0,0.1,0.00,4
BF8,BF8.3,Oe,Oe,,,L14-0478,27.86,,,,,,12.38,,,,,,37.0,UMBS,,,,,,,,,,,,,,,5
BF8,BF8.3,A,A,,,L14-0479,129.45,14.83,,0,0,,57.53,,,sand,3.88,20.7,25.4,UMBS,294,320,127,36.0,17.8,1.1,4.8,78.4,13.1,45.4,10.8,4.6,8.0,3.10,15
BF8,BF8.3,0--15,0--15,15,318.4,L14-0480,336.991,1.542,1.513,0.053,0.0212,,,1.06,M,,,,0.5,JML,,,,,,,,,,,,,,3.34,8
BF8,BF8.3,15--30,15--30,15,318.4,L14-0481,516.0162118,1.509,3.423,0.875,0.35,charcoal,,1.62,M,sand,4.36,0.2,0.3,UMBS,6,7,2,0.9,72.5,0.2,15.3,1.3,1.8,3.2,2.2,1.2,1.3,1.20,8
BF8,BF8.3,30--60,30--60,30,636.8,L14-0482,952.9840247,0.543,0.894,1.848,0.7392,,,1.50,M,,,,0.3,plotXdepth est.,,,,,,,,,,,,,,2.43,15
BF8,BF8.3,60--100,60--100,40,849.1,L14-0483,1188.045204,1.097,7.158,30.9,12.36,no charcoal,,1.42,M,sand,5.13,0.4,0.1,plotXdepth est.,8,8,2,0.3,57.2,0.1,4.5,0.8,1.2,4.4,6.9,0.0,0.1,0.00,4
PSA1,PSA1.1,Oe,Oe,,,L14-0485,31.96,,,,,,14.20,,,,,,45.2,UMBS,,,,,,,,,,,,,,,6
PSA1,PSA1.1,A,A,,,L14-0486,105.9,16.78,,0,0,,47.07,,,sand,4.85,14,18.8,UMBS,1772,248,237,31.1,12.1,0.3,4.0,228.2,6.5,31.8,15.4,2.5,13.9,3.51,9
PSA1,PSA1.1,0--15,0--15,15,318.4,L14-0487,347.4349817,1.083,8.242,0.88,0.352,some charcoal,,1.09,M,,,,1.2,JML,,,,,,,,,,,,,,2.37,20
PSA1,PSA1.1,15--30,15--30,15,318.4,L14-0488,501.7547571,1.073,1.281,8.8,3.52,,,1.59,M,sand,4.98,1,1.4,JML,53,13,10,1.0,109.1,0.1,7.8,6.6,1.5,4.6,2.2,0.7,1.0,1.73,34
PSA1,PSA1.1,30--60,30--60,30,636.8,L14-0489,932.0950988,0.783,1.95,42.954,17.1816,,,1.50,M,,,,0.3,JML,,,,,,,,,,,,,,0.31,12
PSA1,PSA1.1,60--100,60--100,40,849.1,L14-0490,1556.191495,0.14,0,4.824,1.9296,,,1.84,M,sand,5.54,0.2,0.1,JML,15,5,3,0.3,37.9,0.1,4.4,0.9,1.1,3.4,2.7,0.0,0.1,0.00,7
PSA1,PSA1.2,Oe,Oe,,,L14-0492,20.15,,,,,,8.96,,,,,,32.7,UMBS,,,,,,,,,,,,,,,3
PSA1,PSA1.2,A,A,,,L14-0493,172.76,9.79,,0,0,rerun,76.78,,,sand,4.27,7.7,16.8,plotXdepth mean,886,245,133,26.2,18.0,0.4,8.3,117.8,4.6,36.3,5.5,3.3,9.5,2.05,13
PSA1,PSA1.2,0--15,0--15,15,318.4,L14-0494,365.2554257,2.751,1.423,0.52,0.208,little charcoal,,1.15,M,,,,0.9,JML,,,,,,,,,,,,,,2.07,16
PSA1,PSA1.2,15--30,15--30,15,318.4,L14-0495,456.0569713,0.935,3.1,5.29,2.116,,,1.44,M,sand,4.7,0.5,0.5,UMBS,37,26,8,1.8,120.4,0.2,17.0,14.4,1.7,4.9,7.9,1.0,1.3,1.69,11
PSA1,PSA1.2,30--60,30--60,30,636.8,L14-0496,948.7705906,0.765,4.908,2.253,0.9012,,,1.49,M,,,,0.3,plotXdepth est.,,,,,,,,,,,,,,0.27,12
PSA1,PSA1.2,60--100,60--100,40,849.1,L14-0497,1260.324657,0.121,0.086,0.31,0.124,metal,,1.48,M,sand,5.43,0.4,0.1,plotXdepth est.,8,6,2,0.3,33.2,0.1,3.7,0.7,1.4,6.2,12.7,0.0,0.1,0.00,6
PSA1,PSA1.3,Oe,Oe,,,L14-0499,20.18,,,,,,8.97,,,,,,32.2,UMBS,,,,,,,,,,,,,,,3
PSA1,PSA1.3,A,A,,,L14-0500,144.88,5.05,,0,0,,64.39,,,sand,4.72,7.1,14.8,UMBS,749,262,122,33.1,13.6,0.9,5.2,172.8,19.1,28.4,7.1,2.1,7.6,1.05,10
PSA1,PSA1.3,0--15,0--15,15,318.4,L14-0501,439.4747301,0.815,,,0,,,1.38,M,,,,0.4,JML,,,,,,,,,,,,,,1.05,9
PSA1,PSA1.3,15--30,15--30,15,318.4,L14-0502,521.7493629,0.475,0.29,1.262,0.5048,,,1.64,M,sand,5.11,0.3,0.3,UMBS,20,13,7,1.6,130.5,0.1,13.8,1.4,0.8,7.6,1.0,0.1,0.3,0.98,8
PSA1,PSA1.3,30--60,30--60,30,636.8,L14-0503,1048.772618,0.445,0,3.525,1.41,,,1.65,M,,,,0.3,plotXdepth est.,,,,,,,,,,,,,,0.56,13
PSA1,PSA1.3,60--100,60--100,40,849.1,L14-0504,1260.848006,0.253,0,0.137,0.0548,"metal, a lot of soil stuck to roots, no wood",,1.49,M,sand,5.44,0.4,0.1,plotXdepth est.,8,5,2,0.3,37.0,0.2,3.4,0.7,1.9,8.8,14.5,0.0,0.1,0.00,6
PSA2,PSA2.1,Oe,Oe,,,L14-0506,14.19,,,,,,6.31,,,,,,38.5,UMBS,,,,,,,,,,,,,,,2
PSA2,PSA2.1,A,A,,,L14-0507,146.92,5.95,,0,0,,65.30,,,sand,4.63,13.7,22.3,UMBS,897,457,185,51.1,15.3,1.4,5.5,379.1,23.1,44.9,14.1,2.4,9.7,1.24,15
PSA2,PSA2.1,0--15,0--15,15,318.4,L14-0508,403.4478885,1.184,2.979,1.31,0.524,some charcoal,,1.27,M,,,,0.7,JML,,,,,,,,,,,,,,3.94,14
PSA2,PSA2.1,15--30,15--30,15,318.4,L14-0509,442.037745,1.782,1.455,7.69,3.076,,,1.40,M,sand,4.81,0.4,0.3,JML,28,10,5,1.0,124.0,0.1,14.9,2.2,1.1,7.1,1.1,0.7,0.9,2.01,7
PSA2,PSA2.1,30--60,30--60,30,636.8,L14-0510,1050.712365,0.908,1.34,3.147,1.2588,metal,,1.65,M,,,,0.3,JML,,,,,,,,,,,,,,0.17,13
PSA2,PSA2.1,60--100,60--100,40,849.1,L14-0511,1567.256565,0.076,0.031,4.071,1.6284,metal,,1.85,M,sand,5.27,0.2,0.1,plotXdepth est.,12,4,2,0.5,30.8,0.1,6.4,0.7,1.8,12.3,4.2,0.0,0.1,0.00,5
PSA2,PSA2.2,Oe,Oe,,,L14-0513,32.38,,,,,,14.39,,,,,,45.1,UMBS,,,,,,,,,,,,,,,6
PSA2,PSA2.2,A,A,,,L14-0514,83.94,19.89,,0,0,,37.31,,,sand,4.47,23.4,20.5,UMBS,492,786,128,36.6,19.6,1.1,16.7,152.3,4.7,90.3,7.3,3.2,8.8,4.15,8
PSA2,PSA2.2,0--15,0--15,15,318.4,L14-0515,346.890304,1.141,,,0,,,1.09,M,,,,1.1,JML,,,,,,,,,,,,,,4.98,18
PSA2,PSA2.2,15--30,15--30,15,318.4,L14-0516,425.1675115,2.251,3.171,16.101,6.4404,lots of charcoal,,1.36,M,sand,4.67,1.1,1.1,UMBS,23,23,5,0.7,157.8,0.1,20.8,5.7,3.0,10.4,3.0,1.7,1.9,1.24,23
PSA2,PSA2.2,30--60,30--60,30,636.8,L14-0517,180.8400307,0.562,2.15,5.046,2.0184,*hole in bag so soil leaked; weights inaccurate but chemistry ok,,1.57,G,,,,0.3,plotXdepth est.,,,,,,,,,,,,,,0.91,13
PSA2,PSA2.2,60--100,60--100,40,849.1,L14-0518,1297.553582,0.411,0.214,8.046,3.2184,metal/charcoal,,1.53,M,sand,5.26,0.4,0.1,plotXdepth est.,11,8,3,0.3,42.0,0.1,4.7,0.8,1.2,4.6,6.1,0.0,0.1,0.00,4
PSA2,PSA2.3,Oe,Oe,,,L14-0520,19.58,,,,,,8.70,,,,,,45.4,UMBS,,,,,,,,,,,,,,,4
PSA2,PSA2.3,A,A,,,L14-0521,72.63,17.93,,0,0,,32.28,,,sand,4.31,25.5,37.0,UMBS,867,263,197,58.1,5.7,2.4,2.0,115.1,10.6,36.5,15.0,3.8,10.5,3.75,12
PSA2,PSA2.3,0--15,0--15,15,318.4,L14-0522,457.1380514,2.445,0.289,,0,some charcoal,,1.44,M,,,,0.3,JML,,,,,,,,,,,,,,2.34,8
PSA2,PSA2.3,15--30,15--30,15,318.4,L14-0523,491.7553785,1.058,0.188,6.05,2.42,,,1.56,M,sand,4.61,0.3,0.6,UMBS,13,12,4,1.1,131.8,0.2,20.3,1.1,1.7,7.7,2.9,1.3,1.4,1.43,15
PSA2,PSA2.3,30--60,30--60,30,636.8,L14-0524,1056.599679,0.645,0.6,4.754,1.9016,metal,,1.66,M,,,,0.3,plotXdepth est.,,,,,,,,,,,,,,0.01,13
PSA2,PSA2.3,60--100,60--100,40,849.1,L14-0525,1314.149355,0.005,0.002,5.678,2.2712,metal,,1.55,M,sand,5.51,0.6,0.1,JML,9,6,2,0.4,32.9,0.1,3.2,1.0,2.2,5.4,17.2,0.0,0.1,0.00,4
PSA3,PSA3.1,Oe,Oe,,,L14-0527,25.18,,,,,,11.19,,,,,,28.5,UMBS,,,,,,,,,,,,,,,3
PSA3,PSA3.1,A,A,,,L14-0528,297.86,10.22,,0,0,,132.38,,,sand,4.39,12.1,26.1,UMBS,738,259,145,20.7,29.4,0.6,8.6,82.7,12.7,43.4,9.1,3.3,8.9,2.13,34
PSA3,PSA3.1,0--15,0--15,15,318.4,L14-0529,356.1623739,1.273,,,0,,,1.12,M,,,,0.8,JML,,,,,,,,,,,,,,6.55,14
PSA3,PSA3.1,15--30,15--30,15,318.4,L14-0530,444.3615998,2.958,0.261,2.97,1.188,charcoal,,1.40,M,sand,4.67,0.8,0.5,JML,14,9,4,0.8,139.8,0.2,23.8,6.4,1.1,6.9,1.8,1.1,1.3,2.19,11
PSA3,PSA3.1,30--60,30--60,30,636.8,L14-0531,1000.22342,0.991,1.22,2.72,1.088,,,1.57,M,,,,0.4,AVG,,,,,,,,,,,,,,0.04,20
PSA3,PSA3.1,60--100,60--100,40,849.1,L14-0532,1209.834626,0.019,0.105,6.334,2.5336,charcoal and metal,,1.43,M,sand,5.19,0.4,0.1,JML,8,5,2,0.3,32.4,0.1,3.9,0.6,1.5,4.8,10.7,0.0,0.1,0.00,4
PSA3,PSA3.2,Oe,Oe,,,L14-0534,30.04,,,,,,13.35,,,,,,39.0,UMBS,,,,,,,,,,,,,,,5
PSA3,PSA3.2,A,A,,,L14-0535,189.31,8.99,,0,0,rerun,84.14,,,sand,4.56,11.6,22.1,plotXdepth mean,844,160,125,15.5,18.4,0.4,5.7,105.4,7.3,20.8,8.7,2.6,8.3,1.88,19
PSA3,PSA3.2,0--15,0--15,15,318.4,L14-0536,376.41,0.838,3.312,0.22,0.088,some charcoal,,1.18,M,,,,0.9,JML,,,,,,,,,,,,,,2.04,15
PSA3,PSA3.2,15--30,15--30,15,318.4,L14-0537,448.9626685,0.921,0.945,1,0.4,,,1.41,M,sand,4.69,0.6,0.5,UMBS,29,9,6,1.5,106.4,0.3,13.1,5.4,1.7,4.7,2.3,1.0,1.3,1.66,11
PSA3,PSA3.2,30--60,30--60,30,636.8,L14-0538,959.3289537,0.751,1.83,11.01,4.404,metal,,1.52,M,,,,0.4,UMBS,,,,,,,,,,,,,,0.57,18
PSA3,PSA3.2,60--100,60--100,40,849.1,L14-0539,1565.929451,0.256,0.197,0.458,0.1832,metal,,1.84,M,sand,5.25,0.2,0.1,plotXdepth est.,8,4,2,0.4,30.8,0.1,3.2,0.7,1.4,10.6,4.2,0.0,0.1,0.00,5
PSA3,PSA3.3,Oe,Oe,,,L14-0541,28.66,,,,,,12.74,,,,,,26.6,UMBS,,,,,,,,,,,,,,,3
PSA3,PSA3.3,A,A,,,L14-0542,217.93,8.8,,0,0,,96.86,,,sand,4.72,5.1,18.1,UMBS,282,111,58,15.6,16.5,0.7,4.8,126.0,4.0,17.1,2.8,2.0,4.2,1.84,18
PSA3,PSA3.3,0--15,0--15,15,318.4,L14-0543,417.3,1.606,2.48,0.16,0.064,little charcoal,,1.31,M,,,,0.4,JML,,,,,,,,,,,,,,0.85,8
PSA3,PSA3.3,15--30,15--30,15,318.4,L14-0544,435.9493061,0.382,0.549,2.08,0.832,no charcoal,,1.37,M,sand,4.67,0.3,0.4,UMBS,30,7,6,0.6,55.7,0.2,13.3,12.3,2.3,2.9,4.1,0.8,1.0,6.42,9
PSA3,PSA3.3,30--60,30--60,30,636.8,L14-0545,978.1131533,2.9,0.1,11.96,4.784,charcoal,,1.55,M,,,,0.3,UMBS,,,,,,,,,,,,,,0.94,15
PSA3,PSA3.3,60--100,60--100,40,849.1,L14-0546,1328.514654,0.424,0.043,2.991,1.1964,metal,,1.57,M,sand,5.31,0.5,0.1,plotXdepth est.,12,5,2,0.9,38.1,0.1,3.9,1.4,1.1,6.9,9.6,0.0,0.1,0.00,4
DNR1,DNR1.1,Oe,Oe,,,L14-0548,13.88,,,,,,6.17,,,,,,29.4,UMBS,,,,,,,,,,,,,,,2
DNR1,DNR1.1,A,A,,,L14-0549,105.38,9.42,,0,0,,46.84,,,sand,4.73,6.4,24.4,UMBS,912,126,120,14.5,13.2,0.4,4.4,127.8,6.8,17.0,6.7,2.0,7.8,1.97,11
DNR1,DNR1.1,0--15,0--15,15,318.4,L14-0550,380.7287976,1.232,,,0,,,1.20,M,,,,0.7,JML,,,,,,,,,,,,,,3.98,13
DNR1,DNR1.1,15--30,15--30,15,318.4,L14-0551,520.9114918,1.799,1.223,13.88,5.552,no charcoal,,1.67,M,sand,4.7,0.9,0.5,JML,22,8,5,0.9,140.7,0.2,18.3,5.0,1.4,7.2,3.9,0.9,1.1,3.93,13
DNR1,DNR1.1,30--60,30--60,30,636.8,L14-0552,727.4268313,1.776,0.29,167.58,67.032,metal,,1.28,M,,,,0.3,JML,,,,,,,,,,,,,,1.34,10
DNR1,DNR1.1,60--100,60--100,40,849.1,L14-0553,1793.560592,0.605,0.043,66.919,26.7676,,,2.18,M,sand,5.15,0.4,0.2,plotXdepth est.,7,4,2,0.3,36.3,0.1,3.6,0.4,1.1,7.2,11.5,0.0,0.1,0.00,14
DNR1,DNR1.2,Oe,Oe,,,L14-0555,4.34,,,,,,1.93,,,,,,31.1,UMBS,,,,,,,,,,,,,,,1
DNR1,DNR1.2,A,A,,,L14-0556,83.74,2.65,,0,0,,37.22,,,sand,4.06,7.5,12.2,UMBS,402,247,92,29.6,16.1,2.3,4.7,106.8,6.3,25.3,11.5,4.3,7.8,0.55,5
DNR1,DNR1.2,0--15,0--15,15,318.4,L14-0557,438.3870402,0.977,,,0,,,1.38,M,,,,0.7,JML,,,,,,,,,,,,,,1.12,15
DNR1,DNR1.2,15--30,15--30,15,318.4,L14-0558,494.6361862,0.507,0.457,0.46,0.184,,,1.55,M,sand,4.4,0.6,0.5,UMBS,37,15,10,0.7,81.6,0.2,15.4,7.0,7.0,6.1,4.7,1.2,1.5,4.71,12
DNR1,DNR1.2,30--60,30--60,30,636.8,L14-0559,978.5133411,2.13,3.97,7.735,3.094,,,1.54,M,,,,0.3,plotXdepth est.,,,,,,,,,,,,,,1.81,12
DNR1,DNR1.2,60--100,60--100,40,849.1,L14-0560,1546.67713,0.817,0.04,24.938,9.9752,,,1.84,M,sand,5.29,0.4,0.2,JML,8,5,2,0.2,37.2,0.1,3.0,0.7,0.8,3.9,11.4,0.0,0.1,0.00,12
DNR1,DNR1.3,Oe,Oe,,,L14-0562,9.37,,,,,,4.16,,,,,,34.4,UMBS,,,,,,,,,,,,,,,1
DNR1,DNR1.3,A,A,,,L14-0563,312.51,5.29,,0,0,,138.89,,,sand,4.39,6.3,10.7,UMBS,668,136,123,17.9,14.7,0.2,2.8,53.4,6.3,17.4,3.6,3.2,8.0,1.11,15
DNR1,DNR1.3,0--15,0--15,15,318.4,L14-0564,333.1016592,1.241,,,0,,,1.05,M,,,,0.7,JML,,,,,,,,,,,,,,2.01,11
DNR1,DNR1.3,15--30,15--30,15,318.4,L14-0565,393.0084464,0.908,1.388,61.973,24.7892,,,1.34,M,gravelly sand,4.85,1.3,0.9,UMBS,68,32,15,1.3,160.1,0.2,15.4,4.4,1.2,6.4,4.5,0.9,1.5,2.09,19
DNR1,DNR1.3,30--60,30--60,30,636.8,L14-0566,1020.817441,0.944,0,141.377,56.5508,no wood/charcoal,,1.76,M,,,,0.3,plotXdepth est.,,,,,,,,,,,,,,1.10,13
DNR1,DNR1.3,60--100,60--100,40,849.1,L14-0567,1624.583935,0.495,0.058,35.646,14.2584,charcoal and metal,,1.95,M,sand,5.23,0.7,0.2,plotXdepth est.,13,10,3,0.3,44.2,0.1,4.6,0.4,0.7,16.4,5.8,0.0,0.1,0.00,12
DNR2,DNR2.1,Oe,Oe,,,L14-0569,13.28,,,,,,5.90,,,,,,28.6,UMBS,,,,,,,,,,,,,,,2
DNR2,DNR2.1,A,A,,,L14-0570,204.67,12.81,,9.34,3.736,,90.96,,,sand,4.6,5.3,14.3,UMBS,690,134,105,12.3,22.1,0.3,6.9,87.5,5.0,17.4,8.5,2.9,7.6,2.68,13
DNR2,DNR2.1,0--15,0--15,15,318.4,L14-0571,415.5959509,2.159,,,0,,,1.31,M,,,,0.7,JML,,,,,,,,,,,,,,0.67,14
DNR2,DNR2.1,15--30,15--30,15,318.4,L14-0572,353.4602199,0.305,5.944,30.589,12.2356,lots of charcoal,,1.15,M,sand,4.78,1.1,1.6,JML,11,8,3,0.5,66.1,0.1,7.0,2.5,1.3,4.2,36.0,1.1,1.2,2.41,27
DNR2,DNR2.1,30--60,30--60,30,636.8,L14-0573,983.5229132,1.089,2.378,48.5,19.4,,,1.59,M,,,,0.3,JML,,,,,,,,,,,,,,2.68,13
DNR2,DNR2.1,60--100,60--100,40,849.1,L14-0574,1706.043228,1.21,0.539,49.484,19.7936,charcoal,,2.06,M,gravelly sand,5.01,0.6,0.2,JML,8,6,2,0.9,37.6,0.2,6.6,5.9,1.4,3.9,22.4,0.0,0.1,0.00,15
DNR2,DNR2.2,Oe,Oe,,,L14-0576,4.32,,,,,,1.92,,,,,,35.2,UMBS,,,,,,,,,,,,,,,1
DNR2,DNR2.2,A,A,,,L14-0577,96.49,1.35,,7.88,3.152,,42.88,,,sand,5.02,6.7,15.0,UMBS,933,153,152,11.9,20.8,0.7,5.4,141.6,9.0,14.4,8.6,1.7,8.1,0.28,6
DNR2,DNR2.2,0--15,0--15,15,318.4,L14-0578,329.7330665,0.961,,,0,,,1.04,M,,,,1.0,UMBS,,,,,,,,,,,,,,0.91,15
DNR2,DNR2.2,15--30,15--30,15,318.4,L14-0579,475.6595056,0.413,0.454,20.693,8.2772,,,1.53,M,sand,4.93,0.9,0.7,UMBS,30,16,7,0.5,126.5,0.2,5.8,3.5,5.6,15.7,4.0,0.5,0.7,4.87,16
DNR2,DNR2.2,30--60,30--60,30,636.8,L14-0580,1013.145198,2.202,1.663,35.5,14.2,,,1.63,M,,,,0.3,plotXdepth est.,,,,,,,,,,,,,,1.98,14
DNR2,DNR2.2,60--100,60--100,40,849.1,L14-0581,1711.51,0.895,0.016,100.202,40.0808,has grav. wt. recorded but no sample in vial,,2.12,M,gravelly sand,4.95,0.8,0.2,plotXdepth est.,6,6,2,0.4,73.2,0.1,5.9,0.9,1.1,22.1,19.6,0.0,0.1,0.00,16
DNR2,DNR2.3,Oe,Oe,,,L14-0583,29.27,,,,,,13.01,,,,,,32.1,UMBS,,,,,,,,,,,,,,,4
DNR2,DNR2.3,A,A,,,L14-0584,293.6,11.68,,0,0,rerun,130.49,,,sand,4.89,8.2,24.7,UMBS,1159,167,168,26.1,11.9,0.6,4.7,206.8,5.9,18.2,11.2,2.2,9.8,2.44,32
DNR2,DNR2.3,0--15,0--15,15,318.4,L14-0585,390.0325637,1.573,,,0,,,1.22,M,,,,1.3,UMBS,,,,,,,,,,,,,,1.97,24
DNR2,DNR2.3,15--30,15--30,15,318.4,L14-0586,438.5414637,0.888,0.185,80.071,32.0284,,,1.53,M,gravelly sand,4.58,0.7,0.9,UMBS,48,11,10,1.3,100.8,0.3,25.1,9.1,2.3,4.8,25.8,1.2,1.6,1.91,21
DNR2,DNR2.3,30--60,30--60,30,636.8,L14-0587,827.7356068,0.862,0,184.2,73.68,,,1.47,M,,,,0.3,plotXdepth est.,,,,,,,,,,,,,,1.31,12
DNR2,DNR2.3,60--100,60--100,40,849.1,L14-0588,1606.26705,0.592,0.018,24.016,9.6064,,,1.91,M,sand,5.35,0.4,0.2,plotXdepth est.,13,3,3,0.3,28.5,0.1,5.2,0.7,0.9,1.8,11.9,0.0,0.1,0.00,14
DNR3,DNR3.1,Oe,Oe,,,L14-0590,17.56,,,,,,7.80,,,,,,33.4,UMBS,,,,,,,,,,,,,,,3
DNR3,DNR3.1,A,A,,,L14-0591,238.97,33.45,,0,0,,106.21,,,sand,4.38,9.8,8.5,UMBS,673,185,97,18.8,16.1,0.9,4.7,68.0,7.7,26.0,8.5,3.3,8.0,6.99,9
DNR3,DNR3.1,0--15,0--15,15,318.4,L14-0592,415.1336056,0.898,,,0,,,1.30,M,,,,0.6,JML,,,,,,,,,,,,,,1.62,11
DNR3,DNR3.1,15--30,15--30,15,318.4,L14-0593,358.0740674,0.732,3.097,11.904,4.7616,,,1.14,M,sand,4.37,0.3,0.7,JML,44,17,7,1.2,56.9,0.3,13.5,7.9,2.6,5.4,3.5,1.4,1.8,2.01,12
DNR3,DNR3.1,30--60,30--60,30,636.8,L14-0594,1038.917751,0.907,0.535,29.15,11.66,,,1.66,M,,,,0.2,JML,,,,,,,,,,,,,,0.62,12
DNR3,DNR3.1,60--100,60--100,40,849.1,L14-0595,1785.21422,0.28,0.01,17.244,6.8976,,,2.12,M,fine sand,5.35,0.4,0.1,plotXdepth est.,9,7,2,0.3,36.3,0.1,3.5,0.6,1.5,3.4,8.8,0.0,0.1,0.00,4
DNR3,DNR3.2,Oe,Oe,,,L14-0597,26.55,,,,,d15Nbad?,11.80,,,,,,42.0,UMBS,,,,,,,,,,,,,,,5
DNR3,DNR3.2,A,A,,,L14-0598,211.38,15.82,,0,0,,93.95,,,sand,4.53,21.8,27.2,UMBS,1561,219,200,36.8,10.3,0.9,3.4,132.2,6.7,28.8,17.8,3.9,14.0,3.30,26
DNR3,DNR3.2,0--15,0--15,15,318.4,L14-0599,418.8942134,0.874,,,0,,,1.32,M,,,,0.6,UMBS,,,,,,,,,,,,,,2.39,12
DNR3,DNR3.2,15--30,15--30,15,318.4,L14-0600,512.3254357,1.078,0.498,11.395,4.558,,,1.63,M,sand,4.88,0.3,0.9,UMBS,35,14,6,0.5,149.8,0.2,7.7,1.4,4.8,11.6,4.0,0.7,1.0,2.12,21
DNR3,DNR3.2,30--60,30--60,30,636.8,L14-0601,898.2997652,0.958,0.29,162.46,64.984,,,1.57,M,,,,0.2,plotXdepth est.,,,,,,,,,,,,,,0.31,12
DNR3,DNR3.2,60--100,60--100,40,849.1,L14-0602,1261.99742,0.14,0,48.465,19.386,,,1.52,M,fine sand,5.27,0.2,0.1,JML,6,4,1,0.4,34.4,0.1,4.4,0.3,0.6,6.6,7.5,0.0,0.1,0.00,3
DNR3,DNR3.3,Oe,Oe,,,L14-0604,15.9,,,,,d15Nbad?,7.07,,,,,,34.8,UMBS,,,,,,,,,,,,,,,2
DNR3,DNR3.3,A,A,,,L14-0605,365.94,18.47,,0,0,,162.64,,,sand,4.81,5.8,17.9,plotXdepth mean,648,116,107,14.0,21.5,1.3,5.9,107.0,4.0,17.1,14.8,2.5,6.9,3.86,29
DNR3,DNR3.3,0--15,0--15,15,318.4,L14-0606,333.1464627,0.911,,11.7,4.68,,,1.06,M,,,,1.2,UMBS,,,,,,,,,,,,,,0.85,19
DNR3,DNR3.3,15--30,15--30,15,318.4,L14-0607,404.7648622,0.384,2.84,39.498,15.7992,,,1.34,M,sand,4.99,0.5,0.6,UMBS,9,11,3,0.5,99.5,0.2,8.4,1.5,1.5,11.1,2.5,0.2,0.3,1.21,13
DNR3,DNR3.3,30--60,30--60,30,636.8,L14-0608,974.4509448,0.549,0,12.624,5.0496,,,1.54,M,,,,0.2,plotXdepth est.,,,,,,,,,,,,,,0.00,11
DNR3,DNR3.3,60--100,60--100,40,849.1,L14-0609,1557.88,,0,0,0,,,1.83,M,fine sand,5.11,0.2,0.1,plotXdepth est.,6,5,2,0.6,45.9,0.1,4.2,0.3,0.7,18.2,3.8,0.0,0.1,0.00,4