Stand name,Date Sampled,Plot ID,Nickname,CWD subplot ID,Species code (if possible),Length (m),Endpoint 1 diameter (cm),Midpoint diameter (cm),Endpoint 2 diameter (cm),Decay class of whole piece,Avg. Diameter (cm),Avg. Radius (cm),Avg. Area (cm^2),Species Code + Decay Class,Density,Est. Tapered Volume (cm^3),Estimated Biomass (taper) (g)
DNR1987,5/14/2014,1,Sandy,120,?ACRU or QURU,0.27,5.7,5.4,5.2,5,5.4,2.716666667,23.18582645,?ACRU or QURU5,0.203163211,6.245446925,1.268845049
DNR1987,5/14/2014,1,Sandy,0,POGR,0.57,5.0,5.0,5.0,1,5.0,2.5,19.63495408,POGR1,0.598686865,11.19192383,6.700457787
DNR1987,5/14/2014,1,Sandy,0,POGR,3.55,6.0,5.5,5.0,4,5.5,2.75,23.75829444,POGR4,0.267329766,84.57429223,22.60922571
DNR1987,5/14/2014,1,Sandy,0,POGR,4.89,5.1,6.9,7.4,2,6.5,3.233333333,32.84360586,POGR2,0.377954178,167.8596937,63.44327254
DNR1987,5/14/2014,1,Sandy,0,POGR,1.11,5.2,5.3,5.6,2,5.4,2.683333333,22.62033977,POGR2,0.377954178,24.9652158,9.435707614
DNR1987,5/14/2014,1,Sandy,120,POGR,0.49,5.2,5.1,5.0,2,5.1,2.55,20.42820623,POGR2,0.377954178,10.01110387,3.783738533
DNR1987,5/14/2014,1,Sandy,240,POGR,2.84,6.4,6.1,5.0,2,5.8,2.916666667,26.72535417,POGR2,0.377954178,78.03883703,29.49510449
DNR1987,5/14/2014,1,Sandy,240,POGR,2.35,5.3,6.7,6.9,1,6.3,3.15,31.17245311,POGR1,0.598686865,76.04840247,45.52917964
DNR1987,5/14/2014,1,Sandy,240,POGR,1.32,7.8,8.4,8.6,2,8.3,4.133333333,53.67236516,POGR2,0.377954178,71.47877269,27.01570077
DNR1987,5/14/2014,1,Sandy,240,POGR,0.42,9.0,8.6,8.6,1,8.7,4.366666667,59.90319059,POGR1,0.598686865,24.97314832,14.95109587
DNR1987,5/14/2014,1,Sandy,240,POGR,1.60,8.4,7.8,7.4,1,7.9,3.933333333,48.60392901,POGR1,0.598686865,77.54288427,46.42390627
DNR1987,5/14/2014,1,Sandy,240,POGR,1.22,5.7,5.4,8.0,4,6.4,3.183333333,31.83567822,POGR4,0.267329766,36.53721998,9.767486451
DNR1987,5/14/2014,1,Sandy,240,POGR,0.55,5.5,5.2,5.7,4,5.5,2.733333333,23.47118778,POGR4,0.267329766,12.60341523,3.369268038
DNR1987,5/14/2014,1,Sandy,240,POGR,0.45,5.9,5.9,6.1,1,6.0,2.983333333,27.96104728,POGR1,0.598686865,12.51374894,7.491817117
DNR1987,5/14/2014,1,Sandy,0,Stump - POGR,0.43,6.1,6.2,7.6,4,6.6,3.316666667,34.55839185,Stump - POGR4,,14.45390493,0
DNR1987,5/14/2014,1,Sandy,240,Stump - POGR,0.67,7.2,6.5,5.7,1,6.5,3.233333333,32.84360586,Stump - POGR1,0.598686865,22.16074222,13.26734528
DNR1987,5/14/2014,2,Sheila,0,POGR,1.69,5.0,5.4,5.3,4,5.2,2.616666667,21.51031037,POGR4,0.267329766,36.95045722,9.877957066
DNR1987,5/14/2014,2,Sheila,0,POGR,1.72,5.0,5.6,5.5,2,5.4,2.683333333,22.62033977,POGR2,0.377954178,39.79931889,15.04231885
DNR1987,5/14/2014,2,Sheila,120,POGR,3.85,5.0,5.8,6.2,1,5.7,2.833333333,25.22000769,POGR1,0.598686865,98.61564059,59.03988868
DNR1987,5/14/2014,2,Sheila,120,POGR,2.70,6.7,7.4,8.5,4,7.5,3.766666667,44.57221844,POGR4,0.267329766,119.8619699,32.04267231
DNR1987,5/14/2014,2,Sheila,120,POGR,2.80,7.0,5.8,5.0,4,5.9,2.966666667,27.64950601,POGR4,0.267329766,77.29155686,20.66233377
DNR1987,5/14/2014,2,Sheila,120,POGR,1.01,7.7,6.6,6.3,3,6.9,3.433333333,37.03239607,POGR3,0.284290647,36.8201204,10.46761586
DNR1987,5/14/2014,2,Sheila,120,POGR,0.83,5.3,5.9,5.1,4,5.4,2.716666667,23.18582645,POGR4,0.267329766,20.10833974,5.375557748
DNR1987,5/14/2014,2,Sheila,120,POGR,0.81,5.2,5.4,5.0,4,5.2,2.6,21.23716634,POGR4,0.267329766,17.54139674,4.689337478
DNR1987,5/14/2014,2,Sheila,240,POGR,2.00,6.2,5.4,5.0,3,5.5,2.766666667,24.04714643,POGR3,0.284290647,47.71032043,13.56359787
DNR1987,5/14/2014,2,Sheila,240,POGR,2.44,6.4,6.0,5.0,3,5.8,2.9,26.42079422,POGR3,0.284290647,65.91040443,18.73771153
DNR1987,5/14/2014,2,Sheila,240,POGR,1.79,5.3,5.7,6.2,2,5.7,2.866666667,25.8169103,POGR2,0.377954178,46.17321769,17.45136053
DNR1987,5/14/2014,2,Sheila,240,POGR,2.24,6.7,6.4,6.4,3,6.5,3.25,33.1830724,POGR3,0.284290647,73.77590524,20.97379985
DNR1987,5/14/2014,2,Sheila,240,POGR,0.31,5.0,5.2,5.0,4,5.1,2.533333333,20.16204352,POGR4,0.267329766,6.333555509,1.693147909
DNR1987,5/14/2014,2,Sheila,240,POGR,3.40,7.8,7.0,5.0,2,6.6,3.3,34.211944,POGR2,0.377954178,121.6969218,45.99586004
DNR1987,5/14/2014,2,Sheila,240,POGR,1.36,6.1,5.8,5.0,3,5.6,2.816666667,24.92417438,POGR3,0.284290647,34.51343217,9.811845968
DNR1987,5/14/2014,2,Sheila,240,POGR,0.67,5.6,5.4,5.9,5,5.6,2.816666667,24.92417438,POGR5,0.067965232,16.3644645,1.112214625
DNR1987,5/14/2014,2,Sheila,240,POGR,1.44,5.5,5.1,5.0,2,5.2,2.6,21.23716634,POGR2,0.377954178,30.31385583,11.45724846
DNR1987,5/14/2014,2,Sheila,240,POGR,0.29,5.9,5.6,5.9,2,5.8,2.9,26.42079422,POGR2,0.377954178,7.532204006,2.846827973
DNR1987,5/14/2014,2,Sheila,240,POGR,0.77,5.0,5.0,5.0,2,5.0,2.5,19.63495408,POGR2,0.377954178,15.11891465,5.714256955
DNR1987,5/14/2014,2,Sheila,240,POGR,1.13,5.2,6.1,5.9,2,5.7,2.866666667,25.8169103,POGR2,0.377954178,30.1720391,11.40364823
DNR1987,5/14/2014,2,Sheila,240,POGR,0.98,6.5,5.4,5.3,2,5.7,2.866666667,25.8169103,POGR2,0.377954178,24.67883345,9.327468208
DNR1987,5/14/2014,2,Sheila,0,Stump - POGR,0.89,6.6,5.6,5.0,4,5.7,2.866666667,25.8169103,Stump - POGR4,,22.86210278,0
DNR1987,5/14/2014,2,Sheila,0,Stump - POGR,0.96,6.0,5.5,5.4,2,5.6,2.816666667,24.92417438,Stump - POGR2,0.377954178,18.07106926,6.830036126
DNR1987,5/14/2014,2,Sheila,0,Stump - POGR,0.66,9.3,6.6,6.2,4,7.4,3.683333333,42.621813,Stump - POGR4,,27.15789039,0
DNR1987,5/14/2014,2,Sheila,120,Stump - POGR,1.32,6.9,6.2,5.3,2,6.1,3.066666667,29.54493358,Stump - POGR2,0.377954178,30.84690557,11.65871683
DNR1987,5/14/2014,2,Sheila,240,Stump - POGR,0.49,6.5,5.2,5.4,4,5.7,2.85,25.51758633,Stump - POGR4,,12.01807107,0
DNR1987,5/14/2014,2,Sheila,240,Stump - POGR,0.59,5.3,5.7,7.6,3,6.2,3.1,30.1907054,Stump - POGR3,0.284290647,9.59071623,2.726550924
DNR1987,5/14/2014,3,Sophie,0,?,0.41,5.2,5.3,5.0,2,5.2,2.583333333,20.96576764,?2,0.431413192,8.709384954,3.757343563
DNR1987,5/14/2014,3,Sophie,0,POGR,0.48,6.2,6.6,5.3,4,6.0,3.016666667,28.58936581,POGR4,0.267329766,14.42305187,3.855711075
DNR1987,5/14/2014,3,Sophie,0,POGR,1.23,6.1,6.7,7.6,4,6.8,3.4,36.31681108,POGR4,0.267329766,44.52477166,11.90279677
DNR1987,5/14/2014,3,Sophie,0,POGR,0.36,5.8,6.0,6.0,4,5.9,2.966666667,27.64950601,POGR4,0.267329766,10.01099915,2.676238056
DNR1987,5/14/2014,3,Sophie,0,POGR,0.21,6.4,5.7,6.0,4,6.0,3.016666667,28.58936581,POGR4,0.267329766,5.844697513,1.562461616
DNR1987,5/14/2014,3,Sophie,120,Stump - POGR,0.44,5.0,5.3,6.7,4,5.7,2.833333333,25.22000769,Stump - POGR4,,10.83263035,0
1911,5/8/2014,AC103,Anya,120,?,1.84,6.0,7.3,5.0,2,6.1,3.05,29.22466566,?2,0.431413192,59.70324567,25.75676779
1911,5/8/2014,AC103,Anya,120,?,0.20,5.2,6.1,6.0,5,5.8,2.883333333,26.11797959,?5,0.160673856,5.387307802,0.865599519
1911,5/8/2014,AC103,Anya,120,ACRU,0.54,6.2,6.7,14.7,3,9.2,4.6,66.47610055,ACRU3,0.31,34.23597718,10.61315293
1911,5/8/2014,AC103,Anya,240,ACRU,0.77,5.0,5.6,5.4,3,5.3,2.666666667,22.34021443,ACRU3,0.31,17.65082888,5.471756954
1911,5/8/2014,AC103,Anya,0,POGR,0.23,6.6,6.6,5.0,4,6.1,3.033333333,28.90614307,POGR4,0.267329766,6.99203333,1.869178631
1911,5/8/2014,AC103,Anya,120,POGR,0.75,7.0,5.6,6.2,2,6.3,3.133333333,30.84345854,POGR2,0.377954178,21.99900256,8.314614926
1911,5/8/2014,AC103,Anya,120,POGR,0.83,5.0,5.5,5.4,4,5.3,2.65,22.06183441,POGR4,0.267329766,18.67202976,4.991589337
1911,5/8/2014,AC103,Anya,240,POGR,0.86,18.3,24.6,32.6,4,25.2,12.58333333,497.4406534,POGR4,0.267329766,434.547007,116.1673495
1911,5/8/2014,AC103,Anya,0,QURU,0.25,5.0,9.2,5.0,5,6.4,3.2,32.16990877,QURU5,0.2341,10.18661418,2.384686379
1911,5/8/2014,AC103,Anya,120,QURU,2.28,5.0,6.8,6.3,3,6.0,3.016666667,28.58936581,QURU3,0.43043,69.8405892,30.06148481
1911,5/8/2014,AC103,Anya,0,Stump - PIST,0.30,20.2,17.8,10.7,1,16.2,8.116666667,206.9689967,Stump - PIST1,0.598686865,67.00349542,40.1141126
1911,5/8/2014,AC103,Anya,120,Stump - PIST,0.93,62.0,73.0,97.0,5,77.3,38.66666667,4697.030083,Stump - PIST5,,4323.844655,0
1911,5/8/2014,AC104,Alice,240,?,1.38,11.0,10.9,9.3,5,10.4,5.2,84.94866535,?5,0.160673856,120.3759345,19.34126558
1911,5/8/2014,AC104,Alice,240,?,2.20,5.0,7.4,6.6,5,6.3,3.166666667,31.503193,?5,0.160673856,76.00350387,12.21177605
1911,5/8/2014,AC104,Alice,0,POGR,1.02,12.0,12.0,13.7,4,12.6,6.283333333,124.0309506,POGR4,0.267329766,123.9164308,33.12655041
1911,5/8/2014,AC104,Alice,120,POGR,0.56,17.1,14.8,14.7,4,15.5,7.766666667,189.5043595,POGR4,0.267329766,103.8876519,27.77226164
1911,5/8/2014,AC104,Alice,120,POGR,4.20,14.7,12.8,10.0,4,12.5,6.25,122.718463,POGR4,0.267329766,527.7490813,141.0830382
1911,5/8/2014,AC104,Alice,120,POGR,1.84,7.0,9.0,9.8,5,8.6,4.3,58.08804816,POGR5,0.067965232,110.3695953,7.501295141
1911,5/8/2014,AC104,Alice,120,POGR,0.88,6.5,6.6,5.5,4,6.2,3.1,30.1907054,POGR4,0.267329766,27.51008911,7.354265672
1911,5/8/2014,AC104,Alice,120,POGR,0.66,6.2,5.7,5.0,4,5.6,2.816666667,24.92417438,POGR4,0.267329766,16.6100716,4.440366546
1911,5/8/2014,AC104,Alice,120,POGR,1.13,5.0,6.6,7.1,4,6.2,3.116666667,30.51620931,POGR4,0.267329766,35.85351779,9.584712504
1911,5/8/2014,AC104,Alice,120,POGR,1.23,5.0,5.8,6.5,5,5.8,2.883333333,26.11797959,POGR5,0.067965232,32.39936285,2.202030209
1911,5/8/2014,AC104,Alice,120,POGR,1.13,5.0,6.0,5.9,5,5.6,2.816666667,24.92417438,POGR5,0.067965232,29.17064336,1.98258954
1911,5/8/2014,AC104,Alice,240,POGR,1.01,7.3,6.9,6.4,3,6.9,3.433333333,37.03239607,POGR3,0.284290647,37.5472682,10.67433718
1911,5/8/2014,AC104,Alice,0,QURU,0.39,5.0,5.2,5.0,3,5.1,2.533333333,20.16204352,QURU3,0.43043,7.968021447,3.429675472
1911,5/8/2014,AC104,Alice,120,QURU,2.54,5.3,7.2,10.4,1,7.6,3.816666667,45.76340565,QURU1,0.80335,117.357309,94.27899418
1911,5/23/2014,AC107,Adrienne,240,PIST,0.38,7.2,6.2,6.6,4,6.7,3.333333333,34.90658504,PIST4,0.267329766,12.82544729,3.428623817
1911,5/23/2014,AC107,Adrienne,240,PIST,0.32,9.6,9.1,5.0,5,7.9,3.95,49.01669938,PIST5,0.067965232,17.41028761,1.183294234
1911,5/23/2014,AC107,Adrienne,0,POGR,0.50,5.0,5.3,5.6,3,5.3,2.65,22.06183441,POGR3,0.284290647,11.04269818,3.139335811
1911,5/23/2014,AC107,Adrienne,0,POGR,0.56,5.4,5.2,5.0,4,5.2,2.6,21.23716634,POGR4,0.267329766,11.89867746,3.180870654
1911,5/23/2014,AC107,Adrienne,120,POGR,0.93,7.1,7.0,6.7,3,6.9,3.466666667,37.75496238,POGR3,0.284290647,35.29147377,10.03303592
1911,5/23/2014,AC107,Adrienne,120,POGR,0.74,6.2,6.7,5.7,4,6.2,3.1,30.1907054,POGR4,0.267329766,23.29040658,6.22621893
1911,5/23/2014,AC107,Adrienne,240,Stump - PIST,0.66,77.0,85.0,154.5,4,105.5,52.75,8741.677908,Stump - PIST4,,5522.874725,0
BP1954,5/19/2014,BF1,Fiona,0,POGR,0.45,5.6,5.9,5,5,5.5,2.75,23.75829444,POGR5,0.067965232,11.10474463,0.754736544
BP1954,5/19/2014,BF1,Fiona,0,POGR,0.97,5.4,6,5.1,5,5.5,2.75,23.75829444,POGR5,0.067965232,24.14639895,1.641115604
BP1954,5/19/2014,BF1,Fiona,0,POGR,1.15,6,7.3,5.2,5,6.2,3.083333333,29.86694682,POGR5,0.067965232,37.84139981,2.571899513
BP1954,5/19/2014,BF1,Fiona,120,POGR,0.87,7,6.6,6.8,3,6.8,3.4,36.31681108,POGR3,0.284290647,31.1400947,8.852837675
BP1954,5/19/2014,BF1,Fiona,120,POGR,0.38,5,5,5,1,5.0,2.5,19.63495408,POGR1,0.598686865,7.461282552,4.466971858
BP1954,5/19/2014,BF1,Fiona,120,POGR,0.48,5,5.5,5,3,5.2,2.583333333,20.96576764,POGR3,0.284290647,10.39867168,2.956245102
BP1954,5/19/2014,BF1,Fiona,120,POGR,2.3,6.2,5.6,6,4,5.9,2.966666667,27.64950601,POGR4,0.267329766,61.86371894,16.53801348
BP1954,5/19/2014,BF1,Fiona,120,Stump - POGR,0.83,9,7.6,6.4,4,7.7,3.833333333,46.16395872,Stump - POGR4,,38.51744437,0
BP1954,5/19/2014,BF2,Flo,0,POGR,1.14,14,13.5,7,5,11.5,5.75,103.8689071,POGR5,0.067965232,133.2585064,9.056945288
BP1954,5/19/2014,BF2,Flo,0,POGR,4.49,13.8,10.5,7.8,3,10.7,5.35,89.92023573,POGR3,0.284290647,410.5831477,116.7249488
BP1954,5/19/2014,BF2,Flo,240,POGR,4.46,5,6.4,8,3,6.5,3.233333333,32.84360586,POGR3,0.284290647,148.3584668,42.17692452
BP1954,5/19/2014,BF2,Flo,240,POGR,3.95,8.3,7.3,6.1,3,7.2,3.616666667,41.09290457,POGR3,0.284290647,164.3196947,46.71455236
BP1954,5/19/2014,BF2,Flo,240,QURU,1.63,8.5,8.2,7.6,2,8.1,4.05,51.5299735,QURU2,0.5925,84.60195133,50.12665617
BP1954,5/19/2014,BF2,Flo,240,QURU,0.82,5.7,5.9,6.7,3,6.1,3.05,29.22466566,QURU3,0.43043,23.63147882,10.17169743
BP1954,5/19/2014,BF2,Flo,240,Stump Piece - PIST,0.43,5,16.9,19,2,13.6,6.816666667,145.9802113,Stump Piece - PIST2,0.377954178,76.70886996,28.99243788
BP52,5/23/2014,BF7,,0,ACRU,1.57,5.0,5.3,6.0,2,5.4,2.716666667,23.18582645,ACRU2,0.409,36.06333691,14.7499048
BP52,5/23/2014,BF7,,120,PIST,0.81,7.6,5.4,5.0,2,6.0,3,28.27433388,PIST2,0.377954178,22.17273263,8.380276933
BP52,5/23/2014,BF7,,120,POGR,3.13,10.9,9.3,9.7,4,10.0,4.983333333,78.01709023,POGR4,0.267329766,236.5946256,63.24878578
BP52,5/23/2014,BF7,,120,POGR,0.38,7.6,7.7,7.4,4,7.6,3.783333333,44.96753551,POGR4,0.267329766,17.24053688,4.608908683
BP52,5/23/2014,BF7,,0,QURU,3.21,6.8,7.2,5.0,2,6.3,3.166666667,31.503193,QURU2,0.5925,109.198462,64.70008872
BP52,5/23/2014,BF7,,0,QURU,4.31,6.4,8.6,8.6,3,7.9,3.933333333,48.60392901,QURU3,0.43043,221.0673824,95.15403341
BP52,5/23/2014,BF7,,0,QURU,2.83,5.0,6.3,6.2,5,5.8,2.916666667,26.72535417,QURU5,0.2341,79.04579602,18.50462085
BP52,5/23/2014,BF7,,0,QURU,1.22,5.1,6.3,6.6,3,6.0,3,28.27433388,QURU3,0.43043,35.55827353,15.30534768
BP52,5/23/2014,BF7,,240,QURU,0.30,5.6,5.6,5.0,3,5.4,2.7,22.90221044,QURU3,0.43043,7.007322414,3.016161787
BP52,5/23/2014,BF8,,240,ACRU,1.54,6.1,6.0,5.0,2,5.7,2.85,25.51758633,ACRU2,0.409,40.48039,16.55647951
BP52,5/23/2014,BF8,,0,BEPA,1.25,14.7,14.0,14.3,5,14.3,7.166666667,161.3556893,BEPA5,0.168403771,199.3896862,33.57797511
BP52,5/23/2014,BF8,,0,BEPA,1.11,9.9,11.9,14.7,5,12.2,6.083333333,116.2607448,BEPA5,0.168403771,129.3245255,21.77873781
BP52,5/23/2014,BF8,,0,BEPA,0.58,13.7,12.6,14.8,5,13.7,6.85,147.4113813,BEPA5,0.168403771,82.24990636,13.85119442
BP52,5/23/2014,BF8,,0,BEPA,0.68,11.4,11.2,12.3,5,11.6,5.816666667,106.2914241,BEPA5,0.168403771,70.99313483,11.95551164
BP52,5/23/2014,BF8,,0,POGR,1.44,9.2,9.2,9.4,3,9.3,4.633333333,67.44301296,POGR3,0.284290647,96.7736201,27.51183509
BP52,5/23/2014,BF8,,0,POGR,1.46,10.0,10.3,11.2,4,10.5,5.25,86.59014751,POGR4,0.267329766,125.3666686,33.51424211
BP52,5/23/2014,BF8,,0,POGR,2.35,8.2,7.7,7.0,1,7.6,3.816666667,45.76340565,POGR1,0.598686865,108.2371608,64.80016644
BP52,5/23/2014,BF8,,0,POGR,1.64,7.5,12.7,8.2,5,9.5,4.733333333,70.38563807,POGR5,0.067965232,138.5644469,9.417564768
BP52,5/23/2014,BF8,,0,POGR,1.09,8.0,7.8,8.5,3,8.1,4.05,51.5299735,POGR3,0.284290647,55.16462603,15.68278723
BP52,5/23/2014,BF8,,240,POGR,1.16,9.2,10.6,9.6,5,9.8,4.9,75.42963961,POGR5,0.067965232,91.22766187,6.200309194
BP36,5/23/2014,BP36#1,Torple,0,POGR,0.29,5.3,5.2,5.0,1,5.2,2.583333333,20.96576764,POGR1,0.598686865,6.101457262,3.652862319
BP36,5/23/2014,BP36#1,Torple,0,POGR,5.90,12.1,14.7,16.6,3,14.5,7.233333333,164.3716183,POGR3,0.284290647,985.4961479,280.1673377
BP36,5/23/2014,BP36#1,Torple,120,POGR,1.71,6.9,8.1,8.0,4,7.7,3.833333333,46.16395872,POGR4,0.267329766,81.369763,21.75255967
BP36,5/23/2014,BP36#1,Torple,120,POGR,0.68,5.9,5.4,5.0,3,5.4,2.716666667,23.18582645,POGR3,0.284290647,15.75419704,4.478770872
BP36,5/23/2014,BP36#1,Torple,120,POGR,0.53,5.1,5.0,5.2,1,5.1,2.55,20.42820623,POGR1,0.598686865,10.72219028,6.41923448
BP36,5/23/2014,BP36#1,Torple,240,POGR,4.49,6.1,7.2,8.6,3,7.3,3.65,41.85386813,POGR3,0.284290647,188.4822205,53.58373245
BP36,5/23/2014,BP36#1,Torple,240,POGR,0.45,12.3,11.0,11.6,5,11.6,5.816666667,106.2914241,POGR5,0.067965232,46.57901983,3.165753884
BP36,5/23/2014,BP36#1,Torple,240,POGR,3.34,7.5,7.6,5.0,4,6.7,3.35,35.25652355,POGR4,0.267329766,127.5632963,34.1014661
BP36,5/23/2014,BP36#1,Torple,240,POGR,0.43,13.5,10.8,8.9,5,11.1,5.533333333,96.18858574,POGR5,0.067965232,41.46428446,2.818129708
BP36,5/23/2014,BP36#1,Torple,120,Stump - PIST,0.70,40.4,49.4,53.0,3,47.6,23.8,1779.523743,Stump - PIST3,0.284290647,736.2609054,209.3120893
BP36,5/23/2014,BP36#1,Torple,120,Stump - PIST,0.42,32.0,19.0,7.5,1,19.5,9.75,298.6476516,Stump - PIST1,0.598686865,140.3447613,84.02256513
BP36,5/23/2014,BP36#1,Torple,0,Stump - POGR,0.55,43.6,11.2,7.3,4,20.7,10.35,336.535259,Stump - POGR4,,199.8007767,0
BP36,5/23/2014,BP36#2,Tina,120,?,0.78,7.0,7.7,6.5,3,7.1,3.54,39.3691825,?3,0.335621703,32.12219426,10.78090555
BP36,5/23/2014,BP36#2,Tina,240,POGR,1.15,14.7,13.0,10.9,4,12.9,6.433333333,130.0235386,POGR4,0.267329766,151.3926955,40.47177379
BP36,5/23/2014,BP36#2,Tina,240,POGR,0.64,11.4,10.4,10.5,4,10.8,5.383333333,91.04422777,POGR4,0.267329766,57.32694498,15.32519876
BP36,5/23/2014,BP36#2,Tina,240,POGR,0.48,8.8,9.3,9.2,4,9.1,4.55,65.03882191,POGR4,0.267329766,31.57049289,8.439732463
BP36,5/23/2014,BP36#2,Tina,240,POGR,0.29,9.3,9.6,10.0,4,9.6,4.816666667,72.88582223,POGR4,0.267329766,21.10968313,5.643246641
BP36,5/23/2014,BP36#2,Tina,240,POGR,0.84,7.8,8.0,8.6,5,8.1,4.066666667,51.95496117,POGR5,0.067965232,43.32256269,2.944428019
BP36,5/23/2014,BP36#2,Tina,240,POGR,0.29,5.0,5.2,6.2,2,5.5,2.733333333,23.47118778,POGR2,0.377954178,6.672009758,2.521713963
BP36,5/23/2014,BP36#2,Tina,240,POGR,0.56,7.3,7.2,7.6,4,7.4,3.683333333,42.621813,POGR4,0.267329766,23.60456584,6.310203052
BP36,5/23/2014,BP36#2,Tina,240,POGR,0.50,5.4,6.4,5.2,5,5.7,2.833333333,25.22000769,POGR5,0.067965232,13.48005048,0.916174757
BP36,5/23/2014,BP36#2,Tina,0,POGR,2.35,5.4,6.7,7.3,1,6.5,3.233333333,32.84360586,POGR1,0.598686865,79.1553067,47.3892424
BP36,5/23/2014,BP36#2,Tina,0,POGR,0.90,5.6,6.1,5.0,1,5.6,2.783333333,24.33774375,POGR1,0.598686865,23.02473256,13.78460495
BP36,5/23/2014,BP36#2,Tina,120,POGR,0.85,6.0,5.9,5.0,5,5.6,2.816666667,24.92417438,POGR5,0.067965232,21.75448193,1.478548409
BP36,5/23/2014,BP36#2,Tina,120,POGR,0.89,5.2,5.1,6.6,4,5.6,2.816666667,24.92417438,POGR4,0.267329766,21.296333,5.693143708
BP36,5/23/2014,BP36#2,Tina,120,POGR,1.26,7.6,7.0,7.1,3,7.2,3.616666667,41.09290457,POGR3,0.284290647,50.97603218,14.49200918
BP36,5/23/2014,BP36#2,Tina,240,POGR,2.95,20.4,17.3,17.8,4,18.5,9.25,268.8025214,POGR4,0.267329766,769.388869,205.680546
BP36,5/23/2014,BP36#2,Tina,240,Stump - PIST,0.25,24.0,15.5,7.0,1,15.5,7.75,188.6919088,Stump - PIST1,0.598686865,51.90172863,31.07288319
BP36,5/23/2014,BP36#2,Tina,120,Stump - PIST,0.48,61.0,58.0,50.0,4,56.3,28.16666667,2492.417438,Stump - PIST4,,1218.121136,0
BP80,5/28/2014,BP80#1,,0,?,0.53,7.4,7.1,5.0,5,6.5,3.25,33.1830724,?5,0.160673856,18.63600616,2.994318973
BP80,5/28/2014,BP80#1,,120,?,1.34,5.3,5.2,5.0,2,5.2,2.583333333,20.96576764,?2,0.431413192,28.19294045,12.16280643
BP80,5/28/2014,BP80#1,,240,PIST,0.55,6.6,5.8,5.0,3,5.8,2.9,26.42079422,PIST3,0.284290647,14.6235902,4.157349923
BP80,5/28/2014,BP80#1,,240,PIST,0.72,6.2,7.6,5.0,3,6.3,3.133333333,30.84345854,PIST3,0.284290647,24.88895364,7.075696737
BP80,5/28/2014,BP80#1,,0,POGR,1.20,5.7,5.4,5.0,4,5.4,2.683333333,22.62033977,POGR4,0.267329766,27.26745344,7.289401934
BP80,5/28/2014,BP80#1,,0,POGR,0.60,5.0,7.0,5.0,2,5.7,2.833333333,25.22000769,POGR2,0.377954178,17.12167996,6.471210474
BP80,5/28/2014,BP80#1,,120,Stump - PIST,0.35,26.5,14.5,11.5,3,17.5,8.75,240.5281875,Stump - PIST3,0.284290647,65.24327087,18.5480517
BP80,5/28/2014,BP80#1,,240,Stump - PIST,0.22,18.0,13.3,9.5,2,13.6,6.8,145.2672443,Stump - PIST2,0.377954178,26.98467083,10.19896908
BP80,5/28/2014,BP80#1,,0,Stump - POGR,0.67,7.1,5.7,5.9,3,6.2,3.116666667,30.51620931,Stump - POGR3,0.284290647,13.03285458,3.705118663
BP80,5/28/2014,BP80#2,,240,?,0.45,6.4,7.3,5.0,5,6.2,3.116666667,30.51620931,?5,0.160673856,15.06550757,2.420633196
BP80,5/28/2014,BP80#2,,240,?,0.27,5.0,6.3,5.0,5,5.4,2.716666667,23.18582645,?5,0.160673856,6.79927044,1.092465
BP80,5/27/2014,BP80#2,,120,?,0.25,11.8,12.1,11.9,5,11.9,5.966666667,111.8441891,?5,0.160673856,28.15783315,4.524227633
BP80,5/28/2014,BP80#2,,240,POGR,1.17,5.9,6.1,5.2,3,5.7,2.866666667,25.8169103,POGR3,0.284290647,31.24007589,8.881261391
BP80,5/27/2014,BP80#2,,0,POGR,0.34,10.7,11.7,11.6,2,11.3,5.666666667,100.8800308,POGR2,0.377954178,34.88105087,13.18343891
BP80,5/27/2014,BP80#2,,0,POGR,1.74,13.5,13.0,11.0,4,12.5,6.25,122.718463,POGR4,0.267329766,218.5979073,58.43772731
BP80,5/27/2014,BP80#2,,120,POGR,1.11,7.6,5.0,5.0,3,5.9,2.933333333,27.03165945,POGR3,0.284290647,28.44366573,8.086268137
BP80,5/27/2014,BP80#2,,120,POGR,1.32,5.7,6.4,6.0,3,6.0,3.016666667,28.58936581,POGR3,0.284290647,38.92731749,11.06667228
BP80,5/27/2014,BP80#2,,120,POGR,0.22,7.2,6.3,6.0,2,6.5,3.25,33.1830724,POGR2,0.377954178,7.210426379,2.725210774
BP80,5/27/2014,BP80#2,,120,Stump - PIST,0.22,5.2,8.3,10.2,3,7.9,3.95,49.01669938,Stump - PIST3,0.284290647,5.860019322,1.665948685
BP80,5/27/2014,BP80#2,,0,Stump - PIST,?,15.0,32.0,45.0,4,30.7,15.33333333,738.6233394,Stump - PIST4,,#VALUE!,#VALUE!
BP80,5/27/2014,BP80#2,,120,Stump - PIST,0.40,39.0,17.0,6.0,4,20.7,10.33333333,335.4522822,Stump - PIST4,,151.8436449,0
BP80,5/27/2014,BP80#2,,0,Stump - POGR,0.78,13.5,12.1,11.2,3,12.3,6.133333333,118.1797343,Stump - POGR3,0.284290647,60.63338617,17.23750459
BP80,5/27/2014,BP80#3,,120,?,0.49,5.7,6.7,5.7,4,6.0,3.016666667,28.58936581,?4,0.251744559,14.82551607,3.732243001
BP80,5/27/2014,BP80#3,,120,?,2.28,18.9,22.5,18.9,5,20.1,10.05,317.308712,?5,0.160673856,769.234355,123.5958501
BP80,5/27/2014,BP80#3,,240,?,1.19,6.2,8.0,7.2,3,7.1,3.566666667,39.96454921,?3,0.335621703,50.70022652,17.01609638
BP80,5/27/2014,BP80#3,,120,PIST,2.62,11.5,16.8,22.7,3,17.0,8.5,226.9800692,PIST3,0.284290647,612.7204708,174.1906992
BP80,5/27/2014,BP80#3,,0,POGR,0.84,7.7,5.5,5.0,4,6.1,3.033333333,28.90614307,POGR4,0.267329766,23.60090065,6.309223238
BP80,5/27/2014,BP80#3,,0,POGR,1.53,6.2,5.1,5.0,2,5.4,2.716666667,23.18582645,POGR2,0.377954178,34.56372383,13.06350383
BP80,5/27/2014,BP80#3,,0,POGR,0.83,5.2,5.5,5.0,3,5.2,2.616666667,21.51031037,POGR3,0.284290647,18.32218723,5.208826466
BP80,5/27/2014,BP80#3,,0,POGR,0.43,6.0,5.8,5.0,4,5.6,2.8,24.6300864,POGR4,0.267329766,10.81158168,2.890257595
BP80,5/27/2014,BP80#3,,0,POGR,0.97,5.4,5.5,5.4,5,5.4,2.716666667,23.18582645,POGR5,0.067965232,22.62907514,1.53799034
BP80,5/27/2014,BP80#3,,120,POGR,3.59,5.0,5.7,6.5,1,5.7,2.866666667,25.8169103,POGR1,0.598686865,92.94273584,55.64359512
BP80,5/27/2014,BP80#3,,240,POGR,1.18,6.9,5.4,5.0,1,5.8,2.883333333,26.11797959,POGR1,0.598686865,30.14936728,18.05003017
BP80,5/27/2014,BP80#3,,240,POGR,1.47,5.6,5.8,5.4,1,5.6,2.8,24.6300864,POGR1,0.598686865,36.86816059,22.07248347
BP80,5/27/2014,BP80#3,,240,POGR,3.78,8.9,10.6,10.6,2,10.0,5.016666667,79.06428778,POGR2,0.377954178,308.2559771,116.5066344
BP80,5/27/2014,BP80#3,,240,POGR,2.99,5.5,6.5,7.9,1,6.6,3.316666667,34.55839185,POGR1,0.598686865,103.4287438,61.92143035
BP80,5/27/2014,BP80#3,,240,POGR,2.24,12.5,12.1,12.1,3,12.2,6.116666667,117.5383258,POGR3,0.284290647,261.8823258,74.45069589
BP80,5/27/2014,BP80#3,,240,POGR,3.26,5.0,5.7,7.3,1,6.0,3,28.27433388,POGR1,0.598686865,91.05628799,54.51420357
BP80,5/27/2014,BP80#3,,240,POGR,1.06,5.7,5.1,5.0,1,5.3,2.633333333,21.78519972,POGR1,0.598686865,22.76670308,13.63012609
BP80,5/27/2014,BP80#3,,240,Stump - PIST,0.31,47.0,45.0,40.0,2,44.0,22,1520.530844,Stump - PIST2,0.377954178,367.7057486,138.9759239
BP80,5/27/2014,BP80#3,,0,Stump - POGR,0.27,6.5,5.7,5.5,4,5.9,2.95,27.33971007,Stump - POGR4,,7.276399825,0
BP80,5/27/2014,BP80#3,,240,Stump - POGR,1.07,8.7,7.0,7.2,2,7.6,3.816666667,45.76340565,Stump - POGR2,0.377954178,36.58577068,13.82774488
BP80,5/27/2014,BP80#3,,240,Stump - POGR,0.20,5.6,5.0,5.0,4,5.2,2.6,21.23716634,Stump - POGR4,,4.172035044,0
BP98,5/29/2014,BP98#1,Naomi,1,?,0.80,7.7,8.7,6.5,3,7.6,3.816666667,45.76340565,?3,0.335621703,39.42279901,13.23114695
BP98,5/29/2014,BP98#1,Naomi,1,?,1.37,10.0,10.3,10.4,5,10.2,5.116666667,82.24776834,?5,0.160673856,113.0620188,18.16611054
BP98,5/29/2014,BP98#1,Naomi,1,?,0.62,5.0,5.0,5.0,4,5.0,2.5,19.63495408,?4,0.251744559,12.17367153,3.064655568
BP98,5/29/2014,BP98#1,Naomi,1,?,0.54,5.7,8.0,7.3,4,7.0,3.5,38.48451001,?4,0.251744559,22.46254455,5.654823366
BP98,5/29/2014,BP98#1,Naomi,1,?,0.72,6.2,5.6,6.8,4,6.2,3.1,30.1907054,?4,0.251744559,20.75336107,5.224545724
BP98,5/29/2014,BP98#1,Naomi,1,?,0.84,7.6,8.2,6.9,4,7.6,3.783333333,44.96753551,?4,0.251744559,39.44662276,9.930472639
BP98,5/29/2014,BP98#1,Naomi,1,?,0.31,8.8,8.4,7.3,3,8.2,4.083333333,52.38169418,?3,0.335621703,16.51926648,5.544224354
BP98,5/29/2014,BP98#1,Naomi,1,?,1.32,7.4,7.8,7.7,4,7.6,3.816666667,45.76340565,?4,0.251744559,61.08214304,15.37709715
BP98,5/29/2014,BP98#1,Naomi,1,?,1.31,8.5,8.7,8.6,5,8.6,4.3,58.08804816,?5,0.160673856,76.54118745,12.29816774
BP98,5/29/2014,BP98#1,Naomi,2,?,1.73,7.5,6.4,5.0,2,6.3,3.15,31.17245311,?2,0.431413192,55.06741992,23.7568114
BP98,5/29/2014,BP98#1,Naomi,2,?,1.50,6.3,7.4,5.2,2,6.3,3.15,31.17245311,?2,0.431413192,51.3159525,22.13837887
BP98,5/29/2014,BP98#1,Naomi,2,?,1.68,5.0,7.7,8.6,3,7.1,3.55,39.59192142,?3,0.335621703,70.8686754,23.78506555
BP98,5/29/2014,BP98#1,Naomi,2,?,0.58,5.6,5.4,5.0,4,5.3,2.666666667,22.34021443,?4,0.251744559,13.05247972,3.285890747
BP98,5/29/2014,BP98#1,Naomi,2,?,0.62,5.2,6.1,5.2,3,5.5,2.75,23.75829444,?3,0.335621703,15.57743009,5.228123622
BP98,5/29/2014,BP98#1,Naomi,2,?,0.37,9.5,9.3,12.0,2,10.3,5.133333333,82.78445708,?2,0.431413192,29.40748017,12.68677489
BP98,5/29/2014,BP98#1,Naomi,2,?,1.58,6.4,6.6,5.1,2,6.0,3.016666667,28.58936581,?2,0.431413192,47.56688055,20.52097977
BP98,5/29/2014,BP98#1,Naomi,2,?,1.02,6.5,6.9,8.9,4,7.4,3.716666667,43.39673919,?4,0.251744559,43.11820209,10.85477276
BP98,5/29/2014,BP98#1,Naomi,2,?,1.34,6.4,7.6,6.6,4,6.9,3.433333333,37.03239607,?4,0.251744559,52.41820646,13.19599825
BP98,5/29/2014,BP98#1,Naomi,2,?,0.90,5.0,5.5,5.2,3,5.2,2.616666667,21.51031037,?3,0.335621703,19.86743194,6.667941349
BP98,5/29/2014,BP98#1,Naomi,2,?,1.02,6.9,6.6,5.5,3,6.3,3.166666667,31.503193,?3,0.335621703,32.9548357,11.06035809
BP98,5/29/2014,BP98#1,Naomi,2,?,0.66,5.7,5.8,5.2,3,5.6,2.783333333,24.33774375,?3,0.335621703,16.41741343,5.510040259
BP98,5/29/2014,BP98#1,Naomi,2,?,0.49,7.0,6.7,5.0,2,6.2,3.116666667,30.51620931,?2,0.431413192,15.66191276,6.756755775
BP98,5/29/2014,BP98#1,Naomi,2,?,0.80,7.0,7.2,9.8,3,8.0,4,50.26548246,?3,0.335621703,38.71279907,12.99285557
BP98,5/29/2014,BP98#1,Naomi,1,PIRE,1.10,7.3,8.4,9.4,5,8.4,4.183333333,54.9787441,PIRE5,0.067965232,60.91482705,4.140090346
BP98,5/29/2014,BP98#1,Naomi,1,PIST,1.61,5.0,5.8,6.6,2,5.8,2.9,26.42079422,PIST2,0.377954178,42.80723678,16.17917398
BP98,5/29/2014,BP98#1,Naomi,2,PIST,0.39,44.0,41.0,34.5,2,39.8,19.91666667,1246.186903,PIST2,0.377954178,495.5381355,187.2907086
BP98,5/29/2014,BP98#1,Naomi,1,Stump - PIRE,0.20,22.5,16.3,14.7,2,17.8,8.916666667,249.7784326,Stump - PIRE2,0.377954178,39.25380751,14.83614055
BP98,5/29/2014,BP98#2,Nell,1,?,1.15,6.0,5.4,5.1,4,5.5,2.75,23.75829444,?4,0.251744559,27.13688099,6.83156213
BP98,5/29/2014,BP98#2,Nell,1,?,0.30,5.3,6.2,6.0,5,5.8,2.916666667,26.72535417,?5,0.160673856,8.287128721,1.331524928
BP98,5/29/2014,BP98#2,Nell,1,?,2.36,5.2,5.5,5.8,3,5.5,2.75,23.75829444,?3,0.335621703,56.12518107,18.83682887
BP98,5/29/2014,BP98#2,Nell,1,?,0.71,6.2,5.8,5.0,4,5.7,2.833333333,25.22000769,?4,0.251744559,18.18626099,4.578292248
BP98,5/29/2014,BP98#2,Nell,1,?,0.56,6.7,6.1,6.0,3,6.3,3.133333333,30.84345854,?3,0.335621703,17.06366522,5.726936386
BP98,5/29/2014,BP98#2,Nell,1,?,0.24,5.0,5.1,5.8,4,5.3,2.65,22.06183441,?4,0.251744559,5.206875664,1.310802616
BP98,5/29/2014,BP98#2,Nell,1,?,1.68,5.0,5.5,5.3,4,5.3,2.633333333,21.78519972,?4,0.251744559,37.43773133,9.424745154
BP98,5/29/2014,BP98#2,Nell,1,?,1.45,11.0,10.6,5.0,3,8.9,4.433333333,61.74625828,?3,0.335621703,102.5551978,34.41975017
BP98,5/29/2014,BP98#2,Nell,1,?,0.35,8.5,6.4,5.4,3,6.8,3.383333333,35.96163657,?3,0.335621703,12.47493718,4.186859665
BP98,5/29/2014,BP98#2,Nell,1,?,1.08,6.0,5.3,6.0,3,5.8,2.883333333,26.11797959,?3,0.335621703,27.11225876,9.099462466
BP98,5/29/2014,BP98#2,Nell,1,?,1.40,5.0,6.0,7.3,3,6.1,3.05,29.22466566,?3,0.335621703,41.06663737,13.78285478
BP98,5/29/2014,BP98#2,Nell,1,?,1.49,5.7,5.4,5.0,2,5.4,2.683333333,22.62033977,?2,0.431413192,33.85708802,14.60639441
BP98,5/29/2014,BP98#2,Nell,1,?,1.35,6.3,6.3,5.3,2,6.0,2.983333333,27.96104728,?2,0.431413192,38.91962059,16.79043775
BP98,5/29/2014,BP98#2,Nell,1,?,1.23,5.0,5.2,5.3,2,5.2,2.583333333,20.96576764,?2,0.431413192,25.87859459,11.1643671
BP98,5/29/2014,BP98#2,Nell,2,?,2.72,9.9,10.0,10.1,5,10.0,4.991666667,78.27823512,?5,0.160673856,213.1058012,34.24053084
BP98,5/29/2014,BP98#2,Nell,3,?,0.26,6.4,8.4,9.0,4,7.9,3.966666667,49.43121507,?4,0.251744559,13.35627173,3.362368732
BP98,5/29/2014,BP98#2,Nell,4,?,0.58,8.0,6.7,7.3,5,7.3,3.666666667,42.2369679,?5,0.160673856,23.5038778,3.77645868
BP98,5/29/2014,BP98#2,Nell,4,?,3.85,6.7,6.3,7.3,2,6.8,3.383333333,35.96163657,?2,0.431413192,133.9334252,57.78064649
BP98,5/29/2014,BP98#2,Nell,4,?,1.50,5.5,5.1,5.3,5,5.3,2.65,22.06183441,?5,0.160673856,32.48406804,5.219340474
BP98,5/29/2014,BP98#2,Nell,3,ACRU,2.94,11.0,10.5,5.8,3,9.1,4.55,65.03882191,ACRU3,0.31,212.2574665,65.79981461
BP98,5/29/2014,BP98#2,Nell,3,ACRU,0.38,8.6,6.9,6.4,3,7.3,3.65,41.85386813,ACRU3,0.31,15.6010444,4.836323763
BP98,5/29/2014,BP98#2,Nell,2,BEPA,0.31,7.0,6.7,6.0,5,6.6,3.283333333,33.86724147,BEPA5,0.168403771,10.62680367,1.789593814
BP98,5/29/2014,BP98#2,Nell,1,PIST,2.18,6.6,10.9,10.4,4,9.3,4.65,67.92908715,PIST4,0.267329766,163.9800362,43.83674464
BP98,5/29/2014,BP98#2,Nell,3,PIST,0.75,7.3,6.6,5.6,3,6.5,3.25,33.1830724,PIST3,0.284290647,25.22208027,7.170401523
BP98,5/29/2014,BP98#2,Nell,2,QURU,3.78,7.4,6.7,5.7,2,6.6,3.3,34.211944,QURU2,0.5925,131.0232632,77.63128345
BP98,5/29/2014,BP98#2,Nell,2,Stump - BEPA,0.20,37.7,24.1,18.1,5,26.6,13.31666667,557.1099699,Stump - BEPA5,,111.4034935,0
BP98,5/29/2014,BP98#2,Nell,3,Stump - PIRE,0.30,36.5,30.5,26.6,2,31.2,15.6,764.5379882,Stump - PIRE2,0.377954178,180.6535549,68.27876583
BP98,5/29/2014,BP98#2,Nell,4,Stump - PIRE,0.25,31.0,25.1,23.0,3,26.4,13.18333333,546.0096759,Stump - PIRE3,0.284290647,91.73409642,26.07914564
BP98,5/29/2014,BP98#2,Nell,4,Stump - PIRE,0.26,29.0,22.8,17.6,3,23.1,11.56666667,420.3066998,Stump - PIRE3,0.284290647,79.29086642,22.54165173
BP98,5/29/2014,BP98#2,Nell,2,Stump - PIST,0.22,15.6,10.2,6.7,2,10.8,5.416666667,92.17520112,Stump - PIST2,0.377954178,17.71519226,6.695530928
BP98,5/29/2014,BP98#2,Nell,1,Stump - POGR,0.26,45.8,29.3,19.5,5,31.5,15.75833333,780.1362139,Stump - POGR5,,207.574242,0
BP98,5/29/2014,BP98#2,Nell,2,Stump - QURU,0.71,30.5,25.7,23.2,3,26.5,13.23333333,550.1591962,Stump - QURU3,0.284290647,262.3970856,74.59703728
BP98,5/29/2014,BP98#2,Nell,3,Stump - QURU,0.32,21.0,16.0,14.5,4,17.2,8.583333333,231.4524754,Stump - QURU4,,72.51843042,0
BS40,5/16/2014,BS40E,Edna,0,BEPA,0.26,5.8,5.7,5.5,5,5.7,2.833333333,25.22000769,BEPA5,0.168403771,6.578076138,1.107772829
BS40,5/16/2014,BS40E,Edna,0,PIRE,0.73,5,5.5,5.3,3,5.3,2.633333333,21.78519972,PIRE3,0.284290647,16.26758564,4.624722449
BS40,5/16/2014,BS40E,Edna,240,PIST,1.76,5,6.6,7.7,2,6.4,3.216666667,32.50588465,PIST2,0.377954178,58.80077082,22.22399699
BS40,5/16/2014,BS40E,Edna,240,PIST,0.94,5,5.1,8.5,1,6.2,3.1,30.1907054,PIST1,0.598686865,26.83873076,16.06799557
BS40,5/16/2014,BS40E,Edna,240,PIST,2.08,6.1,5.6,5,3,5.6,2.783333333,24.33774375,PIST3,0.284290647,50.93924936,14.48155217
BS40,5/16/2014,BS40E,Edna,120,POGR,0.2,5,5,5,1,5.0,2.5,19.63495408,POGR1,0.598686865,3.926990817,2.35103782
BS40,5/16/2014,BS40E,Edna,120,POGR,1.06,5,5.6,5.8,3,5.5,2.733333333,23.47118778,POGR3,0.284290647,25.23096836,7.172928323
BS40,5/16/2014,BS40E,Edna,120,POGR,0.28,5,5,5,1,5.0,2.5,19.63495408,POGR1,0.598686865,5.497787144,3.291452948
BS40,5/16/2014,BS40E,Edna,120,POGR,0.43,12,10.6,6.7,5,9.8,4.883333333,74.91738548,POGR5,0.067965232,34.43799468,2.340586294
BS40,5/16/2014,BS40E,Edna,120,POGR,1.3,9.2,7.3,5,5,7.2,3.583333333,40.33892234,POGR5,0.067965232,54.43385231,3.699609395
BS40,5/16/2014,BS40F,Esther,120,BEPA,0.7,8,7.6,6.4,5,7.3,3.666666667,42.2369679,BEPA5,0.168403771,30.23049891,5.090930023
BS40,5/16/2014,BS40F,Esther,120,BEPA,0.5,8.1,7.8,7.2,5,7.7,3.85,46.56625711,BEPA5,0.168403771,23.46180664,3.951056718
BS40,5/16/2014,BS40F,Esther,120,BEPA,0.67,6.5,8,7.6,5,7.4,3.683333333,42.621813,BEPA5,0.168403771,29.88998953,5.03358696
BS40,5/16/2014,BS40F,Esther,0,PIST,0.85,5.5,5.9,5,4,5.5,2.733333333,23.47118778,PIST4,0.267329766,20.78647869,5.556844475
BS40,5/16/2014,BS40F,Esther,0,PIST,1.08,5.5,5.4,5.2,5,5.4,2.683333333,22.62033977,PIST5,0.067965232,24.51243376,1.665993245
BS40,5/16/2014,BS40F,Esther,240,PIST,0.7,5.9,5.1,5,2,5.3,2.666666667,22.34021443,PIST2,0.377954178,15.34065873,5.798066057
BS40,5/16/2014,BS40F,Esther,240,PIST,0.98,5,5,5,3,5.0,2.5,19.63495408,PIST3,0.284290647,19.242255,5.470393128
BS40,5/16/2014,BS40F,Esther,240,PIST,0.39,8.1,9.1,7.8,5,8.3,4.166666667,54.54153912,PIST5,0.067965232,22.29698262,1.515419594
BS40,5/16/2014,BS40F,Esther,240,Stump - PIST,1.36,14.5,9.8,9.3,2,11.2,5.6,98.52034562,Stump - PIST2,0.377954178,104.1838518,39.37672205
BS40,5/16/2014,BS40F,Esther,0,Stump - POGR,0.72,39.4,29.1,21.8,5,30.1,15.05,711.57859,Stump - POGR5,,518.5644781,0
BS40,5/16/2014,BS40X,Eve,120,PIST,0.76,5.9,5.2,5,2,5.4,2.683333333,22.62033977,PIST2,0.377954178,16.9689462,6.41348411
BS40,5/16/2014,BS40X,Eve,120,PIST,0.47,7,6,5.9,4,6.3,3.15,31.17245311,PIST4,0.267329766,14.34774528,3.835579381
BS40,5/16/2014,BS40X,Eve,240,PIST,0.8,5.6,5.2,5,2,5.3,2.633333333,21.78519972,PIST2,0.377954178,17.33740266,6.552743768
BS40,5/16/2014,BS40X,Eve,0,POGR,1.02,6.3,5.6,5.2,2,5.7,2.85,25.51758633,POGR2,0.377954178,25.88240378,9.782362641
BS40,5/16/2014,BS40X,Eve,120,POGR,0.51,5.4,5,5.2,2,5.2,2.6,21.23716634,POGR2,0.377954178,10.62800795,4.016900006
BS40,5/16/2014,BS40X,Eve,120,QURU,1.9,6.3,6,5,3,5.8,2.883333333,26.11797959,QURU3,0.43043,50.85858897,21.89106245
BS40,5/16/2014,BS40X,Eve,120,QURU,0.74,5,6,7.8,5,6.3,3.133333333,30.84345854,QURU5,0.2341,22.72858509,5.32076177
BS42,5/22/2014,BS42A,Wendy,0,?,1.35,6.0,5.1,5.0,5,5.4,2.683333333,22.62033977,?5,0.160673856,29.88597091,4.801894191
BS42,5/22/2014,BS42A,Wendy,240,BEPA,0.36,5.4,5.4,5.2,4,5.3,2.666666667,22.34021443,BEPA4,0.201619549,8.093999313,1.631908489
BS42,5/22/2014,BS42A,Wendy,240,BEPA,0.46,5.0,5.1,5.5,4,5.2,2.6,21.23716634,BEPA4,0.201619549,9.683592836,1.952401618
BS42,5/22/2014,BS42A,Wendy,240,BEPA,1.05,5.0,6.2,6.4,4,5.9,2.933333333,27.03165945,BEPA4,0.201619549,29.34718777,5.916966757
BS42,5/22/2014,BS42A,Wendy,240,BEPA,0.77,7.1,7.0,6.8,3,7.0,3.483333333,38.11886353,BEPA3,0.317766166,29.42644754,9.350729419
BS42,5/22/2014,BS42A,Wendy,240,BEPA,0.36,7.9,7.9,8.2,4,8.0,4,50.26548246,BEPA4,0.201619549,17.98530378,3.626188833
BS42,5/22/2014,BS42A,Wendy,0,POGR,0.46,6.5,5.5,5.0,3,5.7,2.833333333,25.22000769,POGR3,0.284290647,11.50084711,3.269583267
BS42,5/22/2014,BS42A,Wendy,240,POGR,0.65,9.0,8.1,7.7,5,8.3,4.133333333,53.67236516,POGR5,0.067965232,34.61079536,2.352330733
BS42,5/22/2014,BS42B,Wilhemina,120,BEPA,0.38,5.4,5.6,5.6,4,5.5,2.766666667,24.04714643,BEPA4,0.201619549,9.19428978,1.853748557
BS42,5/22/2014,BS42B,Wilhemina,120,BEPA,1.20,5.9,6.6,5.9,3,6.1,3.066666667,29.54493358,BEPA3,0.317766166,36.85402342,11.71096173
BS42,5/22/2014,BS42B,Wilhemina,120,BEPA,0.29,6.4,6.0,5.5,4,6.0,2.983333333,27.96104728,BEPA4,0.201619549,8.146791159,1.642552357
BS42,5/22/2014,BS42B,Wilhemina,0,PIST,0.31,17.6,13.2,17.6,5,16.1,8.066666667,204.4269246,PIST5,0.067965232,58.13496262,3.951156215
BS42,5/22/2014,BS42B,Wilhemina,0,PIST,0.39,13.2,13.2,12.8,5,13.1,6.533333333,134.0971371,PIST5,0.067965232,52.57015483,3.572942763
BS42,5/22/2014,BS42B,Wilhemina,120,PIST,1.23,6.7,6.6,5.8,3,6.4,3.183333333,31.83567822,PIST3,0.284290647,39.95379362,11.35848984
BS42,5/22/2014,BS42B,Wilhemina,240,PIST,6.01,12.4,14.0,15.4,3,13.9,6.966666667,152.4754541,PIST3,0.284290647,922.1151968,262.148726
BS42,5/22/2014,BS42B,Wilhemina,240,POGR,6.02,9.4,15.0,14.6,4,13.0,6.5,132.7322896,POGR4,0.267329766,875.8957191,234.1529972
BS42,5/22/2014,BS42B,Wilhemina,240,POGR,0.59,6.9,5.8,5.0,4,5.9,2.95,27.33971007,POGR4,0.267329766,16.13429048,4.313176091
BS42,5/22/2014,BS42C,Winona,240,BEPA,3.58,14.0,16.1,16.4,4,15.5,7.75,188.6919088,BEPA4,0.201619549,690.1942401,139.1566512
BS42,5/22/2014,BS42C,Winona,240,BEPA,2.34,8.3,7.4,7.9,4,7.9,3.933333333,48.60392901,BEPA4,0.201619549,110.4843158,22.27579791
BS42,5/22/2014,BS42C,Winona,240,BEPA,1.65,26.6,36.3,27.2,5,30.0,15.01666667,708.430016,BEPA5,0.168403771,1303.621936,219.5348503
BS42,5/22/2014,BS42C,Winona,120,PIRE,2.05,9.8,8.4,7.0,3,8.4,4.2,55.41769441,PIRE3,0.284290647,114.6581835,32.59624918
CP,6/7/2014,CP#1,Carmella,0,FAGR,0.91,6.2,6.5,7.4,4,6.7,3.35,35.25652355,FAGR4,0.3074,31.69749178,9.743808972
CP,6/7/2014,CP#1,Carmella,0,FAGR,1.01,12.0,12.4,11.6,4,12.0,6,113.0973355,FAGR4,0.3074,116.1744208,35.71201696
CP,6/7/2014,CP#1,Carmella,120,FAGR,0.67,6.0,6.4,6.3,2,6.2,3.116666667,30.51620931,FAGR2,0.5925,20.72680152,12.2806299
CP,6/7/2014,CP#1,Carmella,240,TSCA,1.03,6.1,5.7,5.9,3,5.9,2.95,27.33971007,TSCA3,0.284290647,27.69340104,7.872974904
CP,6/7/2014,CP#1,Carmella,240,TSCA,0.68,5.0,5.9,5.4,3,5.4,2.716666667,23.18582645,TSCA3,0.284290647,16.47964314,4.685008414
CP,6/7/2014,CP#1,Carmella,240,TSCA,0.39,8.5,7.5,6.2,5,7.4,3.7,43.00840343,TSCA5,0.067965232,17.02240563,1.156931746
CP,6/7/2014,CP#1,Carmella,240,TSCA,0.79,5.0,5.0,5.0,3,5.0,2.5,19.63495408,TSCA3,0.284290647,15.51161373,4.409806705
CP,6/7/2014,CP#1,Carmella,240,TSCA,1.24,7.0,6.6,5.9,4,6.5,3.25,33.1830724,TSCA4,0.267329766,41.56416092,11.11133739
CP,6/7/2014,CP#1,Carmella,0,,4.18,6.7,6.5,5.0,3,6.1,3.033333333,28.90614307,3,0.335621703,126.0877164,42.31777416
CP,6/7/2014,CP#1,Carmella,0,,3.17,7.4,8.2,9.6,2,8.4,4.2,55.41769441,2,0.431413192,174.6118141,75.32984008
CP,6/7/2014,CP#1,Carmella,0,,5.96,29.6,34.9,45.0,3,36.5,18.25,1046.346703,3,0.335621703,6195.049391,2079.193029
CP,6/7/2014,CP#1,Carmella,0,,0.66,5.0,5.7,5.0,3,5.2,2.616666667,21.51031037,3,0.335621703,14.85800538,4.986669072
CP,6/7/2014,CP#1,Carmella,0,,1.92,5.2,5.2,5.0,4,5.1,2.566666667,20.69611427,4,0.251744559,40.00127094,10.0701023
CP,6/7/2014,CP#1,Carmella,0,,0.65,5.1,5.5,5.1,2,5.2,2.616666667,21.51031037,2,0.431413192,14.34699915,6.189484699
CP,6/7/2014,CP#1,Carmella,0,,0.85,6.7,6.7,6.4,2,6.6,3.3,34.211944,2,0.431413192,29.30713247,12.64348357
CP,6/7/2014,CP#1,Carmella,0,,0.79,6.0,6.2,5.0,3,5.7,2.866666667,25.8169103,3,0.335621703,21.31088905,7.152396881
CP,6/7/2014,CP#1,Carmella,0,,0.69,6.6,7.9,6.8,3,7.1,3.55,39.59192142,3,0.335621703,28.94600639,9.71490797
CP,6/7/2014,CP#1,Carmella,0,,1.44,9.9,10.2,11.6,5,10.6,5.283333333,87.6931956,5,0.160673856,124.3976443,19.9874492
CP,6/7/2014,CP#1,Carmella,0,,0.41,5.5,6.9,6.0,5,6.1,3.066666667,29.54493358,5,0.160673856,12.92453836,2.076635416
CP,6/7/2014,CP#1,Carmella,120,,0.28,6.3,5.4,5.0,2,5.6,2.783333333,24.33774375,2,0.431413192,6.745051787,2.909904322
CP,6/7/2014,CP#1,Carmella,240,,0.36,5.1,5.4,5.4,5,5.3,2.65,22.06183441,5,0.160673856,8.020014806,1.288606705
CP,6/5/2014,CP#2,Cecilia,0,?,0.81,5.7,5.7,7.2,2,6.2,3.1,30.1907054,?2,0.431413192,23.62744711,10.19319238
CP,6/5/2014,CP#2,Cecilia,0,?,0.42,6.3,5.2,5.7,2,5.7,2.866666667,25.8169103,?2,0.431413192,10.37212523,4.474671652
CP,6/5/2014,CP#2,Cecilia,0,?,1.57,18.7,11.5,12.0,2,14.1,7.033333333,155.4076073,?2,0.431413192,228.3737321,98.52344073
CP,6/5/2014,CP#2,Cecilia,0,?,0.24,5.0,6.0,5.4,3,5.5,2.733333333,23.47118778,?3,0.335621703,5.923787108,1.988151519
CP,6/5/2014,CP#2,Cecilia,120,?,0.48,5.0,8.8,5.8,5,6.5,3.266666667,33.52428427,?5,0.160673856,19.38739658,3.115047769
CP,6/5/2014,CP#2,Cecilia,,?,0.46,10.4,9.8,10.0,5,10.1,5.033333333,79.59050455,?5,0.160673856,36.13794973,5.806423736
CP,6/5/2014,CP#2,Cecilia,,?,0.37,7.9,11.1,7.9,4,9.0,4.483333333,63.146885,?4,0.251744559,26.47438455,6.664782256
CP,6/5/2014,CP#2,Cecilia,,?,0.24,6.2,5.1,5.0,3,5.4,2.716666667,23.18582645,?3,0.335621703,5.421760602,1.819660528
CP,6/5/2014,CP#2,Cecilia,,?,2.50,7.2,6.2,7.0,3,6.8,3.4,36.31681108,?3,0.335621703,86.96975663,29.18893786
CP,6/5/2014,CP#2,Cecilia,,?,0.96,5.0,5.0,5.0,4,5.0,2.5,19.63495408,?4,0.251744559,18.84955592,4.745273137
CP,6/5/2014,CP#2,Cecilia,240,?,0.50,5.1,5.4,5.0,5,5.2,2.583333333,20.96576764,?5,0.160673856,10.72526642,1.723269914
CP,6/5/2014,CP#2,Cecilia,240,?,0.73,6.0,5.9,6.0,2,6.0,2.983333333,27.96104728,?2,0.431413192,20.29817047,8.756898516
CP,6/5/2014,CP#2,Cecilia,240,?,1.14,5.0,6.1,6.4,4,5.8,2.916666667,26.72535417,?4,0.251744559,31.32544867,7.886011251
CP,6/5/2014,CP#2,Cecilia,120,FAGR,0.99,8.9,9.7,8.6,3,9.1,4.533333333,64.56321969,FAGR3,0.43043,66.23380522,28.50901678
CP,6/5/2014,CP#2,Cecilia,240,FAGR,1.38,6.4,6.6,6.1,1,6.4,3.183333333,31.83567822,FAGR1,0.80335,44.76117651,35.95889115
CP,6/5/2014,CP#2,Cecilia,240,FAGR,1.66,10.5,10.6,10.5,3,10.5,5.266666667,87.14079889,FAGR3,0.43043,145.1129397,62.46096265
CP,6/5/2014,CP#2,Cecilia,240,FAGR,1.04,5.3,5.0,6.0,2,5.4,2.716666667,23.18582645,FAGR2,0.5925,23.22338593,13.75985617
CP,6/5/2014,CP#2,Cecilia,240,Stump - FAGR,0.90,17.1,13.9,12.9,4,14.6,7.316666667,168.1807994,Stump - FAGR4,,148.7041467,0
CP,6/5/2014,CP#2,Cecilia,,TSCA,1.23,5.8,5.7,5.9,3,5.8,2.9,26.42079422,TSCA3,0.284290647,32.22064549,9.160028159
CP,6/5/2014,CP#2,Cecilia,,TSCA,0.65,6.3,5.4,5.0,3,5.6,2.783333333,24.33774375,TSCA3,0.284290647,15.65815593,4.451467284
CP,6/5/2014,CP#2,Cecilia,,TSCA,0.46,5.4,5.0,5.0,2,5.1,2.566666667,20.69611427,TSCA2,0.377954178,9.402996252,3.553901718
CP,6/5/2014,CP#2,Cecilia,,TSCA,1.70,36.7,32.2,22.7,3,30.5,15.26666667,732.2144904,TSCA3,0.284290647,1301.472563,369.9964771
CP,6/5/2014,CP#2,Cecilia,,TSCA,0.76,26.5,25.0,27.3,4,26.3,13.13333333,541.8758635,TSCA4,0.267329766,402.1671089,107.5112389
CP,6/5/2014,CP#2,Cecilia,120,TSCA,0.25,5.2,5.5,5.0,3,5.2,2.616666667,21.51031037,TSCA3,0.284290647,5.518731095,1.568923634
CP,6/5/2014,CP#2,Cecilia,240,TSCA,0.95,5.9,5.6,5.5,3,5.7,2.833333333,25.22000769,TSCA3,0.284290647,23.82884938,6.774319011
CP,6/5/2014,CP#3,Coraline,0,?,0.76,5.2,5.3,5.0,4,5.2,2.583333333,20.96576764,?4,0.251744559,16.14422577,4.064220992
CP,6/5/2014,CP#3,Coraline,0,?,1.10,5.0,5.2,5.3,3,5.2,2.583333333,20.96576764,?3,0.335621703,23.14345858,7.76744699
CP,6/5/2014,CP#3,Coraline,0,?,0.67,5.0,6.6,7.2,3,6.3,3.133333333,30.84345854,?3,0.335621703,21.4415793,7.196259367
CP,6/5/2014,CP#3,Coraline,0,?,0.31,5.0,5.8,5.5,3,5.4,2.716666667,23.18582645,?3,0.335621703,7.443388564,2.498162749
CP,6/5/2014,CP#3,Coraline,120,?,6.00,21.9,20.4,17.4,5,19.9,9.95,311.0255267,?5,0.160673856,1897.843976,304.9339099
CP,6/5/2014,CP#3,Coraline,120,?,2.97,8.7,8.5,8.9,3,8.7,4.35,59.44678699,?3,0.335621703,174.5586688,58.58567776
CP,6/5/2014,CP#3,Coraline,120,?,0.39,5.0,10.4,5.0,3,6.8,3.4,36.31681108,?3,0.335621703,18.90516211,6.34498271
CP,6/5/2014,CP#3,Coraline,120,?,1.42,7.3,10.7,6.6,3,8.2,4.1,52.81017251,?3,0.335621703,88.21005741,29.60520972
CP,6/5/2014,CP#3,Coraline,240,?,1.80,5.0,6.0,6.5,3,5.8,2.916666667,26.72535417,?3,0.335621703,49.06775026,16.46820192
CP,6/5/2014,CP#3,Coraline,240,?,0.68,6.7,6.0,6.0,3,6.2,3.116666667,30.51620931,?3,0.335621703,20.3917114,6.843900913
CP,6/5/2014,CP#3,Coraline,240,?,0.48,5.0,6.9,12.8,5,8.2,4.116666667,53.24039617,?5,0.160673856,25.56502438,4.107631049
CP,6/5/2014,CP#3,Coraline,240,?,0.21,17.1,13.4,15.1,5,15.2,7.6,181.4583917,?5,0.160673856,36.03854451,5.790451915
CP,6/5/2014,CP#3,Coraline,240,BEPA,3.19,23.5,22.3,16.0,5,20.6,10.3,333.2915646,BEPA5,0.168403771,1120.624321,188.7173618
CP,6/5/2014,CP#3,Coraline,240,BEPA,1.08,21.0,21.3,20.3,5,20.9,10.43333333,341.976323,BEPA5,0.168403771,373.2438267,62.85566802
CP,6/5/2014,CP#3,Coraline,0,FAGR,1.27,11.3,10.1,9.3,2,10.2,5.116666667,82.24776834,FAGR2,0.5925,104.1110977,61.6858254
CP,6/5/2014,CP#3,Coraline,0,FAGR,2.19,10.6,10.1,10.8,2,10.5,5.25,86.59014751,FAGR2,0.5925,186.0949112,110.2612349
CP,6/5/2014,CP#3,Coraline,0,FAGR,1.10,5.7,7.0,7.2,2,6.6,3.316666667,34.55839185,FAGR2,0.5925,39.2559019,23.25912188
CP,6/5/2014,CP#3,Coraline,0,FAGR,0.44,5.0,5.2,5.4,4,5.2,2.6,21.23716634,FAGR4,0.3074,9.348960858,2.873870568
CP,6/5/2014,CP#3,Coraline,0,FAGR,0.33,5.0,5.5,5.0,4,5.2,2.583333333,20.96576764,FAGR4,0.3074,7.149086782,2.197629277
CP,6/5/2014,CP#3,Coraline,0,FAGR,1.32,9.0,10.3,9.9,2,9.7,4.866666667,74.40687667,FAGR2,0.5925,101.229341,59.97838452
CP,6/5/2014,CP#3,Coraline,0,FAGR,0.46,6.0,5.4,5.0,4,5.5,2.733333333,23.47118778,FAGR4,0.3074,10.76142092,3.308060789
PSA1972,6/10/2014,PSA1972#1,,120,ACRU,1.01,7.0,5.2,5.0,2,5.7,2.866666667,25.8169103,ACRU2,0.409,25.18311143,10.29989258
PSA1972,6/10/2014,PSA1972#1,,0,POGR,0.75,5.0,5.2,6.0,3,5.4,2.7,22.90221044,POGR3,0.284290647,16.91354945,4.808363919
PSA1972,6/10/2014,PSA1972#1,,0,POGR,1.78,5.0,5.4,5.4,3,5.3,2.633333333,21.78519972,POGR3,0.284290647,39.2933654,11.17073628
PSA1972,6/10/2014,PSA1972#1,,120,POGR,0.45,6.0,6.3,5.4,5,5.9,2.95,27.33971007,POGR5,0.067965232,12.744656,0.8661935
PSA1972,6/10/2014,PSA1972#1,,120,POGR,0.30,6.7,5.9,5.7,5,6.1,3.05,29.22466566,POGR5,0.067965232,8.645662983,0.587604489
PSA1972,6/10/2014,PSA1972#1,,120,POGR,0.48,7.0,6.5,6.3,3,6.6,3.3,34.211944,POGR3,0.284290647,16.31366233,4.637821622
PSA1972,6/10/2014,PSA1972#1,,120,POGR,0.47,5.5,5.5,5.0,3,5.3,2.666666667,22.34021443,POGR3,0.284290647,10.67421554,3.034579644
PSA1972,6/10/2014,PSA1972#1,,120,POGR,2.11,9.7,8.0,7.4,3,8.4,4.183333333,54.9787441,POGR3,0.284290647,114.2494492,32.48004985
PSA1972,6/10/2014,PSA1972#1,,120,POGR,0.83,6.8,7.7,7.7,3,7.4,3.7,43.00840343,POGR3,0.284290647,36.47923142,10.37070431
PSA1972,6/10/2014,PSA1972#1,,120,POGR,0.43,5.3,5.5,5.0,3,5.3,2.633333333,21.78519972,POGR3,0.284290647,9.582276472,2.72415158
PSA1972,6/10/2014,PSA1972#1,,120,POGR,0.21,5.2,5.0,5.0,4,5.1,2.533333333,20.16204352,POGR4,0.267329766,4.206906722,1.124631388
PSA1972,6/10/2014,PSA1972#1,,120,POGR,0.41,5.1,5.0,5.0,3,5.0,2.516666667,19.89762614,POGR3,0.284290647,8.131371175,2.311672774
PSA1972,6/10/2014,PSA1972#1,,240,POGR,0.47,9.0,7.2,10.3,5,8.8,4.416666667,61.28287336,POGR5,0.067965232,26.43821697,1.796879547
PSA1972,6/10/2014,PSA1972#1,,240,POGR,0.78,10.4,8.0,6.2,4,8.2,4.1,52.81017251,POGR4,0.267329766,41.59625753,11.11991777
PSA1972,6/10/2014,PSA1972#1,,240,POGR,1.03,7.8,8.0,8.2,4,8.0,4,50.26548246,POGR4,0.267329766,51.78423307,13.84346688
PSA1972,6/10/2014,PSA1972#1,,240,POGR,0.65,6.0,5.0,5.4,5,5.5,2.733333333,23.47118778,POGR5,0.067965232,14.64819935,0.995568265
PSA1972,6/10/2014,PSA1972#1,,120,Stump - PIST,0.24,20.4,14.8,5.5,2,13.6,6.783333333,144.5560226,Stump - PIST2,0.377954178,34.63495945,13.09042762
PSA1972,6/9/2014,PSA1972#2,,240,?,1.57,9.2,9.1,9.6,4,9.3,4.65,67.92908715,?4,0.251744559,105.5306787,26.56677415
PSA1972,6/9/2014,PSA1972#2,,0,?,0.65,6.2,6.3,5.0,5,5.8,2.916666667,26.72535417,?5,0.160673856,18.15539484,2.917097299
PSA1972,6/9/2014,PSA1972#2,,240,ACRU,2.44,7.8,7.5,6.2,4,7.2,3.583333333,40.33892234,ACRU4,0.230628921,101.1780283,23.33457944
PSA1972,6/9/2014,PSA1972#2,,0,PIST,0.23,5.2,5.1,5.0,1,5.1,2.55,20.42820623,PIST1,0.598686865,4.699089571,2.813283203
PSA1972,6/9/2014,PSA1972#2,,240,POGR,0.58,8.0,8.4,8.0,5,8.1,4.066666667,51.95496117,POGR5,0.067965232,30.6359738,2.082181063
PSA1972,6/9/2014,PSA1972#2,,240,POGR,0.90,5.4,5.2,5.2,3,5.3,2.633333333,21.78519972,POGR3,0.284290647,19.48572843,5.539610347
PSA1972,6/9/2014,PSA1972#2,,240,POGR,0.65,5.4,5.0,5.0,2,5.1,2.566666667,20.69611427,POGR2,0.377954178,13.28684253,5.021817645
PSA1972,6/9/2014,PSA1972#2,,240,POGR,2.12,5.8,5.8,6.2,5,5.9,2.966666667,27.64950601,POGR5,0.067965232,57.98793608,3.941163522
PSA1972,6/9/2014,PSA1972#2,,0,POGR,1.32,5.2,5.7,6.0,1,5.6,2.816666667,24.92417438,POGR1,0.598686865,33.15102816,19.84708511
PSA1972,6/9/2014,PSA1972#2,,0,POGR,3.62,10.7,7.0,5.5,1,7.7,3.866666667,46.97030083,POGR1,0.598686865,168.7593935,101.0340322
PSA1972,6/9/2014,PSA1972#2,,0,POGR,1.11,5.6,5.1,5.0,1,5.2,2.616666667,21.51031037,POGR1,0.598686865,23.60231437,14.13039559
PSA1972,6/9/2014,PSA1972#2,,0,POGR,0.21,5.1,5.3,5.3,1,5.2,2.616666667,21.51031037,POGR1,0.598686865,4.546669968,2.722031588
PSA1972,6/9/2014,PSA1972#2,,120,POGR,2.59,9.1,6.6,6.3,4,7.3,3.666666667,42.2369679,POGR4,0.267329766,105.5265423,28.21038581
PSA1972,6/9/2014,PSA1972#2,,120,POGR,0.66,5.4,5.1,5.0,3,5.2,2.583333333,20.96576764,POGR3,0.284290647,13.75562051,3.910594258
PSA1972,6/9/2014,PSA1972#2,,120,POGR,0.83,7.2,6.1,5.4,3,6.2,3.116666667,30.51620931,POGR3,0.284290647,25.23646615,7.174491293
PSA1972,6/9/2014,PSA1972#2,,120,POGR,0.94,5.4,5.5,5.8,2,5.6,2.783333333,24.33774375,POGR2,0.377954178,22.7511522,8.598893025
PSA1972,6/9/2014,PSA1972#2,,120,POGR,1.03,5.4,5.4,5.0,4,5.3,2.633333333,21.78519972,POGR4,0.267329766,22.73717211,6.078322889
PSA1972,6/9/2014,PSA1972#2,,120,POGR,1.11,5.4,8.3,5.0,5,6.2,3.116666667,30.51620931,POGR5,0.067965232,40.4308052,2.747889051
PSA1972,6/9/2014,PSA1972#2,,120,POGR,0.31,6.4,6.9,6.0,5,6.4,3.216666667,32.50588465,POGR5,0.067965232,10.458807,0.710835243
PSA1972,6/9/2014,PSA1972#2,,120,POGR,1.99,5.0,5.5,5.0,4,5.2,2.583333333,20.96576764,POGR4,0.267329766,43.11115969,11.52489621
PSA1972,6/9/2014,PSA1972#2,,120,POGR,2.23,5.2,5.0,5.0,4,5.1,2.533333333,20.16204352,POGR4,0.267329766,44.67334281,11.94251426
PSA1972,6/9/2014,PSA1972#2,,240,Stump - POGR,1.16,10.6,9.0,8.4,3,9.3,4.666666667,68.41690668,Stump - POGR3,0.284290647,52.4695715,14.91660844
PSA1972,6/9/2014,PSA1972#3,,0,?,0.61,6.0,5.2,5.0,3,5.4,2.7,22.90221044,?3,0.335621703,13.75635355,4.616930811
PSA1972,6/9/2014,PSA1972#3,,240,?,0.94,5.3,5.5,5.7,3,5.5,2.75,23.75829444,?3,0.335621703,22.34264043,7.498675039
PSA1972,6/9/2014,PSA1972#3,,240,ACRU,2.17,7.0,8.2,9.5,2,8.2,4.116666667,53.24039617,ACRU2,0.409,116.1859269,47.5200441
PSA1972,6/9/2014,PSA1972#3,,0,PIST,0.64,14.6,11.4,6.5,5,10.8,5.416666667,92.17520112,PIST5,0.067965232,63.32361704,4.303804316
PSA1972,6/9/2014,PSA1972#3,,0,POGR,2.45,5.0,5.4,5.4,1,5.3,2.633333333,21.78519972,POGR1,0.598686865,54.08356473,32.3791198
PSA1972,6/9/2014,PSA1972#3,,0,POGR,1.48,5.4,6.3,6.6,1,6.1,3.05,29.22466566,POGR1,0.598686865,44.11267325,26.40967804
PSA1972,6/9/2014,PSA1972#3,,0,POGR,0.76,6.3,7.0,8.4,1,7.2,3.616666667,41.09290457,POGR1,0.598686865,30.95437422,18.53197725
PSA1972,6/9/2014,PSA1972#3,,0,POGR,1.63,5.4,6.5,5.0,4,5.6,2.816666667,24.92417438,POGR4,0.267329766,44.00897451,11.76490884
PSA1972,6/9/2014,PSA1972#3,,120,POGR,0.72,5.3,5.9,6.0,3,5.7,2.866666667,25.8169103,POGR3,0.284290647,18.88537008,5.368934081
PSA1972,6/9/2014,PSA1972#3,,120,POGR,0.88,5.8,6.8,6.6,3,6.4,3.2,32.16990877,POGR3,0.284290647,29.25869958,8.317974639
PSA1972,6/9/2014,PSA1972#3,,120,POGR,0.81,6.3,6.3,5.1,4,5.9,2.95,27.33971007,POGR4,0.267329766,22.99763632,6.147952726
PSA1972,6/9/2014,PSA1972#3,,120,POGR,1.03,7.6,6.9,6.3,3,6.9,3.466666667,37.75496238,POGR3,0.284290647,38.90828468,11.06126143
PSA1972,6/9/2014,PSA1972#3,,120,Stump - BEPA,0.23,8.5,5.5,5.1,4,6.4,3.183333333,31.83567822,Stump - BEPA4,,7.031774477,0
PSA1972,6/9/2014,PSA1972#3,,120,Stump - BEPA,0.44,7.3,5.2,5.0,3,5.8,2.916666667,26.72535417,Stump - BEPA3,0.284290647,7.936710241,2.256332491
PSA1972,6/9/2014,PSA1972#3,,240,Stump - PIST,0.73,38.0,49.5,69.5,3,52.3,26.16666667,2151.031037,Stump - PIST3,0.284290647,807.9743518,229.6995514
,,,,,,,,,,,,,,,,,
